Date;Open;High;Low;Volume;Close;Precio de cierre del dia siguiente
25/02/2002;0,978;1,016;0,978;2452314;1,016;1,049
26/02/2002;1,01;1,052;1,003;28467421;1,049;1,047
27/02/2002;1,05;1,052;1,032;9613757;1,047;1,034
28/02/2002;1,038;1,038;1,033;13520310;1,034;1,011
1/03/2002;1,032;1,032;0,998;3570432;1,011;1,019
4/03/2002;1,016;1,019;1,005;720260;1,019;0,966
5/03/2002;1,016;1,018;0,963;2850172;0,966;0,956
6/03/2002;0,951;0,96;0,939;2239666;0,956;0,97
7/03/2002;0,975;0,975;0,96;1546844;0,97;0,969
8/03/2002;0,973;0,973;0,964;463024;0,969;0,963
11/03/2002;0,973;0,973;0,957;2184789;0,963;0,983
12/03/2002;0,964;0,983;0,962;2033877;0,983;0,978
13/03/2002;0,981;0,997;0,975;2256815;0,978;0,985
14/03/2002;0,978;0,985;0,976;1718335;0,985;0,99
15/03/2002;0,967;0,991;0,963;1385643;0,99;1,002
18/03/2002;1,002;1,003;0,988;905470;1,002;0,997
19/03/2002;0,996;1,004;0,996;288104;0,997;0,997
20/03/2002;1;1;0,992;2267104;0,997;0,961
21/03/2002;0,981;0,981;0,957;2510621;0,961;0,955
22/03/2002;0,949;0,955;0,946;3992299;0,955;0,949
25/03/2002;0,949;0,954;0,949;902040;0,949;0,959
26/03/2002;0,954;0,963;0,954;1471388;0,959;0,975
27/03/2002;0,958;0,975;0,958;205789;0,975;0,966
28/03/2002;0,981;0,981;0,958;1666888;0,966;0,992
1/04/2002;0,963;0,992;0,963;133763;0,992;0,98
2/04/2002;0,981;1;0,978;1951562;0,98;0,944
3/04/2002;0,986;0,986;0,944;1536555;0,944;0,973
4/04/2002;0,941;0,973;0,941;5453398;0,973;0,982
5/04/2002;0,97;0,986;0,97;1989290;0,982;0,984
8/04/2002;0,969;0,984;0,969;1131837;0,984;1,015
9/04/2002;0,987;1,021;0,987;1341056;1,015;1,053
10/04/2002;1,015;1,054;1,015;2747278;1,053;1,04
11/04/2002;1,055;1,059;1,04;4352429;1,04;1,031
12/04/2002;1,04;1,04;1,026;641374;1,031;0,993
15/04/2002;1,014;1,014;0,992;545340;0,993;0,975
16/04/2002;1;1;0,961;4386727;0,975;0,975
17/04/2002;0,976;0,99;0,975;1011794;0,975;0,975
18/04/2002;0,975;0,98;0,961;1906974;0,975;0,978
19/04/2002;0,975;0,978;0,97;2949636;0,978;0,969
22/04/2002;0,97;0,973;0,96;6266263;0,969;0,966
23/04/2002;0,967;0,972;0,966;6880198;0,966;0,964
24/04/2002;0,968;0,968;0,961;99464;0,964;0,945
25/04/2002;0,944;0,946;0,941;2692401;0,945;0,943
26/04/2002;0,957;0,957;0,94;2853602;0,943;0,949
29/04/2002;0,945;0,949;0,941;1028943;0,949;0,961
30/04/2002;0,954;0,966;0,954;2119622;0,961;0,96
1/05/2002;0,962;0,962;0,96;360130;0,96;0,925
2/05/2002;0,945;0,945;0,925;1714905;0,925;0,901
3/05/2002;0,925;0,925;0,891;4664541;0,901;0,891
6/05/2002;0,873;0,892;0,866;1879536;0,891;0,895
7/05/2002;0,897;0,905;0,893;1035803;0,895;0,909
8/05/2002;0,895;0,913;0,895;4201517;0,909;0,858
9/05/2002;0,905;0,905;0,858;1738914;0,858;0,851
10/05/2002;0,861;0,861;0,833;1855527;0,851;0,814
13/05/2002;0,85;0,85;0,814;1142127;0,814;0,82
14/05/2002;0,816;0,823;0,816;2699260;0,82;0,85
15/05/2002;0,819;0,852;0,817;3875685;0,85;0,879
16/05/2002;0,86;0,883;0,86;2819304;0,879;0,87
17/05/2002;0,873;0,876;0,862;3069680;0,87;0,864
20/05/2002;0,876;0,876;0,861;2366569;0,864;0,866
21/05/2002;0,869;0,872;0,866;3501836;0,866;0,845
22/05/2002;0,863;0,867;0,845;2860461;0,845;0,851
23/05/2002;0,838;0,851;0,837;2277394;0,851;0,847
24/05/2002;0,845;0,85;0,839;353270;0,847;0,836
28/05/2002;0,847;0,847;0,833;4798304;0,836;0,852
29/05/2002;0,838;0,852;0,837;1159276;0,852;0,857
30/05/2002;0,856;0,857;0,856;20579;0,857;0,837
31/05/2002;0,85;0,85;0,836;411577;0,837;0,834
3/06/2002;0,837;0,84;0,831;3639028;0,834;0,81
4/06/2002;0,826;0,826;0,809;2229376;0,81;0,793
5/06/2002;0,807;0,807;0,788;1485108;0,793;0,731
6/06/2002;0,769;0,771;0,731;2788435;0,731;0,742
7/06/2002;0,727;0,744;0,718;1488537;0,742;0,78
10/06/2002;0,75;0,782;0,75;1354775;0,78;0,745
11/06/2002;0,773;0,773;0,745;2884470;0,745;0,708
12/06/2002;0,739;0,744;0,702;2099044;0,708;0,72
13/06/2002;0,732;0,763;0,72;2023588;0,72;0,686
14/06/2002;0,707;0,707;0,685;6499490;0,686;0,716
17/06/2002;0,681;0,718;0,679;2709550;0,716;0,722
18/06/2002;0,72;0,727;0,717;1570853;0,722;0,685
19/06/2002;0,714;0,722;0,685;1701186;0,685;0,64
20/06/2002;0,685;0,685;0,64;2037307;0,64;0,621
21/06/2002;0,646;0,646;0,61;13352250;0,621;0,649
24/06/2002;0,632;0,65;0,621;1872676;0,649;0,673
25/06/2002;0,649;0,679;0,649;1560563;0,673;0,651
26/06/2002;0,667;0,667;0,647;1831518;0,651;0,664
27/06/2002;0,656;0,664;0,656;1735484;0,664;0,674
28/06/2002;0,668;0,681;0,668;1032373;0,674;0,662
1/07/2002;0,678;0,68;0,662;487033;0,662;0,666
2/07/2002;0,646;0,666;0,645;2510621;0,666;0,66
3/07/2002;0,667;0,681;0,656;2068175;0,66;0,626
5/07/2002;0,644;0,648;0,626;994645;0,626;0,643
8/07/2002;0,632;0,647;0,632;589927;0,643;0,651
9/07/2002;0,647;0,651;0,647;833444;0,651;0,639
10/07/2002;0,654;0,654;0,636;2232806;0,639;0,667
11/07/2002;0,64;0,667;0,64;2229376;0,667;0,691
12/07/2002;0,672;0,691;0,672;1793791;0,691;0,674
15/07/2002;0,684;0,684;0,667;974066;0,674;0,679
16/07/2002;0,68;0,68;0,674;1289608;0,679;0,686
17/07/2002;0,681;0,686;0,679;624225;0,686;0,713
18/07/2002;0,686;0,713;0,686;668813;0,713;0,703
19/07/2002;0,712;0,713;0,699;939768;0,703;0,651
22/07/2002;0,685;0,692;0,651;1920693;0,651;0,618
23/07/2002;0,638;0,638;0,614;888321;0,618;0,606
24/07/2002;0,596;0,606;0,588;6283412;0,606;0,539
25/07/2002;0,588;0,588;0,537;18428368;0,539;0,508
26/07/2002;0,535;0,535;0,495;7874843;0,508;0,46
29/07/2002;0,518;0,518;0,46;10958242;0,46;0,416
30/07/2002;0,457;0,457;0,4;23164935;0,416;0,428
31/07/2002;0,436;0,439;0,411;11822554;0,428;0,467
1/08/2002;0,437;0,478;0,429;9908721;0,467;0,533
2/08/2002;0,504;0,533;0,499;10858778;0,533;0,491
5/08/2002;0,527;0,53;0,491;6290271;0,491;0,531
6/08/2002;0,503;0,532;0,502;4403876;0,531;0,584
7/08/2002;0,551;0,591;0,551;2428305;0,584;0,614
8/08/2002;0,668;0,668;0,614;8049764;0,614;0,559
9/08/2002;0,606;0,606;0,556;5305916;0,559;0,501
12/08/2002;0,535;0,535;0,488;4204947;0,501;0,477
13/08/2002;0,47;0,484;0,464;10104220;0,477;0,461
14/08/2002;0,486;0,486;0,432;16295026;0,461;0,453
15/08/2002;0,476;0,476;0,448;8344727;0,453;0,47
16/08/2002;0,461;0,472;0,457;10913655;0,47;0,478
19/08/2002;0,467;0,5;0,464;6303990;0,478;0,468
20/08/2002;0,487;0,487;0,465;3350924;0,468;0,48
21/08/2002;0,477;0,49;0,475;6400025;0,48;0,496
22/08/2002;0,479;0,496;0,476;1862387;0,496;0,501
23/08/2002;0,492;0,509;0,492;1598291;0,501;0,538
26/08/2002;0,511;0,542;0,511;1766352;0,538;0,551
27/08/2002;0,556;0,571;0,538;5340214;0,551;0,548
28/08/2002;0,547;0,553;0,539;1570853;0,548;0,562
29/08/2002;0,516;0,562;0,516;3134846;0,562;0,586
30/08/2002;0,567;0,586;0,565;1512546;0,586;0,56
3/09/2002;0,557;0,563;0,551;6249113;0,56;0,547
4/09/2002;0,542;0,554;0,542;5851256;0,547;0,526
5/09/2002;0,53;0,53;0,523;4561647;0,526;0,507
6/09/2002;0,527;0,527;0,507;1423371;0,507;0,523
9/09/2002;0,51;0,525;0,51;528191;0,523;0,529
10/09/2002;0,528;0,539;0,523;2582647;0,529;0,555
11/09/2002;0,542;0,555;0,542;675673;0,555;0,548
12/09/2002;0,541;0,55;0,541;884891;0,548;0,545
13/09/2002;0,543;0,545;0,542;192069;0,545;0,511
16/09/2002;0,531;0,533;0,51;764848;0,511;0,488
17/09/2002;0,513;0,514;0,488;2105903;0,488;0,458
18/09/2002;0,47;0,47;0,455;3045671;0,458;0,45
19/09/2002;0,46;0,46;0,45;1190144;0,45;0,473
20/09/2002;0,458;0,474;0,448;4822313;0,473;0,422
23/09/2002;0,44;0,44;0,419;3817378;0,422;0,397
24/09/2002;0,415;0,415;0,396;4438174;0,397;0,4
25/09/2002;0,396;0,409;0,393;8166377;0,4;0,38
26/09/2002;0,4;0,4;0,377;2634094;0,38;0,354
27/09/2002;0,362;0,364;0,352;4421025;0,354;0,377
30/09/2002;0,349;0,383;0,343;2277394;0,377;0,427
1/10/2002;0,383;0,429;0,383;5786089;0,427;0,419
2/10/2002;0,433;0,449;0,417;6842471;0,419;0,437
3/10/2002;0,421;0,441;0,414;7792528;0,437;0,433
4/10/2002;0,438;0,443;0,431;4863470;0,433;0,409
7/10/2002;0,419;0,419;0,402;5480836;0,409;0,405
8/10/2002;0,408;0,409;0,396;3402371;0,405;0,373
9/10/2002;0,377;0,378;0,372;1118118;0,373;0,367
10/10/2002;0,375;0,379;0,367;401288;0,367;0,381
11/10/2002;0,372;0,389;0,372;1430231;0,381;0,373
14/10/2002;0,373;0,376;0,364;943198;0,373;0,368
15/10/2002;0,376;0,385;0,356;1347915;0,368;0,359
16/10/2002;0,365;0,366;0,356;2610085;0,359;0,391
17/10/2002;0,371;0,395;0,371;411577;0,391;0,386
18/10/2002;0,392;0,412;0,379;2418016;0,386;0,383
21/10/2002;0,385;0,385;0,378;469884;0,383;0,39
22/10/2002;0,374;0,39;0,374;9322223;0,39;0,434
23/10/2002;0,392;0,434;0,392;9349662;0,434;0,459
24/10/2002;0,441;0,474;0,441;19491609;0,459;0,485
25/10/2002;0,455;0,489;0,451;11849993;0,485;0,465
28/10/2002;0,486;0,492;0,461;14072510;0,465;0,466
29/10/2002;0,464;0,466;0,459;3124557;0,466;0,51
30/10/2002;0,479;0,521;0,479;7346653;0,51;0,534
31/10/2002;0,527;0,536;0,527;15804564;0,534;0,532
1/11/2002;0,529;0,535;0,526;3045671;0,532;0,529
4/11/2002;0,542;0,554;0,512;6057044;0,529;0,505
5/11/2002;0,516;0,516;0,501;2081895;0,505;0,471
6/11/2002;0,498;0,498;0,467;4235815;0,471;0,495
7/11/2002;0,487;0,497;0,482;2081895;0,495;0,504
8/11/2002;0,506;0,517;0,503;2750707;0,504;0,515
11/11/2002;0,525;0,525;0,515;195499;0,515;0,513
12/11/2002;0,518;0,525;0,513;7693063;0,513;0,492
13/11/2002;0,502;0,502;0,489;7538722;0,492;0,496
14/11/2002;0,482;0,496;0,477;6540647;0,496;0,495
15/11/2002;0,479;0,497;0,479;617366;0,495;0,513
18/11/2002;0,503;0,515;0,502;5007522;0,513;0,508
19/11/2002;0,502;0,508;0,496;4808593;0,508;0,514
20/11/2002;0,501;0,515;0,499;5576871;0,514;0,523
21/11/2002;0,514;0,529;0,513;3151995;0,523;0,508
22/11/2002;0,501;0,508;0,5;3697335;0,508;0,507
25/11/2002;0,508;0,511;0,504;929478;0,507;0,5
26/11/2002;0,503;0,503;0,496;2658103;0,5;0,501
27/11/2002;0,516;0,516;0,5;1821229;0,501;0,505
29/11/2002;0,501;0,506;0,498;1066671;0,505;0,535
2/12/2002;0,523;0,535;0,521;4517060;0,535;0,508
3/12/2002;0,513;0,521;0,508;895180;0,508;0,502
4/12/2002;0,494;0,503;0,491;1368494;0,502;0,477
5/12/2002;0,489;0,489;0,476;1793791;0,477;0,499
6/12/2002;0,486;0,499;0,486;1313617;0,499;0,482
9/12/2002;0,473;0,482;0,471;1879536;0,482;0,477
10/12/2002;0,482;0,483;0,477;2589506;0,477;0,503
11/12/2002;0,491;0,503;0,489;1550274;0,503;0,509
12/12/2002;0,505;0,514;0,503;4355858;0,509;0,503
13/12/2002;0,498;0,508;0,498;2023588;0,503;0,528
16/12/2002;0,506;0,529;0,506;9943019;0,528;0,529
17/12/2002;0,53;0,542;0,528;9126724;0,529;0,551
18/12/2002;0,533;0,553;0,531;4228955;0,551;0,592
19/12/2002;0,548;0,592;0,548;6396595;0,592;0,603
20/12/2002;0,606;0,611;0,597;11952887;0,603;0,59
23/12/2002;0,603;0,607;0,59;7929720;0,59;0,589
24/12/2002;0,584;0,595;0,584;270955;0,589;0,562
26/12/2002;0,573;0,573;0,561;198929;0,562;0,568
27/12/2002;0,573;0,575;0,567;819725;0,568;0,58
30/12/2002;0,58;0,58;0,574;703111;0,58;0,573
31/12/2002;0,575;0,575;0,567;795716;0,573;0,581
2/01/2003;0,573;0,584;0,573;579638;0,581;0,597
3/01/2003;0,59;0,597;0,59;2027018;0,597;0,636
6/01/2003;0,62;0,638;0,62;2826163;0,636;0,629
7/01/2003;0,637;0,642;0,629;1972141;0,629;0,609
8/01/2003;0,62;0,621;0,609;5350503;0,609;0,618
9/01/2003;0,614;0,622;0,614;6979663;0,618;0,622
10/01/2003;0,622;0,629;0,621;9696072;0,622;0,624
13/01/2003;0,626;0,626;0,622;3316626;0,624;0,629
14/01/2003;0,626;0,629;0,621;2682111;0,629;0,614
15/01/2003;0,616;0,616;0,609;5017812;0,614;0,626
16/01/2003;0,619;0,633;0,619;1491967;0,626;0,606
17/01/2003;0,607;0,61;0,606;3505266;0,606;0,561
21/01/2003;0,571;0,571;0,559;4228955;0,561;0,517
22/01/2003;0,545;0,546;0,517;6201096;0,517;0,518
23/01/2003;0,525;0,527;0,518;7843975;0,518;0,512
24/01/2003;0,508;0,512;0,501;9696072;0,512;0,503
27/01/2003;0,502;0,509;0,5;4774295;0,503;0,505
28/01/2003;0,506;0,509;0,501;6163368;0,505;0,525
29/01/2003;0,497;0,529;0,496;1382213;0,525;0,529
30/01/2003;0,532;0,535;0,524;4678261;0,529;0,532
31/01/2003;0,528;0,535;0,526;2548349;0,532;0,553
3/02/2003;0,535;0,553;0,531;4252964;0,553;0,539
4/02/2003;0,538;0,547;0,536;4623384;0,539;0,535
5/02/2003;0,537;0,538;0,532;1224442;0,535;0,528
6/02/2003;0,52;0,529;0,518;2006439;0,528;0,521
7/02/2003;0,529;0,529;0,518;150912;0,521;0,523
10/02/2003;0,52;0,527;0,52;1197004;0,523;0,535
11/02/2003;0,524;0,544;0,524;1392503;0,535;0,54
12/02/2003;0,536;0,541;0,535;812865;0,54;0,525
13/02/2003;0,517;0,525;0,513;3988869;0,525;0,513
14/02/2003;0,517;0,517;0,508;1941272;0,513;0,526
18/02/2003;0,515;0,529;0,515;1732054;0,526;0,505
19/02/2003;0,526;0,526;0,501;1852097;0,505;0,513
20/02/2003;0,509;0,515;0,503;1073530;0,513;0,509
21/02/2003;0,512;0,513;0,506;3553283;0,509;0,503
24/02/2003;0,51;0,513;0,502;507612;0,503;0,503
25/02/2003;0,496;0,503;0,494;1979000;0,503;0,505
26/02/2003;0,505;0,513;0,503;1042662;0,505;0,514
27/02/2003;0,5;0,519;0,499;1584572;0,514;0,528
28/02/2003;0,515;0,528;0,515;2263674;0,528;0,552
3/03/2003;0,534;0,553;0,534;1841808;0,552;0,537
4/03/2003;0,533;0,542;0,533;905470;0,537;0,536
5/03/2003;0,535;0,536;0,527;699681;0,536;0,579
6/03/2003;0,541;0,579;0,541;5089838;0,579;0,573
7/03/2003;0,564;0,574;0,564;3141706;0,573;0,569
10/03/2003;0,553;0,575;0,553;7031110;0,569;0,577
11/03/2003;0,572;0,583;0,571;5772370;0,577;0,581
12/03/2003;0,567;0,581;0,566;3769361;0,581;0,607
13/03/2003;0,588;0,612;0,588;5326495;0,607;0,612
14/03/2003;0,618;0,621;0,608;4036886;0,612;0,608
17/03/2003;0,59;0,616;0,59;3145136;0,608;0,621
18/03/2003;0,611;0,624;0,608;3560143;0,621;0,619
19/03/2003;0,612;0,621;0,61;5700344;0,619;0,616
20/03/2003;0,612;0,619;0,609;1951562;0,616;0,653
21/03/2003;0,626;0,654;0,623;3587581;0,653;0,648
24/03/2003;0,645;0,655;0,645;9106145;0,648;0,654
25/03/2003;0,642;0,656;0,64;3378363;0,654;0,657
26/03/2003;0,65;0,662;0,645;4232385;0,657;0,657
27/03/2003;0,638;0,658;0,636;4078044;0,657;0,655
28/03/2003;0,661;0,661;0,654;4088333;0,655;0,652
31/03/2003;0,657;0,661;0,647;1954992;0,652;0,662
1/04/2003;0,659;0,667;0,659;4235815;0,662;0,677
2/04/2003;0,674;0,681;0,667;4304411;0,677;0,673
3/04/2003;0,672;0,675;0,655;4921777;0,673;0,714
4/04/2003;0,675;0,714;0,673;8914076;0,714;0,75
7/04/2003;0,731;0,761;0,731;7569590;0,75;0,722
8/04/2003;0,75;0,752;0,72;7346653;0,722;0,709
9/04/2003;0,72;0,723;0,708;6197666;0,709;0,673
10/04/2003;0,699;0,704;0,669;7391240;0,673;0,687
11/04/2003;0,686;0,695;0,669;3470968;0,687;0,7
14/04/2003;0,687;0,7;0,684;1330766;0,7;0,731
15/04/2003;0,702;0,734;0,699;1697756;0,731;0,726
16/04/2003;0,737;0,743;0,726;4506770;0,726;0,746
17/04/2003;0,742;0,755;0,742;2232806;0,746;0,738
21/04/2003;0,746;0,755;0,738;109754;0,738;0,763
22/04/2003;0,734;0,764;0,728;6595524;0,763;0,791
23/04/2003;0,775;0,796;0,773;8488779;0,791;0,775
24/04/2003;0,786;0,79;0,773;10779892;0,775;0,779
25/04/2003;0,774;0,782;0,763;6063904;0,779;0,804
28/04/2003;0,771;0,805;0,766;881461;0,804;0,824
29/04/2003;0,825;0,832;0,819;8118360;0,824;0,802
30/04/2003;0,826;0,828;0,797;4122631;0,802;0,802
1/05/2003;0,804;0,808;0,799;881461;0,802;0,778
2/05/2003;0,803;0,811;0,773;4431314;0,778;0,774
5/05/2003;0,784;0,792;0,766;3045671;0,774;0,77
6/05/2003;0,777;0,781;0,764;9658344;0,77;0,811
7/05/2003;0,78;0,812;0,779;4733138;0,811;0,81
8/05/2003;0,813;0,823;0,802;6842471;0,81;0,826
9/05/2003;0,819;0,831;0,814;7223179;0,826;0,838
12/05/2003;0,813;0,842;0,813;1677177;0,838;0,85
13/05/2003;0,837;0,879;0,837;9143873;0,85;0,839
14/05/2003;0,85;0,866;0,839;3724773;0,839;0,811
15/05/2003;0,83;0,836;0,809;13534030;0,811;0,826
16/05/2003;0,807;0,826;0,789;5031531;0,826;0,783
19/05/2003;0,807;0,815;0,783;4218666;0,783;0,768
20/05/2003;0,783;0,786;0,757;4788014;0,768;0,802
21/05/2003;0,768;0,805;0,768;3031952;0,802;0,813
22/05/2003;0,805;0,818;0,799;2109333;0,813;0,843
23/05/2003;0,81;0,85;0,81;2994224;0,843;0,821
27/05/2003;0,793;0,824;0,793;6369157;0,821;0,826
28/05/2003;0,826;0,832;0,813;5329924;0,826;0,844
29/05/2003;0,831;0,85;0,831;3899694;0,844;0,828
30/05/2003;0,835;0,837;0,814;2963356;0,828;0,809
2/06/2003;0,811;0,817;0,802;3323486;0,809;0,81
3/06/2003;0,804;0,81;0,795;1546844;0,81;0,831
4/06/2003;0,822;0,842;0,817;1972141;0,831;0,84
5/06/2003;0,826;0,84;0,826;1368494;0,84;0,837
6/06/2003;0,857;0,86;0,822;5621458;0,837;0,836
9/06/2003;0,83;0,845;0,827;2171070;0,836;0,839
10/06/2003;0,846;0,854;0,836;2160780;0,839;0,833
11/06/2003;0,836;0,836;0,823;1577713;0,833;0,841
12/06/2003;0,833;0,842;0,828;936338;0,841;0,838
13/06/2003;0,848;0,848;0,824;7727362;0,838;0,83
16/06/2003;0,833;0,838;0,826;1882966;0,83;0,826
17/06/2003;0,83;0,839;0,826;1104399;0,826;0,815
18/06/2003;0,822;0,828;0,81;3896264;0,815;0,814
19/06/2003;0,815;0,821;0,814;747699;0,814;0,815
20/06/2003;0,798;0,825;0,798;1131837;0,815;0,83
23/06/2003;0,818;0,833;0,818;3001084;0,83;0,816
24/06/2003;0,833;0,837;0,814;3810519;0,816;0,825
25/06/2003;0,819;0,832;0,819;3546423;0,825;0,814
26/06/2003;0,822;0,826;0,813;7003672;0,814;0,806
27/06/2003;0,815;0,821;0,802;4081474;0,806;0,816
30/06/2003;0,806;0,816;0,8;3923702;0,816;0,819
1/07/2003;0,808;0,819;0,801;4695410;0,819;0,828
2/07/2003;0,821;0,835;0,821;2253385;0,828;0,817
3/07/2003;0,821;0,822;0,813;1687466;0,817;0,786
7/07/2003;0,802;0,807;0,784;4246105;0,786;0,797
8/07/2003;0,791;0,802;0,787;2887900;0,797;0,798
9/07/2003;0,797;0,799;0,794;1056381;0,798;0,783
10/07/2003;0,794;0,796;0,78;6303990;0,783;0,785
11/07/2003;0,781;0,787;0,779;4222096;0,785;0,821
14/07/2003;0,786;0,821;0,786;2647813;0,821;0,831
15/07/2003;0,827;0,831;0,822;6640112;0,831;0,826
16/07/2003;0,825;0,829;0,815;4770865;0,826;0,825
17/07/2003;0,832;0,833;0,822;5470547;0,825;0,815
18/07/2003;0,822;0,824;0,814;3299477;0,815;0,822
21/07/2003;0,817;0,823;0,817;3007943;0,822;0,834
22/07/2003;0,823;0,837;0,822;3196583;0,834;0,859
23/07/2003;0,832;0,861;0,832;9798967;0,859;0,872
24/07/2003;0,86;0,881;0,853;5100127;0,872;0,882
25/07/2003;0,875;0,889;0,865;4174079;0,882;0,891
28/07/2003;0,882;0,898;0,882;5480836;0,891;0,875
29/07/2003;0,885;0,885;0,87;5120706;0,875;0,843
30/07/2003;0,866;0,866;0,834;4904628;0,843;0,862
31/07/2003;0,846;0,865;0,839;6955654;0,862;0,846
1/08/2003;0,851;0,862;0,845;9161022;0,846;0,808
4/08/2003;0,815;0,819;0,79;9932729;0,808;0,826
5/08/2003;0,821;0,832;0,821;6780734;0,826;0,809
6/08/2003;0,824;0,827;0,803;5007522;0,809;0,844
7/08/2003;0,815;0,847;0,815;5720923;0,844;0,868
8/08/2003;0,855;0,873;0,855;8056623;0,868;0,85
11/08/2003;0,869;0,869;0,844;3704195;0,85;0,83
12/08/2003;0,85;0,85;0,83;5425959;0,83;0,825
13/08/2003;0,826;0,837;0,819;6420604;0,825;0,849
14/08/2003;0,826;0,849;0,822;1694326;0,849;0,853
15/08/2003;0,855;0,863;0,852;1876106;0,853;0,848
18/08/2003;0,868;0,868;0,842;5374512;0,848;0,854
19/08/2003;0,842;0,855;0,842;6506349;0,854;0,861
20/08/2003;0,846;0,866;0,839;2788435;0,861;0,887
21/08/2003;0,862;0,887;0,858;6403455;0,887;0,884
22/08/2003;0,893;0,893;0,876;5137855;0,884;0,869
25/08/2003;0,886;0,891;0,867;3755642;0,869;0,884
26/08/2003;0,863;0,886;0,861;1858957;0,884;0,934
27/08/2003;0,892;0,934;0,892;8403034;0,934;0,93
28/08/2003;0,933;0,949;0,921;3776221;0,93;0,912
29/08/2003;0,911;0,918;0,908;3659607;0,912;0,923
2/09/2003;0,921;0,925;0,916;3951141;0,923;0,94
3/09/2003;0,924;0,943;0,923;7689634;0,94;0,966
4/09/2003;0,933;0,967;0,933;3254890;0,966;0,992
5/09/2003;0,963;1,013;0,962;9311934;0,992;0,96
8/09/2003;0,985;0,991;0,956;5518564;0,96;0,93
9/09/2003;0,954;0,958;0,923;3412661;0,93;0,959
10/09/2003;0,927;0,966;0,921;2750707;0,959;0,963
11/09/2003;0,975;0,983;0,962;4324990;0,963;0,955
12/09/2003;0,972;0,972;0,951;2987364;0,955;0,947
15/09/2003;0,956;0,957;0,944;1608581;0,947;0,927
16/09/2003;0,947;0,947;0,917;3745352;0,927;0,923
17/09/2003;0,927;0,933;0,919;5607739;0,923;0,931
18/09/2003;0,941;0,941;0,923;5213311;0,931;0,929
19/09/2003;0,934;0,934;0,924;6149649;0,929;0,92
22/09/2003;0,934;0,935;0,919;2184789;0,92;0,908
23/09/2003;0,918;0,918;0,896;2884470;0,908;0,894
24/09/2003;0,909;0,911;0,893;6269692;0,894;0,862
25/09/2003;0,907;0,907;0,862;2908479;0,862;0,864
26/09/2003;0,868;0,882;0,858;11404118;0,864;0,867
29/09/2003;0,869;0,87;0,862;3330345;0,867;0,872
30/09/2003;0,873;0,878;0,855;4438174;0,872;0,903
1/10/2003;0,87;0,934;0,87;12011194;0,903;0,913
2/10/2003;0,908;0,92;0,898;7404959;0,913;0,935
3/10/2003;0,927;0,952;0,925;5906132;0,935;0,928
6/10/2003;0,941;0,941;0,928;3491546;0,928;0,955
7/10/2003;0,931;0,957;0,93;6667550;0,955;0,968
8/10/2003;0,975;0,986;0,968;7771949;0,968;0,967
9/10/2003;0,972;0,975;0,959;5648897;0,967;0,95
10/10/2003;0,951;0,957;0,947;2791865;0,95;0,973
13/10/2003;0,95;0,973;0,95;2064746;0,973;0,968
14/10/2003;0,958;0,968;0,958;1684037;0,968;0,957
15/10/2003;0,963;0,967;0,95;2723269;0,957;0,966
16/10/2003;0,958;0,978;0,956;2438595;0,966;0,973
17/10/2003;0,966;0,976;0,96;3306337;0,973;0,98
20/10/2003;0,966;0,981;0,96;4794874;0,98;0,992
21/10/2003;0,982;0,994;0,982;5439678;0,992;0,97
22/10/2003;0,992;0,992;0,97;3018233;0,97;0,952
23/10/2003;0,949;0,952;0,946;1361634;0,952;0,963
24/10/2003;0,947;0,966;0,936;3450389;0,963;0,984
27/10/2003;0,962;0,984;0,96;1814369;0,984;1,005
28/10/2003;0,984;1,007;0,98;2877610;1,005;0,979
29/10/2003;0,99;1,006;0,979;4126061;0,979;0,981
30/10/2003;0,983;0,983;0,957;2630664;0,981;0,984
31/10/2003;0,981;0,987;0,963;6211386;0,984;1,017
3/11/2003;0,997;1,025;0,997;8042904;1,017;1,019
4/11/2003;1,019;1,034;1,014;3004513;1,019;0,993
5/11/2003;1,011;1,013;0,992;4884049;0,993;0,986
6/11/2003;0,992;0,997;0,975;5916422;0,986;0,983
7/11/2003;0,993;0,994;0,983;3422950;0,983;0,963
10/11/2003;0,969;0,969;0,961;1478248;0,963;0,977
11/11/2003;0,958;0,982;0,954;2294543;0,977;0,986
12/11/2003;0,975;0,991;0,972;2658103;0,986;0,951
13/11/2003;0,974;0,974;0,949;3045671;0,951;0,959
14/11/2003;0,954;0,965;0,952;3206872;0,959;0,937
17/11/2003;0,945;0,949;0,932;1269030;0,937;0,93
18/11/2003;0,946;0,952;0,925;2606655;0,93;0,946
19/11/2003;0,933;0,949;0,928;2661532;0,946;0,943
20/11/2003;0,934;0,951;0,934;3639028;0,943;0,976
21/11/2003;0,951;0,977;0,951;2839883;0,976;0,987
24/11/2003;0,978;0,987;0,973;6327999;0,987;0,992
25/11/2003;0,986;0,994;0,982;6935075;0,992;0,994
26/11/2003;0,99;0,997;0,986;3669896;0,994;0,994
28/11/2003;0,997;0,998;0,991;2260245;0,994;1,014
1/12/2003;1;1,014;1;5014382;1,014;1,009
2/12/2003;1,004;1,01;1,003;3258319;1,009;1,026
3/12/2003;1,018;1,032;1,018;10111079;1,026;1,017
4/12/2003;1,021;1,026;1,016;9054698;1,017;1,054
5/12/2003;1,035;1,056;1,035;4167219;1,054;1,041
8/12/2003;1,053;1,054;1,041;1797220;1,041;1,051
9/12/2003;1,065;1,076;1,051;4918347;1,051;1,057
10/12/2003;1,059;1,063;1,05;3234311;1,057;1,099
11/12/2003;1,071;1,11;1,071;3909983;1,099;1,097
12/12/2003;1,106;1,116;1,096;4006018;1,097;1,099
15/12/2003;1,122;1,132;1,094;4938926;1,099;1,085
16/12/2003;1,092;1,096;1,071;2239666;1,085;1,107
17/12/2003;1,075;1,125;1,075;3289188;1,107;1,137
18/12/2003;1,11;1,142;1,11;1948132;1,137;1,157
19/12/2003;1,156;1,182;1,15;3196583;1,157;1,163
22/12/2003;1,163;1,176;1,161;1996149;1,163;1,18
23/12/2003;1,191;1,203;1,179;3313196;1,18;1,189
24/12/2003;1,195;1,195;1,185;264095;1,189;1,153
26/12/2003;1,192;1,192;1,151;1910404;1,153;1,196
29/12/2003;1,177;1,196;1,165;1742343;1,196;1,174
30/12/2003;1,198;1,198;1,173;1533125;1,174;1,174
31/12/2003;1,181;1,183;1,174;305253;1,174;1,174
2/01/2004;1,176;1,177;1,171;943198;1,174;1,274
5/01/2004;1,187;1,278;1,186;3834527;1,274;1,252
6/01/2004;1,264;1,271;1,25;2466033;1,252;1,288
7/01/2004;1,267;1,292;1,266;5350503;1,288;1,286
8/01/2004;1,276;1,295;1,274;3666467;1,286;1,28
9/01/2004;1,287;1,288;1,269;3213732;1,28;1,305
12/01/2004;1,283;1,307;1,282;4949216;1,305;1,307
13/01/2004;1,3;1,32;1,3;2548349;1,307;1,287
14/01/2004;1,309;1,32;1,264;9106145;1,287;1,229
15/01/2004;1,252;1,252;1,229;7662195;1,229;1,213
16/01/2004;1,199;1,217;1,186;4578796;1,213;1,226
20/01/2004;1,229;1,232;1,203;2603226;1,226;1,177
21/01/2004;1,173;1,181;1,162;5703774;1,177;1,219
22/01/2004;1,201;1,227;1,191;6787594;1,219;1,263
23/01/2004;1,223;1,273;1,223;3076539;1,263;1,28
26/01/2004;1,27;1,286;1,268;3354354;1,28;1,269
27/01/2004;1,259;1,283;1,256;2212227;1,269;1,205
28/01/2004;1,256;1,257;1,204;2490042;1,205;1,141
29/01/2004;1,194;1,2;1,12;9850414;1,141;1,17
30/01/2004;1,14;1,181;1,133;7717072;1,17;1,158
2/02/2004;1,156;1,168;1,138;7706783;1,158;1,18
3/02/2004;1,16;1,189;1,16;4818883;1,18;1,164
4/02/2004;1,18;1,185;1,164;5010952;1,164;1,141
5/02/2004;1,158;1,16;1,122;4228955;1,141;1,181
6/02/2004;1,13;1,197;1,128;5395091;1,181;1,179
9/02/2004;1,177;1,19;1,175;1972141;1,179;1,174
10/02/2004;1,173;1,177;1,151;3899694;1,174;1,231
11/02/2004;1,167;1,246;1,158;3172574;1,231;1,198
12/02/2004;1,232;1,232;1,196;3803659;1,198;1,177
13/02/2004;1,208;1,209;1,165;3450389;1,177;1,168
17/02/2004;1,182;1,192;1,166;4866900;1,168;1,192
18/02/2004;1,191;1,202;1,162;12477648;1,192;1,147
19/02/2004;1,165;1,175;1,14;6156509;1,147;1,134
20/02/2004;1,089;1,134;1,086;6087912;1,134;1,126
23/02/2004;1,138;1,153;1,121;1474818;1,126;1,121
24/02/2004;1,117;1,124;1,112;2085324;1,121;1,151
25/02/2004;1,115;1,167;1,115;4537638;1,151;1,133
26/02/2004;1,15;1,15;1,115;10344306;1,133;1,144
27/02/2004;1,135;1,15;1,133;3848247;1,144;1,202
1/03/2004;1,17;1,207;1,17;6502919;1,202;1,191
2/03/2004;1,173;1,206;1,164;3601300;1,191;1,204
3/03/2004;1,206;1,209;1,195;2287683;1,204;1,177
4/03/2004;1,198;1,198;1,177;3402371;1,177;1,191
5/03/2004;1,183;1,213;1,183;3086829;1,191;1,185
8/03/2004;1,214;1,215;1,185;4877190;1,185;1,187
9/03/2004;1,189;1,203;1,175;3028522;1,187;1,143
10/03/2004;1,181;1,181;1,139;2167640;1,143;1,104
11/03/2004;1,148;1,148;1,101;3055961;1,104;1,139
12/03/2004;1,104;1,139;1,103;5463687;1,139;1,118
15/03/2004;1,133;1,133;1,105;3114267;1,118;1,12
16/03/2004;1,125;1,133;1,118;2164210;1,12;1,132
17/03/2004;1,116;1,132;1,115;5089838;1,132;1,129
18/03/2004;1,126;1,133;1,117;10076781;1,129;1,127
19/03/2004;1,135;1,137;1,124;7610748;1,127;1,116
22/03/2004;1,12;1,12;1,097;1341056;1,116;1,082
23/03/2004;1,112;1,113;1,082;3172574;1,082;1,063
24/03/2004;1,082;1,082;1,053;2719839;1,063;1,034
25/03/2004;1,057;1,059;1,031;4863470;1,034;1,05
26/03/2004;1,038;1,054;1,035;3803659;1,05;1,086
29/03/2004;1,06;1,087;1,06;6475481;1,086;1,127
30/03/2004;1,094;1,129;1,093;5463687;1,127;1,126
31/03/2004;1,125;1,128;1,107;6225105;1,126;1,17
1/04/2004;1,151;1,17;1,141;6372587;1,17;1,185
2/04/2004;1,186;1,203;1,183;9143873;1,185;1,191
5/04/2004;1,181;1,192;1,181;3025092;1,191;1,194
6/04/2004;1,191;1,2;1,18;7103136;1,194;1,177
7/04/2004;1,175;1,191;1,17;14432640;1,177;1,162
8/04/2004;1,175;1,178;1,151;1169565;1,162;1,166
12/04/2004;1,165;1,17;1,151;2249955;1,166;1,153
13/04/2004;1,169;1,173;1,146;2815874;1,153;1,143
14/04/2004;1,142;1,158;1,133;5347073;1,143;1,098
15/04/2004;1,133;1,133;1,078;4743427;1,098;1,107
16/04/2004;1,1;1,116;1,099;3779650;1,107;1,11
19/04/2004;1,111;1,112;1,097;1478248;1,11;1,084
20/04/2004;1,11;1,11;1,084;2033877;1,084;1,065
21/04/2004;1,081;1,084;1,054;1437090;1,065;1,064
22/04/2004;1,078;1,078;1,047;4928637;1,064;1,067
23/04/2004;1,064;1,073;1,055;3546423;1,067;1,047
26/04/2004;1,07;1,071;1,046;1810940;1,047;1,039
27/04/2004;1,045;1,051;1,032;2363139;1,039;0,987
28/04/2004;1,023;1,023;0,982;7408389;0,987;0,943
29/04/2004;0,986;0,986;0,914;10196825;0,943;0,954
30/04/2004;0,953;0,97;0,931;7778809;0,954;0,952
3/05/2004;0,954;0,956;0,918;6616103;0,952;0,97
4/05/2004;0,987;0,99;0,96;9301644;0,97;0,973
5/05/2004;0,985;0,987;0,966;7140864;0,973;0,92
6/05/2004;0,957;0,957;0,92;8461341;0,92;0,904
7/05/2004;0,911;0,926;0,901;7494134;0,904;0,854
10/05/2004;0,867;0,876;0,851;8207535;0,854;0,917
11/05/2004;0,88;0,927;0,88;10786752;0,917;0,887
12/05/2004;0,917;0,917;0,866;8746015;0,887;0,888
13/05/2004;0,872;0,893;0,872;5254469;0,888;0,91
14/05/2004;0,918;0,927;0,906;7621037;0,91;0,887
17/05/2004;0,878;0,889;0,874;3858536;0,887;0,919
18/05/2004;0,91;0,919;0,9;7346653;0,919;0,944
19/05/2004;0,944;0,968;0,938;10484929;0,944;0,914
20/05/2004;0,944;0,944;0,909;10725015;0,914;0,921
21/05/2004;0,909;0,926;0,905;4781155;0,921;0,929
24/05/2004;0,939;0,939;0,919;2229376;0,929;0,96
25/05/2004;0,937;0,96;0,93;4664541;0,96;0,961
26/05/2004;0,963;0,972;0,957;3649318;0,961;1,004
27/05/2004;0,98;1,01;0,974;6074193;1,004;1,017
28/05/2004;1,021;1,021;0,99;5494555;1,017;1,01
1/06/2004;1,004;1,012;0,977;4815453;1,01;1,019
2/06/2004;1,015;1,021;1,01;3158855;1,019;1
3/06/2004;1,015;1,015;0,999;8938084;1;1,02
4/06/2004;1,021;1,021;1,014;7363802;1,02;1,071
7/06/2004;1,023;1,074;1,023;3621879;1,071;1,055
8/06/2004;1,059;1,062;1,045;4472472;1,055;1,035
9/06/2004;1,055;1,057;1,033;8619112;1,035;1,009
10/06/2004;1,035;1,035;1,002;2839883;1,009;0,982
14/06/2004;0,988;0,992;0,982;5710633;0,982;1,025
15/06/2004;1,008;1,032;1,008;5216741;1,025;1,044
16/06/2004;1,035;1,05;1,029;3254890;1,044;1,023
17/06/2004;1,031;1,044;1,018;5727782;1,023;1,02
18/06/2004;1,014;1,026;1;2839883;1,02;1,026
21/06/2004;1,023;1,037;1,022;2599796;1,026;1,01
22/06/2004;1,023;1,023;1,01;2983935;1,01;1,023
23/06/2004;1,013;1,027;1,009;2109333;1,023;1,048
24/06/2004;1,04;1,049;1,034;1443950;1,048;1,057
25/06/2004;1,05;1,066;1,049;4493051;1,057;1,054
28/06/2004;1,057;1,074;1,053;3172574;1,054;1,105
29/06/2004;1,055;1,105;1,055;5779230;1,105;1,123
30/06/2004;1,105;1,123;1,094;6959084;1,123;1,146
1/07/2004;1,132;1,146;1,125;4808593;1,146;1,148
2/07/2004;1,143;1,162;1,143;4434744;1,148;1,115
6/07/2004;1,13;1,13;1,11;2606655;1,115;1,105
7/07/2004;1,124;1,124;1,101;2493472;1,105;1,092
8/07/2004;1,105;1,118;1,091;2620375;1,092;1,11
9/07/2004;1,093;1,113;1,091;1954992;1,11;1,134
12/07/2004;1,102;1,15;1,102;3086829;1,134;1,147
13/07/2004;1,132;1,147;1,127;1831518;1,147;1,152
14/07/2004;1,145;1,183;1,139;6739576;1,152;1,159
15/07/2004;1,156;1,163;1,143;3971720;1,159;1,18
16/07/2004;1,177;1,185;1,166;2538059;1,18;1,166
19/07/2004;1,175;1,177;1,166;2548349;1,166;1,167
20/07/2004;1,16;1,17;1,151;3752212;1,167;1,134
21/07/2004;1,161;1,161;1,129;1882966;1,134;1,105
22/07/2004;1,114;1,121;1,092;3364643;1,105;1,096
23/07/2004;1,096;1,128;1,091;2599796;1,096;1,06
26/07/2004;1,096;1,111;1,057;3889404;1,06;1,127
27/07/2004;1,074;1,128;1,074;4324990;1,127;1,105
28/07/2004;1,114;1,121;1,105;2531200;1,105;1,116
29/07/2004;1,114;1,118;1,109;2682111;1,116;1,113
30/07/2004;1,12;1,121;1,112;2051026;1,113;1,115
2/08/2004;1,108;1,12;1,101;1752633;1,115;1,118
3/08/2004;1,111;1,119;1,111;1810940;1,118;1,136
4/08/2004;1,109;1,144;1,109;4397016;1,136;1,084
5/08/2004;1,125;1,134;1,083;1402792;1,084;1,115
6/08/2004;1,084;1,127;1,084;2582647;1,115;1,119
9/08/2004;1,103;1,129;1,103;2321981;1,119;1,146
10/08/2004;1,119;1,148;1,119;2706120;1,146;1,127
11/08/2004;1,139;1,139;1,122;3529274;1,127;1,135
12/08/2004;1,122;1,136;1,122;3488117;1,135;1,131
13/08/2004;1,129;1,143;1,129;4722848;1,131;1,149
16/08/2004;1,123;1,153;1,122;2767857;1,149;1,188
17/08/2004;1,154;1,189;1,154;2685541;1,188;1,234
18/08/2004;1,175;1,234;1,175;4784585;1,234;1,25
19/08/2004;1,239;1,267;1,239;4595945;1,25;1,273
20/08/2004;1,264;1,276;1,264;1985860;1,273;1,239
23/08/2004;1,248;1,259;1,239;3320056;1,239;1,258
24/08/2004;1,264;1,267;1,253;421867;1,258;1,266
25/08/2004;1,261;1,273;1,256;1718335;1,266;1,236
26/08/2004;1,247;1,25;1,233;2586077;1,236;1,232
27/08/2004;1,228;1,242;1,227;1903544;1,232;1,23
30/08/2004;1,228;1,24;1,215;1090680;1,23;1,214
31/08/2004;1,237;1,247;1,21;3203442;1,214;1,223
1/09/2004;1,228;1,234;1,215;1752633;1,223;1,235
2/09/2004;1,206;1,24;1,206;2610085;1,235;1,217
3/09/2004;1,232;1,238;1,214;1114688;1,217;1,246
7/09/2004;1,217;1,246;1,216;1221012;1,246;1,244
8/09/2004;1,244;1,265;1,244;1488537;1,244;1,245
9/09/2004;1,239;1,25;1,226;1533125;1,245;1,244
10/09/2004;1,235;1,248;1,228;1804080;1,244;1,248
13/09/2004;1,247;1,257;1,245;3333775;1,248;1,271
14/09/2004;1,25;1,271;1,25;1217582;1,271;1,269
15/09/2004;1,271;1,276;1,263;3649318;1,269;1,31
16/09/2004;1,271;1,312;1,267;2740418;1,31;1,346
17/09/2004;1,31;1,36;1,305;4177508;1,346;1,357
20/09/2004;1,355;1,373;1,344;3683616;1,357;1,344
21/09/2004;1,357;1,357;1,34;8286421;1,344;1,334
22/09/2004;1,344;1,354;1,328;3889404;1,334;1,315
23/09/2004;1,348;1,348;1,313;3254890;1,315;1,316
24/09/2004;1,31;1,328;1,304;3398942;1,316;1,327
27/09/2004;1,307;1,335;1,306;3580721;1,327;1,337
28/09/2004;1,321;1,341;1,317;5141285;1,337;1,344
29/09/2004;1,32;1,346;1,32;6228535;1,344;1,336
30/09/2004;1,338;1,338;1,326;4187798;1,336;1,4
1/10/2004;1,337;1,403;1,337;10701007;1,4;1,406
4/10/2004;1,4;1,409;1,397;4012877;1,406;1,401
5/10/2004;1,401;1,411;1,394;3896264;1,401;1,397
6/10/2004;1,387;1,402;1,386;1317047;1,397;1,392
7/10/2004;1,397;1,397;1,385;3309766;1,392;1,427
8/10/2004;1,407;1,427;1,4;5546002;1,427;1,435
11/10/2004;1,416;1,44;1,416;3296047;1,435;1,42
12/10/2004;1,439;1,439;1,408;1814369;1,42;1,415
13/10/2004;1,426;1,427;1,404;3203442;1,415;1,37
14/10/2004;1,378;1,385;1,367;4767436;1,37;1,381
15/10/2004;1,382;1,402;1,375;6448042;1,381;1,366
18/10/2004;1,378;1,382;1,366;4078044;1,366;1,364
19/10/2004;1,372;1,383;1,356;4434744;1,364;1,392
20/10/2004;1,365;1,392;1,333;4194657;1,392;1,444
21/10/2004;1,392;1,444;1,389;6125640;1,444;1,438
22/10/2004;1,475;1,487;1,431;7061978;1,438;1,415
25/10/2004;1,41;1,426;1,406;2479752;1,415;1,429
26/10/2004;1,427;1,429;1,413;3004513;1,429;1,436
27/10/2004;1,424;1,436;1,407;1608581;1,436;1,459
28/10/2004;1,43;1,489;1,429;5779230;1,459;1,457
29/10/2004;1,469;1,479;1,449;4438174;1,457;1,453
1/11/2004;1,445;1,453;1,438;1557134;1,453;1,43
2/11/2004;1,451;1,451;1,43;2548349;1,43;1,463
3/11/2004;1,457;1,463;1,452;5288767;1,463;1,475
4/11/2004;1,457;1,476;1,457;4650822;1,475;1,473
5/11/2004;1,471;1,473;1,455;4825742;1,473;1,421
8/11/2004;1,457;1,457;1,418;4544498;1,421;1,447
9/11/2004;1,427;1,451;1,427;5082978;1,447;1,492
10/11/2004;1,463;1,496;1,463;10471209;1,492;1,484
11/11/2004;1,476;1,486;1,474;1258740;1,484;1,496
12/11/2004;1,489;1,505;1,487;1502257;1,496;1,491
15/11/2004;1,496;1,497;1,49;768277;1,491;1,474
16/11/2004;1,483;1,488;1,474;1094109;1,474;1,513
17/11/2004;1,498;1,513;1,488;4002588;1,513;1,469
18/11/2004;1,476;1,486;1,464;6931646;1,469;1,466
19/11/2004;1,474;1,474;1,437;3460678;1,466;1,471
22/11/2004;1,447;1,481;1,447;1972141;1,471;1,446
23/11/2004;1,469;1,469;1,441;5148145;1,446;1,471
24/11/2004;1,463;1,48;1,463;4074614;1,471;1,507
26/11/2004;1,487;1,51;1,486;2263674;1,507;1,519
29/11/2004;1,507;1,52;1,506;4568507;1,519;1,552
30/11/2004;1,532;1,561;1,529;3700765;1,552;1,622
1/12/2004;1,568;1,625;1,566;10968532;1,622;1,614
2/12/2004;1,62;1,643;1,61;4414165;1,614;1,655
3/12/2004;1,654;1,661;1,646;5446538;1,655;1,676
6/12/2004;1,67;1,687;1,658;6780734;1,676;1,631
7/12/2004;1,664;1,665;1,628;8440762;1,631;1,664
8/12/2004;1,619;1,666;1,619;5223600;1,664;1,639
9/12/2004;1,628;1,639;1,605;3927132;1,639;1,691
10/12/2004;1,631;1,697;1,627;7315784;1,691;1,731
13/12/2004;1,699;1,745;1,699;8543656;1,731;1,727
14/12/2004;1,742;1,748;1,71;3563572;1,727;1,752
15/12/2004;1,752;1,772;1,746;5230460;1,752;1,734
16/12/2004;1,752;1,752;1,734;3110837;1,734;1,739
17/12/2004;1,741;1,745;1,729;1872676;1,739;1,734
20/12/2004;1,731;1,745;1,731;4479332;1,734;1,742
21/12/2004;1,723;1,746;1,723;3906553;1,742;1,764
22/12/2004;1,752;1,78;1,752;3148565;1,764;1,826
23/12/2004;1,794;1,828;1,794;5419100;1,826;1,799
27/12/2004;1,813;1,821;1,794;3783080;1,799;1,822
28/12/2004;1,801;1,823;1,801;1876106;1,822;1,811
29/12/2004;1,823;1,823;1,795;2901619;1,811;1,811
30/12/2004;1,806;1,814;1,804;1862387;1,811;1,81
31/12/2004;1,811;1,813;1,81;1162706;1,81;1,823
3/01/2005;1,826;1,846;1,822;3810519;1,823;1,778
4/01/2005;1,824;1,826;1,776;8523077;1,778;1,77
5/01/2005;1,778;1,79;1,761;22118843;1,77;1,729
6/01/2005;1,763;1,763;1,726;10310008;1,729;1,742
7/01/2005;1,743;1,751;1,729;8289850;1,742;1,739
10/01/2005;1,742;1,764;1,738;6448042;1,739;1,707
11/01/2005;1,724;1,729;1,705;8564235;1,707;1,734
12/01/2005;1,722;1,734;1,71;9233048;1,734;1,738
13/01/2005;1,733;1,767;1,733;4146640;1,738;1,77
14/01/2005;1,744;1,781;1,744;3834527;1,77;1,731
18/01/2005;1,728;1,74;1,716;6921356;1,731;1,76
19/01/2005;1,772;1,775;1,758;3505266;1,76;1,725
20/01/2005;1,748;1,749;1,722;7288346;1,725;1,738
21/01/2005;1,751;1,753;1,738;4455323;1,738;1,729
24/01/2005;1,752;1,759;1,729;4174079;1,729;1,723
25/01/2005;1,731;1,743;1,717;2445454;1,723;1,75
26/01/2005;1,734;1,75;1,73;11458995;1,75;1,705
27/01/2005;1,734;1,736;1,699;5065829;1,705;1,714
28/01/2005;1,711;1,73;1,704;5844396;1,714;1,802
31/01/2005;1,766;1,804;1,766;6279982;1,802;1,834
1/02/2005;1,791;1,847;1,791;7274627;1,834;1,883
2/02/2005;1,83;1,897;1,83;5209881;1,883;1,939
3/02/2005;1,936;1,965;1,936;8979242;1,939;2,006
4/02/2005;2,001;2,044;2,001;14202842;2,006;2,075
7/02/2005;2,008;2,089;2,007;4877190;2,075;2,019
8/02/2005;2,077;2,077;1,981;5830677;2,019;2,006
9/02/2005;2,018;2,018;1,987;7806247;2,006;1,977
10/02/2005;1,997;2;1,977;5861545;1,977;2,022
11/02/2005;1,974;2,031;1,969;11205189;2,022;2,091
14/02/2005;2,071;2,098;2,063;5981588;2,091;2,1
15/02/2005;2,113;2,123;2,096;8372166;2,1;2,062
16/02/2005;2,089;2,095;2,062;2544919;2,062;2,084
17/02/2005;2,091;2,1;2,083;5573441;2,084;2,024
18/02/2005;2,078;2,078;2,019;4438174;2,024;2,032
22/02/2005;2,03;2,071;2,026;6674410;2,032;2,049
23/02/2005;2,059;2,061;2,044;1793791;2,049;2,129
24/02/2005;2,077;2,136;2,076;6372587;2,129;2,116
25/02/2005;2,135;2,135;2,101;5463687;2,116;2,087
28/02/2005;2,112;2,121;2,083;4026597;2,087;2,083
1/03/2005;2,059;2,095;2,047;8766594;2,083;2,095
2/03/2005;2,058;2,103;2,056;6269692;2,095;2,138
3/03/2005;2,107;2,141;2,1;8485349;2,138;2,194
4/03/2005;2,215;2,238;2,182;9720081;2,194;2,175
7/03/2005;2,196;2,205;2,172;8684278;2,175;2,153
8/03/2005;2,155;2,162;2,147;6341718;2,153;2,099
9/03/2005;2,119;2,158;2,098;5305916;2,099;2,088
10/03/2005;2,101;2,104;2,078;5491126;2,088;2,084
11/03/2005;2,107;2,115;2,076;4938926;2,084;2,023
14/03/2005;2,042;2,064;2,02;5206451;2,023;1,992
15/03/2005;2,023;2,038;1,992;4945786;1,992;2,024
16/03/2005;1,98;2,024;1,978;5954150;2,024;2,072
17/03/2005;2,006;2,073;1,999;5189302;2,072;2,025
18/03/2005;2,085;2,085;2,008;6266263;2,025;1,954
21/03/2005;1,992;1,992;1,95;4448463;1,954;1,924
22/03/2005;1,962;2,009;1,901;7785668;1,924;1,865
23/03/2005;1,919;1,919;1,856;8389315;1,865;1,934
24/03/2005;1,89;1,95;1,887;8104641;1,934;1,894
28/03/2005;1,914;1,914;1,884;3707624;1,894;1,876
29/03/2005;1,92;1,927;1,87;7154583;1,876;1,933
30/03/2005;1,89;1,933;1,89;6252543;1,933;1,954
31/03/2005;1,95;1,96;1,939;4318131;1,954;1,962
1/04/2005;1,98;2,011;1,962;6605814;1,962;1,947
4/04/2005;1,938;1,955;1,933;3594441;1,947;1,96
5/04/2005;1,968;1,978;1,949;5974729;1,96;1,979
6/04/2005;1,968;1,997;1,967;2881040;1,979;1,987
7/04/2005;1,977;1,994;1,973;5347073;1,987;1,98
8/04/2005;1,991;1,991;1,978;2195078;1,98;2,004
11/04/2005;1,999;2,01;1,985;3141706;2,004;1,997
12/04/2005;1,999;2,01;1,974;7068838;1,997;2,013
13/04/2005;2,016;2,059;2,01;4619954;2,013;1,947
14/04/2005;2,013;2,025;1,94;5223600;1,947;1,887
15/04/2005;1,947;1,947;1,883;10114509;1,887;1,928
18/04/2005;1,89;1,928;1,867;5473976;1,928;1,986
19/04/2005;1,956;1,987;1,948;7600459;1,986;1,957
20/04/2005;1,999;1,999;1,948;3817378;1,957;2,011
21/04/2005;1,97;2,014;1,946;3858536;2,011;2
22/04/2005;2,011;2,025;1,987;3577292;2;2,062
25/04/2005;2,006;2,062;2,003;4369578;2,062;2,104
26/04/2005;2,077;2,119;2,055;7843975;2,104;2,148
27/04/2005;2,104;2,185;2,07;8152658;2,148;2,04
28/04/2005;2,148;2,15;2,035;7497564;2,04;2,06
29/04/2005;2,073;2,083;2,013;7967448;2,06;2,125
2/05/2005;2,094;2,127;2,077;4709129;2,125;2,095
3/05/2005;2,125;2,125;2,083;4534209;2,095;2,21
4/05/2005;2,125;2,21;2,103;5755221;2,21;2,18
5/05/2005;2,202;2,239;2,151;3347494;2,18;2,179
6/05/2005;2,2;2,203;2,167;5288767;2,179;2,189
9/05/2005;2,185;2,191;2,174;4139780;2,189;2,086
10/05/2005;2,174;2,178;2,084;7511283;2,086;2,097
11/05/2005;2,071;2,098;2,033;8145798;2,097;2,018
12/05/2005;2,083;2,089;2,01;4712559;2,018;2,021
13/05/2005;2,008;2,055;2,005;2771286;2,021;2,056
16/05/2005;2,023;2,069;2,023;1718335;2,056;2,061
17/05/2005;2,061;2,079;2,054;3659607;2,061;2,096
18/05/2005;2,106;2,115;2,091;5676335;2,096;2,1
19/05/2005;2,099;2,114;2,093;2603226;2,1;2,092
20/05/2005;2,104;2,107;2,084;2205368;2,092;2,078
23/05/2005;2,102;2,102;2,078;2198508;2,078;2,082
24/05/2005;2,077;2,086;2,065;2400867;2,082;2,091
25/05/2005;2,112;2,116;2,082;3309766;2,091;2,094
26/05/2005;2,089;2,111;2,085;1773212;2,094;2,12
27/05/2005;2,119;2,135;2,104;1745773;2,12;2,117
31/05/2005;2,139;2,139;2,088;3460678;2,117;2,155
1/06/2005;2,11;2,16;2,11;4036886;2,155;2,288
2/06/2005;2,18;2,293;2,179;11294364;2,288;2,272
3/06/2005;2,288;2,305;2,237;7106566;2,272;2,217
6/06/2005;2,209;2,222;2,155;3783080;2,217;2,178
7/06/2005;2,192;2,226;2,176;2987364;2,178;2,182
8/06/2005;2,203;2,224;2,176;3035382;2,182;2,15
9/06/2005;2,151;2,167;2,127;5974729;2,15;2,151
10/06/2005;2,184;2,187;2,145;1653168;2,151;2,176
13/06/2005;2,177;2,185;2,164;2716409;2,176;2,188
14/06/2005;2,179;2,216;2,123;4788014;2,188;2,165
15/06/2005;2,165;2,169;2,131;5326495;2,165;2,191
16/06/2005;2,179;2,192;2,174;3515555;2,191;2,206
17/06/2005;2,213;2,22;2,203;4805164;2,206;2,196
20/06/2005;2,2;2,22;2,175;2249955;2,196;2,198
21/06/2005;2,234;2,247;2,173;4335280;2,198;2,194
22/06/2005;2,198;2,208;2,177;4252964;2,194;2,112
23/06/2005;2,166;2,173;2,11;2431735;2,112;2,139
24/06/2005;2,118;2,147;2,118;4067754;2,139;2,183
27/06/2005;2,121;2,197;2,119;3879115;2,183;2,213
28/06/2005;2,184;2,233;2,179;2706120;2,213;2,211
29/06/2005;2,234;2,251;2,211;2987364;2,211;2,227
30/06/2005;2,211;2,241;2,211;5570011;2,227;2,239
1/07/2005;2,279;2,28;2,232;2219087;2,239;2,203
5/07/2005;2,198;2,221;2,182;5165294;2,203;2,167
6/07/2005;2,153;2,18;2,141;3261749;2,167;2,201
7/07/2005;2,114;2,212;2,114;3069680;2,201;2,208
8/07/2005;2,215;2,226;2,189;2747278;2,208;2,268
11/07/2005;2,232;2,279;2,228;2352850;2,268;2,292
12/07/2005;2,268;2,297;2,256;3011373;2,292;2,303
13/07/2005;2,303;2,331;2,29;2826163;2,303;2,309
14/07/2005;2,313;2,335;2,302;2273964;2,309;2,283
15/07/2005;2,28;2,297;2,273;1975570;2,283;2,308
18/07/2005;2,26;2,312;2,26;2990794;2,308;2,274
19/07/2005;2,279;2,293;2,261;3717914;2,274;2,287
20/07/2005;2,224;2,297;2,224;6983093;2,287;2,274
21/07/2005;2,319;2,325;2,25;2682111;2,274;2,198
22/07/2005;2,269;2,269;2,189;4283832;2,198;2,051
25/07/2005;2,125;2,143;2,021;15005418;2,051;2,086
26/07/2005;2,022;2,113;2,015;8070342;2,086;2,173
27/07/2005;2,107;2,191;2,093;7037970;2,173;2,249
28/07/2005;2,194;2,256;2,188;5799808;2,249;2,262
29/07/2005;2,273;2,288;2,236;6002167;2,262;2,333
1/08/2005;2,286;2,342;2,281;5377942;2,333;2,444
2/08/2005;2,367;2,444;2,367;8152658;2,444;2,417
3/08/2005;2,499;2,503;2,415;5580301;2,417;2,385
4/08/2005;2,422;2,43;2,38;3933992;2,385;2,358
5/08/2005;2,413;2,424;2,339;2479752;2,358;2,383
8/08/2005;2,386;2,404;2,361;4486191;2,383;2,452
9/08/2005;2,393;2,452;2,38;6777304;2,452;2,495
10/08/2005;2,468;2,55;2,468;8766594;2,495;2,407
11/08/2005;2,519;2,548;2,35;10207114;2,407;2,365
12/08/2005;2,315;2,387;2,283;10659849;2,365;2,462
15/08/2005;2,387;2,47;2,384;5937001;2,462;2,43
16/08/2005;2,48;2,492;2,425;2788435;2,43;2,42
17/08/2005;2,442;2,45;2,407;5192732;2,42;2,365
18/08/2005;2,491;2,491;2,361;5748361;2,365;2,254
19/08/2005;2,383;2,383;2,204;15272943;2,254;2,357
22/08/2005;2,324;2,365;2,324;5683195;2,357;2,336
23/08/2005;2,324;2,342;2,306;5978158;2,336;2,327
24/08/2005;2,362;2,383;2,325;4616524;2,327;2,399
25/08/2005;2,395;2,408;2,331;5487696;2,399;2,363
26/08/2005;2,4;2,4;2,361;6033035;2,363;2,433
29/08/2005;2,383;2,435;2,359;3532704;2,433;2,428
30/08/2005;2,434;2,452;2,422;2277394;2,428;2,523
31/08/2005;2,446;2,523;2,446;2884470;2,523;2,532
1/09/2005;2,502;2,574;2,491;5635178;2,532;2,594
2/09/2005;2,56;2,603;2,558;5655756;2,594;2,704
6/09/2005;2,643;2,723;2,609;8241833;2,704;2,743
7/09/2005;2,728;2,752;2,701;4379867;2,743;2,702
8/09/2005;2,743;2,759;2,698;3673326;2,702;2,735
9/09/2005;2,702;2,744;2,702;1989290;2,735;2,717
12/09/2005;2,729;2,763;2,71;7106566;2,717;2,592
13/09/2005;2,7;2,7;2,585;10968532;2,592;2,576
14/09/2005;2,63;2,63;2,562;11376679;2,576;2,62
15/09/2005;2,613;2,636;2,608;11750528;2,62;2,645
16/09/2005;2,622;2,651;2,622;8306999;2,645;2,725
19/09/2005;2,651;2,732;2,647;8639691;2,725;2,767
20/09/2005;2,753;2,784;2,741;7374091;2,767;2,865
21/09/2005;2,788;2,868;2,78;6564656;2,865;2,837
22/09/2005;2,868;2,87;2,799;8300140;2,837;2,845
23/09/2005;2,841;2,858;2,833;6763585;2,845;2,863
26/09/2005;2,852;2,871;2,838;9915580;2,863;2,778
27/09/2005;2,857;2,87;2,774;7470126;2,778;2,817
28/09/2005;2,781;2,836;2,781;7161443;2,817;2,853
29/09/2005;2,823;2,858;2,796;8320719;2,853;2,857
30/09/2005;2,859;2,9;2,85;3937422;2,857;2,966
3/10/2005;2,903;2,977;2,898;7525003;2,966;2,915
4/10/2005;2,966;2,966;2,901;9984176;2,915;2,814
5/10/2005;2,871;2,871;2,805;7116855;2,814;2,722
6/10/2005;2,774;2,799;2,7;12079790;2,722;2,917
7/10/2005;2,799;2,926;2,775;9184345;2,917;2,847
10/10/2005;2,98;2,98;2,846;7988713;2,847;2,918
11/10/2005;2,907;2,945;2,907;6567400;2,918;2,799
12/10/2005;2,918;2,932;2,733;4874446;2,799;2,769
13/10/2005;2,733;2,789;2,699;7728733;2,769;2,752
14/10/2005;2,769;2,81;2,673;7082557;2,752;2,83
17/10/2005;2,803;2,846;2,776;4559589;2,83;2,823
18/10/2005;2,888;2,916;2,811;5361479;2,823;2,765
19/10/2005;2,759;2,78;2,704;7597029;2,765;2,626
20/10/2005;2,77;2,77;2,591;10356654;2,626;2,678
21/10/2005;2,661;2,7;2,631;9014226;2,678;2,746
24/10/2005;2,682;2,775;2,682;5207823;2,746;2,706
25/10/2005;2,752;2,809;2,697;3833841;2,706;2,74
26/10/2005;2,685;2,755;2,667;3660293;2,74;2,67
27/10/2005;2,744;2,744;2,633;3037440;2,67;2,747
28/10/2005;2,67;2,763;2,664;5293568;2,747;2,885
31/10/2005;2,828;2,911;2,817;8381083;2,885;2,921
1/11/2005;2,889;2,921;2,845;8647236;2,921;2,907
2/11/2005;2,921;2,952;2,868;3909297;2,907;2,875
3/11/2005;2,932;2,969;2,835;5602937;2,875;2,877
4/11/2005;2,875;2,897;2,828;3885289;2,877;2,915
7/11/2005;2,932;2,941;2,887;4552044;2,915;3,024
8/11/2005;2,94;3,024;2,935;5348445;3,024;3,045
9/11/2005;3,01;3,081;3,009;16089924;3,045;3,07
10/11/2005;3,015;3,083;2,988;9427861;3,07;3,01
11/11/2005;3,04;3,04;2,988;4601433;3,01;2,959
14/11/2005;2,92;2,97;2,906;6107805;2,959;3,01
15/11/2005;2,889;3,052;2,889;4538324;3,01;3,04
16/11/2005;2,986;3,042;2,974;3503208;3,04;3,186
17/11/2005;3,13;3,196;3,095;15673545;3,186;3,033
18/11/2005;3,124;3,13;2,97;14266637;3,033;3,018
21/11/2005;3,034;3,04;2,981;4769494;3,018;3,003
22/11/2005;2,913;3,015;2,901;6247742;3,003;3,022
23/11/2005;3;3,056;3;5599507;3,022;3,045
25/11/2005;3,025;3,056;3,004;2996968;3,045;3,11
28/11/2005;3,13;3,16;3,088;7111368;3,11;3,078
29/11/2005;3,128;3,154;3,054;6513209;3,078;3,053
30/11/2005;3,066;3,066;3,029;6324569;3,053;3,136
1/12/2005;3,118;3,136;3,096;7950299;3,136;3,168
2/12/2005;3,166;3,19;3,148;5935629;3,168;3,207
5/12/2005;3,178;3,217;3,163;3146508;3,207;3,317
6/12/2005;3,253;3,332;3,253;7955787;3,317;3,235
7/12/2005;3,29;3,303;3,193;6085855;3,235;3,082
8/12/2005;3,16;3,16;3,041;8810495;3,082;3,045
9/12/2005;3,082;3,082;2,991;5341586;3,045;3,064
12/12/2005;3,075;3,083;3,012;3739865;3,064;3,107
13/12/2005;3,077;3,122;3,029;4681690;3,107;3,046
14/12/2005;3,054;3,057;2,998;6438439;3,046;2,988
15/12/2005;2,995;3,034;2,98;7158013;2,988;2,959
16/12/2005;2,982;3,019;2,933;4207691;2,959;2,828
19/12/2005;2,897;2,924;2,815;9521838;2,828;2,832
20/12/2005;2,848;2,863;2,787;7684146;2,832;2,929
21/12/2005;2,853;2,974;2,853;10735305;2,929;2,97
22/12/2005;2,941;2,971;2,929;8514846;2,97;2,956
23/12/2005;2,94;2,969;2,928;3275468;2,956;2,894
27/12/2005;2,889;2,911;2,862;4687178;2,894;2,886
28/12/2005;2,871;2,897;2,847;4037572;2,886;2,916
29/12/2005;2,895;2,935;2,875;3035382;2,916;2,892
30/12/2005;2,977;2,977;2,847;2028390;2,892;3,016
3/01/2006;2,998;3,035;2,946;9174055;3,016;3,145
4/01/2006;3,058;3,18;3,051;10194767;3,145;3,148
5/01/2006;3,186;3,186;3,128;5554920;3,148;3,251
6/01/2006;3,172;3,272;3,165;6808858;3,251;3,279
9/01/2006;3,229;3,283;3,223;6758783;3,279;3,253
10/01/2006;3,214;3,253;3,166;6125640;3,253;3,273
11/01/2006;3,257;3,289;3,218;5695542;3,273;3,281
12/01/2006;3,357;3,358;3,257;7737651;3,281;3,286
13/01/2006;3,507;3,507;3,252;4969794;3,286;3,257
17/01/2006;3,287;3,29;3,18;10960300;3,257;3,192
18/01/2006;3,136;3,211;3,127;8693196;3,192;3,323
19/01/2006;3,206;3,371;3,206;11804719;3,323;3,331
20/01/2006;3,377;3,401;3,329;9029317;3,331;3,359
23/01/2006;3,337;3,384;3,308;5045936;3,359;3,471
24/01/2006;3,407;3,482;3,406;7351454;3,471;3,475
25/01/2006;3,491;3,549;3,473;4090391;3,475;3,609
26/01/2006;3,475;3,611;3,471;9890886;3,609;3,521
27/01/2006;3,618;3,694;3,506;7525689;3,521;3,534
30/01/2006;3,523;3,576;3,511;7897480;3,534;3,666
31/01/2006;3,555;3,684;3,525;7704725;3,666;3,708
1/02/2006;3,653;3,726;3,645;7758230;3,708;3,596
2/02/2006;3,75;3,753;3,546;5974043;3,596;3,508
3/02/2006;3,503;3,613;3,464;9110261;3,508;3,612
6/02/2006;3,606;3,645;3,57;6039209;3,612;3,517
7/02/2006;3,627;3,644;3,487;6259403;3,517;3,584
8/02/2006;3,521;3,624;3,52;6413744;3,584;3,661
9/02/2006;3,606;3,72;3,583;5567267;3,661;3,802
10/02/2006;3,849;3,861;3,726;7821338;3,802;3,776
13/02/2006;3,772;3,878;3,75;7228667;3,776;3,802
14/02/2006;3,773;3,874;3,72;4115086;3,802;3,856
15/02/2006;3,81;3,897;3,772;3993671;3,856;4,098
16/02/2006;3,939;4,104;3,92;9829149;4,098;4,056
17/02/2006;4,105;4,152;4,005;13977847;4,056;3,96
21/02/2006;4,069;4,081;3,948;8820099;3,96;3,945
22/02/2006;3,967;4,027;3,933;11825984;3,945;3,889
23/02/2006;3,967;3,969;3,854;8252122;3,889;3,891
24/02/2006;3,925;3,939;3,868;5974043;3,891;3,963
27/02/2006;3,921;4,043;3,921;4588400;3,963;3,934
28/02/2006;3,937;3,963;3,819;7651220;3,934;4,027
1/03/2006;4,009;4,048;3,948;10032880;4,027;4,015
2/03/2006;4,06;4,061;3,967;4354487;4,015;3,997
3/03/2006;3,972;4,008;3,907;6534474;3,997;3,836
6/03/2006;3,937;3,967;3,79;7470812;3,836;3,708
7/03/2006;3,702;3,732;3,54;13858490;3,708;3,626
8/03/2006;3,626;3,648;3,526;8069657;3,626;3,542
9/03/2006;3,648;3,742;3,502;11310827;3,542;3,664
10/03/2006;3,546;3,737;3,541;9836695;3,664;3,768
13/03/2006;3,696;3,821;3,677;10024648;3,768;3,893
14/03/2006;3,754;3,907;3,754;7708155;3,893;3,952
15/03/2006;3,914;3,971;3,884;5832735;3,952;3,948
16/03/2006;3,973;4,009;3,933;4810651;3,948;3,925
17/03/2006;3,939;3,992;3,896;3475769;3,925;3,896
20/03/2006;3,961;3,963;3,883;3601300;3,896;3,785
21/03/2006;3,877;3,922;3,766;7817908;3,785;3,918
22/03/2006;3,79;3,934;3,789;9549962;3,918;3,837
23/03/2006;3,901;3,943;3,8;5955522;3,837;3,887
24/03/2006;3,867;3,902;3,845;4398388;3,887;3,756
27/03/2006;3,732;3,81;3,71;7634071;3,756;3,566
28/03/2006;3,589;3,691;3,559;14431954;3,566;3,588
29/03/2006;3,574;3,621;3,56;7239643;3,588;3,619
30/03/2006;3,649;3,679;3,556;6296445;3,619;3,584
31/03/2006;3,625;3,656;3,573;3427066;3,584;3,766
3/04/2006;3,608;3,773;3,608;7570276;3,766;3,81
4/04/2006;3,78;3,838;3,766;5351875;3,81;3,856
5/04/2006;3,847;3,875;3,809;5795007;3,856;3,865
6/04/2006;3,88;3,937;3,807;5286023;3,865;3,785
7/04/2006;3,828;3,848;3,736;5023299;3,785;3,668
10/04/2006;3,768;3,768;3,614;5135111;3,668;3,612
11/04/2006;3,68;3,7;3,565;7026994;3,612;3,595
12/04/2006;3,624;3,631;3,571;3096432;3,595;3,553
13/04/2006;3,54;3,555;3,509;5093268;3,553;3,585
17/04/2006;3,577;3,624;3,564;4757146;3,585;3,69
18/04/2006;3,594;3,717;3,591;7854264;3,69;3,738
19/04/2006;3,732;3,78;3,72;6369843;3,738;3,774
20/04/2006;3,78;3,849;3,749;8290536;3,774;3,79
21/04/2006;3,81;3,86;3,766;3714484;3,79;3,71
24/04/2006;3,731;3,736;3,694;4938240;3,71;3,689
25/04/2006;3,73;3,784;3,66;4967737;3,689;3,785
26/04/2006;3,683;3,792;3,678;6122211;3,785;3,742
27/04/2006;3,726;3,813;3,684;5464373;3,742;3,828
28/04/2006;3,771;3,867;3,766;4072556;3,828;3,855
1/05/2006;3,841;3,909;3,841;2909165;3,855;4,026
2/05/2006;3,854;4,073;3,827;10389580;4,026;4,03
3/05/2006;4,033;4,051;3,989;7059235;4,03;4,078
4/05/2006;4,05;4,114;4,036;6759469;4,078;4,196
5/05/2006;4,105;4,211;4,096;15130263;4,196;4,306
8/05/2006;4,268;4,37;4,25;18485303;4,306;4,345
9/05/2006;4,334;4,364;4,299;12553790;4,345;4,211
10/05/2006;4,241;4,292;4,167;9224131;4,211;4,015
11/05/2006;4,185;4,192;4,001;10533632;4,015;3,906
12/05/2006;3,822;3,989;3,8;12011880;3,906;3,759
15/05/2006;3,769;3,865;3,691;11545426;3,759;3,827
16/05/2006;3,869;3,973;3,751;16387631;3,827;3,638
17/05/2006;3,708;3,75;3,591;15552130;3,638;3,606
18/05/2006;3,701;3,709;3,552;14128759;3,606;3,518
19/05/2006;3,636;3,66;3,466;20350434;3,518;3,248
22/05/2006;3,236;3,34;3,13;28612159;3,248;3,202
23/05/2006;3,302;3,413;3,172;16131767;3,202;2,993
24/05/2006;3,154;3,154;2,874;27919338;2,993;3,294
25/05/2006;3,112;3,336;3,104;20503403;3,294;3,46
26/05/2006;3,462;3,488;3,367;18418079;3,46;3,251
30/05/2006;3,353;3,354;3,176;13529228;3,251;3,207
31/05/2006;3,312;3,371;3,164;16048080;3,207;3,448
1/06/2006;3,22;3,448;3,22;15611122;3,448;3,429
2/06/2006;3,518;3,526;3,33;9541731;3,429;3,294
5/06/2006;3,424;3,435;3,267;7759602;3,294;3,252
6/06/2006;3,318;3,329;3,166;10352538;3,252;3,109
7/06/2006;3,217;3,251;3,106;12378184;3,109;3,022
8/06/2006;3,057;3,058;2,873;23734284;3,022;3,018
9/06/2006;3,07;3,143;3,016;11642832;3,018;2,846
12/06/2006;3,04;3,046;2,846;12000219;2,846;2,735
13/06/2006;2,781;2,887;2,696;18046973;2,735;2,797
14/06/2006;2,814;2,845;2,67;12761636;2,797;3,04
15/06/2006;2,876;3,074;2,876;14663123;3,04;3,044
16/06/2006;2,968;3,057;2,927;11489177;3,044;3,007
19/06/2006;3,05;3,1;3,001;17388450;3,007;3,123
20/06/2006;3,017;3,137;2,998;12459127;3,123;3,239
21/06/2006;3,099;3,245;3,099;15162503;3,239;3,195
22/06/2006;3,239;3,251;3,148;11915845;3,195;3,224
23/06/2006;3,106;3,248;3,082;5830677;3,224;3,26
26/06/2006;3,259;3,305;3,233;6301247;3,26;3,131
27/06/2006;3,253;3,263;3,123;15423855;3,131;3,165
28/06/2006;3,154;3,171;3,09;9663146;3,165;3,442
29/06/2006;3,196;3,442;3,18;13450342;3,442;3,511
30/06/2006;3,521;3,543;3,428;11835588;3,511;3,674
3/07/2006;3,576;3,689;3,576;6352694;3,674;3,503
5/07/2006;3,515;3,576;3,465;11016549;3,503;3,537
6/07/2006;3,503;3,571;3,494;6358867;3,537;3,452
7/07/2006;3,538;3,547;3,401;6379446;3,452;3,494
10/07/2006;3,503;3,536;3,441;6014514;3,494;3,529
11/07/2006;3,461;3,538;3,423;6397281;3,529;3,397
12/07/2006;3,514;3,534;3,394;5319635;3,397;3,283
13/07/2006;3,341;3,358;3,261;8754933;3,283;3,241
14/07/2006;3,308;3,316;3,199;7749998;3,241;3,201
17/07/2006;3,241;3,272;3,188;5176955;3,201;3,227
18/07/2006;3,251;3,27;3,123;9421002;3,227;3,479
19/07/2006;3,231;3,501;3,231;11384225;3,479;3,412
20/07/2006;3,527;3,544;3,41;8071714;3,412;3,425
21/07/2006;3,443;3,448;3,383;5397835;3,425;3,571
24/07/2006;3,501;3,586;3,489;5596764;3,571;3,642
25/07/2006;3,599;3,648;3,56;11000772;3,642;3,636
26/07/2006;3,606;3,671;3,584;8341297;3,636;3,591
27/07/2006;3,672;3,696;3,55;10801843;3,591;3,718
28/07/2006;3,613;3,747;3,612;10012987;3,718;3,715
31/07/2006;3,72;3,724;3,661;7837801;3,715;3,558
1/08/2006;3,642;3,642;3,544;8885951;3,558;3,585
2/08/2006;3,588;3,603;3,507;13119708;3,585;3,508
3/08/2006;3,519;3,535;3,491;17269778;3,508;3,62
4/08/2006;3,6;3,684;3,593;11899382;3,62;3,559
7/08/2006;3,605;3,605;3,546;5303858;3,559;3,535
8/08/2006;3,606;3,608;3,508;8579326;3,535;3,511
9/08/2006;3,588;3,635;3,499;6332801;3,511;3,603
10/08/2006;3,515;3,612;3,491;6540647;3,603;3,529
11/08/2006;3,612;3,63;3,515;2830279;3,529;3,453
14/08/2006;3,546;3,555;3,437;3710368;3,453;3,63
15/08/2006;3,514;3,645;3,506;6414430;3,63;3,721
16/08/2006;3,72;3,748;3,659;8182840;3,721;3,719
17/08/2006;3,744;3,776;3,673;5825875;3,719;3,706
18/08/2006;3,718;3,726;3,661;4484819;3,706;3,629
21/08/2006;3,678;3,69;3,629;2845370;3,629;3,624
22/08/2006;3,595;3,68;3,584;7044143;3,624;3,527
23/08/2006;3,624;3,65;3,515;6638054;3,527;3,494
24/08/2006;3,531;3,544;3,405;12283521;3,494;3,455
25/08/2006;3,501;3,536;3,442;4808593;3,455;3,601
28/08/2006;3,431;3,621;3,429;6225105;3,601;3,626
29/08/2006;3,66;3,66;3,568;4733824;3,626;3,631
30/08/2006;3,662;3,682;3,614;6353380;3,631;3,665
31/08/2006;3,678;3,697;3,615;8522391;3,665;3,777
1/09/2006;3,686;3,797;3,674;11055649;3,777;3,737
5/09/2006;3,757;3,768;3,726;5800494;3,737;3,607
6/09/2006;3,618;3,662;3,596;5781973;3,607;3,558
7/09/2006;3,585;3,619;3,483;5069945;3,558;3,578
8/09/2006;3,576;3,611;3,553;2707492;3,578;3,532
11/09/2006;3,515;3,576;3,466;6406199;3,532;3,673
12/09/2006;3,532;3,683;3,525;9016970;3,673;3,736
13/09/2006;3,684;3,767;3,673;6108491;3,736;3,701
14/09/2006;3,737;3,767;3,691;4092449;3,701;3,751
15/09/2006;3,738;3,774;3,706;5447910;3,751;3,78
18/09/2006;3,757;3,828;3,75;4969108;3,78;3,698
19/09/2006;3,765;3,768;3,613;6906951;3,698;3,678
20/09/2006;3,732;3,748;3,608;6777990;3,678;3,509
21/09/2006;3,642;3,678;3,473;13187619;3,509;3,447
22/09/2006;3,483;3,483;3,391;13084038;3,447;3,443
25/09/2006;3,437;3,453;3,298;11865770;3,443;3,53
26/09/2006;3,479;3,653;3,471;9656287;3,53;3,54
27/09/2006;3,518;3,562;3,505;5663988;3,54;3,618
28/09/2006;3,561;3,63;3,509;9405910;3,618;3,612
29/09/2006;3,591;3,633;3,566;4706385;3,612;3,668
2/10/2006;3,73;3,749;3,668;9420316;3,668;3,588
3/10/2006;3,648;3,648;3,576;11574922;3,588;3,794
4/10/2006;3,606;3,81;3,582;12273917;3,794;3,934
5/10/2006;3,815;3,934;3,797;11014491;3,934;3,891
6/10/2006;3,851;3,901;3,841;7863182;3,891;3,92
9/10/2006;3,88;3,944;3,874;5095325;3,92;3,978
10/10/2006;3,951;3,993;3,938;9932043;3,978;3,959
11/10/2006;3,912;3,997;3,891;8744643;3,959;4,078
12/10/2006;3,956;4,08;3,956;5861545;4,078;4,092
13/10/2006;4,051;4,122;4,048;9453928;4,092;4,064
16/10/2006;4,084;4,091;4,022;4886107;4,064;4,032
17/10/2006;4,015;4,054;3,931;9842182;4,032;4,028
18/10/2006;4,074;4,105;4,007;7209460;4,028;4,038
19/10/2006;4,007;4,045;3,979;5988448;4,038;4,021
20/10/2006;4,045;4,045;3,975;3979951;4,021;4,134
23/10/2006;4,008;4,148;3,987;11727892;4,134;4,145
24/10/2006;4,134;4,181;4,121;8086120;4,145;4,151
25/10/2006;4,133;4,181;4,11;12442664;4,151;4,185
26/10/2006;4,202;4,214;4,142;10555583;4,185;4,131
27/10/2006;4,133;4,196;4,113;4804478;4,131;4,015
30/10/2006;4,079;4,084;4,003;8921621;4,015;3,997
31/10/2006;4,045;4,055;3,959;9208353;3,997;3,981
1/11/2006;4,021;4,05;3,952;8886637;3,981;3,972
2/11/2006;3,975;4,005;3,919;3708310;3,972;4,004
3/11/2006;4,026;4,031;3,966;6494002;4,004;4,037
6/11/2006;4,042;4,055;4,02;7221122;4,037;4,028
7/11/2006;4,04;4,063;4,007;6601012;4,028;4,061
8/11/2006;3,985;4,09;3,972;5914364;4,061;3,998
9/11/2006;4,098;4,133;3,952;8820099;3,998;3,998
10/11/2006;3,95;4,002;3,934;8054565;3,998;3,979
13/11/2006;3,913;3,986;3,898;4898454;3,979;4,098
14/11/2006;4,036;4,11;4,007;6590037;4,098;4,114
15/11/2006;4,122;4,162;4,09;5117276;4,114;4,074
16/11/2006;4,135;4,135;4,061;3672640;4,074;4,086
17/11/2006;4,033;4,101;4,007;5798436;4,086;4,062
20/11/2006;4,123;4,133;4,016;4392900;4,062;4,05
21/11/2006;4,063;4,063;3,998;10253073;4,05;4,132
22/11/2006;4,076;4,137;4,054;6148277;4,132;4,051
24/11/2006;4,045;4,079;4,044;3238426;4,051;3,907
27/11/2006;4,002;4,019;3,871;9036177;3,907;3,95
28/11/2006;3,909;3,954;3,871;6902149;3,95;4,02
29/11/2006;4,003;4,052;3,992;7501680;4,02;4,031
30/11/2006;4,056;4,056;3,992;6829437;4,031;4,02
1/12/2006;4,022;4,045;3,946;8246635;4,02;4,078
4/12/2006;3,997;4,103;3,984;7398786;4,078;4,142
5/12/2006;4,117;4,161;4,107;8040160;4,142;4,151
6/12/2006;4,125;4,198;4,117;6420604;4,151;4,131
7/12/2006;4,194;4,205;4,114;3180120;4,131;4,121
8/12/2006;4,111;4,163;4,101;7789098;4,121;4,179
11/12/2006;4,154;4,179;4,143;5181071;4,179;4,119
12/12/2006;4,154;4,156;4,079;5263386;4,119;4,156
13/12/2006;4,19;4,19;4,114;4971166;4,156;4,225
14/12/2006;4,202;4,245;4,192;6087226;4,225;4,247
15/12/2006;4,226;4,308;4,217;8228114;4,247;4,204
18/12/2006;4,25;4,306;4,184;8292594;4,204;4,193
19/12/2006;4,154;4,207;4,133;5805296;4,193;4,217
20/12/2006;4,211;4,217;4,176;6268320;4,217;4,232
21/12/2006;4,192;4,237;4,15;6635310;4,232;4,227
22/12/2006;4,293;4,293;4,186;7029738;4,227;4,239
26/12/2006;4,222;4,25;4,2;3212360;4,239;4,35
27/12/2006;4,256;4,356;4,243;7717758;4,35;4,361
28/12/2006;4,324;4,37;4,316;4848379;4,361;4,352
29/12/2006;4,358;4,387;4,316;6162682;4,352;4,42
3/01/2007;4,4;4,465;4,376;7315784;4,42;4,4
4/01/2007;4,42;4,434;4,364;6821892;4,4;4,262
5/01/2007;4,394;4,418;4,204;13647213;4,262;4,294
8/01/2007;4,276;4,31;4,21;9209039;4,294;4,186
9/01/2007;4,287;4,305;4,133;11758074;4,186;4,205
10/01/2007;4,129;4,232;4,067;17386392;4,205;4,262
11/01/2007;4,214;4,359;4,205;10818306;4,262;4,317
12/01/2007;4,279;4,326;4,226;8079260;4,317;4,373
16/01/2007;4,293;4,391;4,284;11753272;4,373;4,358
17/01/2007;4,339;4,409;4,311;9866877;4,358;4,345
18/01/2007;4,424;4,445;4,335;11695651;4,345;4,436
19/01/2007;4,361;4,457;4,361;7086673;4,436;4,423
22/01/2007;4,492;4,507;4,374;6448042;4,423;4,447
23/01/2007;4,423;4,47;4,379;6632566;4,447;4,498
24/01/2007;4,457;4,515;4,416;5982274;4,498;4,38
25/01/2007;4,571;4,575;4,363;8267900;4,38;4,475
26/01/2007;4,47;4,515;4,394;8822157;4,475;4,361
29/01/2007;4,456;4,47;4,356;8437332;4,361;4,406
30/01/2007;4,403;4,429;4,353;6086540;4,406;4,451
31/01/2007;4,406;4,483;4,373;7128517;4,451;4,52
1/02/2007;4,539;4,551;4,479;6844528;4,52;4,515
2/02/2007;4,538;4,55;4,492;5160492;4,515;4,552
5/02/2007;4,545;4,6;4,515;6788280;4,552;4,55
6/02/2007;4,583;4,591;4,535;5010266;4,55;4,55
7/02/2007;4,545;4,583;4,518;7010531;4,55;4,533
8/02/2007;4,524;4,553;4,433;7199857;4,533;4,463
9/02/2007;4,533;4,554;4,394;9390133;4,463;4,4
12/02/2007;4,44;4,445;4,339;8576582;4,4;4,359
13/02/2007;4,396;4,397;4,304;12245793;4,359;4,503
14/02/2007;4,388;4,527;4,385;17805515;4,503;4,499
15/02/2007;4,479;4,542;4,453;7635443;4,499;4,426
16/02/2007;4,45;4,464;4,409;6227849;4,426;4,457
20/02/2007;4,436;4,477;4,403;7241700;4,457;4,426
21/02/2007;4,4;4,438;4,367;6096144;4,426;4,418
22/02/2007;4,456;4,47;4,394;10132344;4,418;4,334
23/02/2007;4,416;4,43;4,317;9158964;4,334;4,358
26/02/2007;4,406;4,406;4,322;8891439;4,358;4,06
27/02/2007;4,178;4,18;3,956;33826156;4,06;4,113
28/02/2007;4,096;4,167;4,064;28604614;4,113;4,069
1/03/2007;3,889;4,111;3,818;24908651;4,069;3,936
2/03/2007;4,001;4,026;3,909;25054075;3,936;3,86
5/03/2007;3,833;3,93;3,798;19966981;3,86;4,095
6/03/2007;3,995;4,111;3,971;27515992;4,095;4,034
7/03/2007;4,075;4,151;4,027;10718842;4,034;4,103
8/03/2007;4,127;4,162;4,087;9600724;4,103;4,174
9/03/2007;4,178;4,192;4,086;9055384;4,174;4,217
12/03/2007;4,154;4,249;4,143;10652303;4,217;4,048
13/03/2007;4,139;4,16;4,036;14709082;4,048;4,07
14/03/2007;4,015;4,07;3,902;21653075;4,07;4,072
15/03/2007;4,076;4,129;4,03;10873869;4,072;4,024
16/03/2007;4,117;4,117;3,978;10353224;4,024;4,175
19/03/2007;4,108;4,209;4,105;11303281;4,175;4,207
20/03/2007;4,199;4,247;4,163;8682221;4,207;4,411
21/03/2007;4,226;4,426;4,208;17065362;4,411;4,403
22/03/2007;4,41;4,438;4,371;6411000;4,403;4,367
23/03/2007;4,379;4,427;4,314;7485217;4,367;4,376
26/03/2007;4,371;4,39;4,304;4222096;4,376;4,321
27/03/2007;4,358;4,362;4,315;5914364;4,321;4,166
28/03/2007;4,262;4,264;4,135;21074809;4,166;4,231
29/03/2007;4,234;4,256;4,128;16793035;4,231;4,192
30/03/2007;4,232;4,281;4,16;8874290;4,192;4,175
2/04/2007;4,215;4,232;4,129;8028499;4,175;4,292
3/04/2007;4,253;4,349;4,243;12975656;4,292;4,371
4/04/2007;4,31;4,388;4,3;9595236;4,371;4,406
5/04/2007;4,356;4,408;4,329;18837887;4,406;4,461
9/04/2007;4,455;4,479;4,432;7044829;4,461;4,463
10/04/2007;4,446;4,475;4,438;9142501;4,463;4,362
11/04/2007;4,457;4,473;4,32;15231785;4,362;4,411
12/04/2007;4,302;4,412;4,262;13903763;4,411;4,467
13/04/2007;4,43;4,475;4,349;9919010;4,467;4,577
16/04/2007;4,503;4,595;4,497;15816911;4,577;4,687
17/04/2007;4,612;4,694;4,601;16312175;4,687;4,618
18/04/2007;4,616;4,68;4,616;10458176;4,618;4,671
19/04/2007;4,56;4,695;4,53;9174055;4,671;4,756
20/04/2007;4,725;4,756;4,701;9578087;4,756;4,709
23/04/2007;4,749;4,81;4,704;9291355;4,709;4,616
24/04/2007;4,68;4,692;4,562;10297661;4,616;4,748
25/04/2007;4,7;4,758;4,676;8722692;4,748;4,76
26/04/2007;4,74;4,825;4,713;15068526;4,76;4,725
27/04/2007;4,693;4,74;4,635;8757676;4,725;4,645
30/04/2007;4,74;4,762;4,645;5420471;4,645;4,674
1/05/2007;4,87;4,87;4,611;5304544;4,674;4,808
2/05/2007;4,735;4,824;4,713;7366546;4,808;4,918
3/05/2007;4,864;4,919;4,813;8882521;4,918;4,938
4/05/2007;4,936;4,975;4,905;7322644;4,938;4,999
7/05/2007;4,948;5,029;4,94;5622830;4,999;4,996
8/05/2007;4,991;5,007;4,906;10386836;4,996;5,191
9/05/2007;5,008;5,212;4,996;19231630;5,191;4,981
10/05/2007;5,113;5,212;4,977;16225744;4,981;5,107
11/05/2007;4,984;5,109;4,978;12940672;5,107;4,988
14/05/2007;5,107;5,125;4,959;6520754;4,988;5,049
15/05/2007;5,029;5,105;4,991;9034805;5,049;5,29
16/05/2007;5,114;5,29;5,097;14543766;5,29;5,361
17/05/2007;5,227;5,39;5,184;18852293;5,361;5,484
18/05/2007;5,363;5,51;5,359;17037237;5,484;5,546
21/05/2007;5,502;5,587;5,491;14097204;5,546;5,472
22/05/2007;5,573;5,573;5,409;12854927;5,472;5,376
23/05/2007;5,484;5,514;5,338;16255927;5,376;5,167
24/05/2007;5,35;5,365;5,126;25528074;5,167;5,277
25/05/2007;5,25;5,277;5,179;10997342;5,277;5,29
29/05/2007;5,354;5,391;5,218;10129600;5,29;5,339
30/05/2007;5,167;5,35;5,138;15860812;5,339;5,308
31/05/2007;5,362;5,366;5,268;10089129;5,308;5,495
1/06/2007;5,392;5,551;5,392;15390929;5,495;5,398
4/06/2007;5,418;5,487;5,318;13073063;5,398;5,319
5/06/2007;5,357;5,382;5,264;7608004;5,319;5,205
6/06/2007;5,231;5,253;5,121;11483003;5,205;5,079
7/06/2007;5,189;5,219;5,001;14667925;5,079;5,18
8/06/2007;5,109;5,223;5,065;15491765;5,18;5,295
11/06/2007;5,213;5,382;5,2;12359663;5,295;5,147
12/06/2007;5,262;5,284;5,125;14460764;5,147;5,307
13/06/2007;5,237;5,307;5,155;9287925;5,307;5,403
14/06/2007;5,357;5,472;5,354;11144138;5,403;5,502
15/06/2007;5,48;5,559;5,48;15367606;5,502;5,495
18/06/2007;5,546;5,565;5,412;9190518;5,495;5,515
19/06/2007;5,461;5,548;5,448;10568616;5,515;5,388
20/06/2007;5,589;5,61;5,37;11085831;5,388;5,453
21/06/2007;5,428;5,563;5,347;10108335;5,453;5,347
22/06/2007;5,421;5,437;5,315;8082690;5,347;5,301
25/06/2007;5,312;5,424;5,262;6980349;5,301;5,266
26/06/2007;5,408;5,425;5,248;8601277;5,266;5,315
27/06/2007;5,177;5,315;5,165;7911199;5,315;5,36
28/06/2007;5,324;5,391;5,315;9071847;5,36;5,35
29/06/2007;5,382;5,426;5,291;8545028;5,35;5,459
2/07/2007;5,418;5,489;5,408;8814611;5,459;5,459
3/07/2007;5,514;5,514;5,426;2730129;5,459;5,407
5/07/2007;5,479;5,479;5,349;12402878;5,407;5,479
6/07/2007;5,472;5,495;5,439;8739841;5,479;5,525
9/07/2007;5,49;5,554;5,481;7430340;5,525;5,42
10/07/2007;5,436;5,484;5,404;6990638;5,42;5,591
11/07/2007;5,416;5,604;5,395;11282702;5,591;5,862
12/07/2007;5,65;5,909;5,645;18346053;5,862;5,875
13/07/2007;5,935;5,939;5,821;10357340;5,875;5,958
16/07/2007;5,875;5,998;5,866;9586318;5,958;6,003
17/07/2007;5,992;6,035;5,941;9547219;6,003;6,047
18/07/2007;5,969;6,052;5,927;13910623;6,047;6,128
19/07/2007;6,089;6,152;6,081;9233048;6,128;5,982
20/07/2007;6,108;6,123;5,916;11605790;5,982;6,147
23/07/2007;6,032;6,162;5,998;8626658;6,147;5,767
24/07/2007;6,081;6,087;5,695;15821713;5,767;5,746
25/07/2007;5,798;5,867;5,559;21351252;5,746;5,456
26/07/2007;5,487;5,533;5,201;24583505;5,456;5,327
27/07/2007;5,478;5,5;5,315;23445494;5,327;5,531
30/07/2007;5,461;5,59;5,337;17176488;5,531;5,507
31/07/2007;5,638;5,683;5,49;21704522;5,507;5,496
1/08/2007;5,41;5,519;5,318;22144910;5,496;5,592
2/08/2007;5,616;5,645;5,512;14292017;5,592;5,296
3/08/2007;5,544;5,611;5,285;20955452;5,296;5,435
6/08/2007;5,327;5,435;5,144;17393252;5,435;5,273
7/08/2007;5,337;5,398;5,18;33723948;5,273;5,348
8/08/2007;5,37;5,495;5,267;23643737;5,348;5,159
9/08/2007;5,132;5,284;5,065;20906749;5,159;5,13
10/08/2007;4,997;5,193;4,902;22930336;5,13;5,037
13/08/2007;5,201;5,233;5,002;13112163;5,037;4,861
14/08/2007;5,026;5,03;4,748;30242005;4,861;4,564
15/08/2007;4,786;4,865;4,501;41462285;4,564;4,368
16/08/2007;4,192;4,394;4,027;60163666;4,368;4,712
17/08/2007;4,616;4,828;4,38;53707392;4,712;4,759
20/08/2007;4,783;4,816;4,615;20872451;4,759;4,793
21/08/2007;4,693;4,836;4,683;11679874;4,793;5,019
22/08/2007;4,925;5,019;4,886;19479262;5,019;5,032
23/08/2007;5,081;5,1;4,896;14558171;5,032;5,196
24/08/2007;4,969;5,205;4,953;12535269;5,196;5,161
27/08/2007;5,195;5,249;5,111;14202842;5,161;4,863
28/08/2007;5,148;5,148;4,84;17133958;4,863;5,022
29/08/2007;4,982;5,026;4,873;16596850;5,022;4,971
30/08/2007;4,934;5,081;4,901;14337291;4,971;5,241
31/08/2007;5,13;5,302;5,107;14963574;5,241;5,291
4/09/2007;5,233;5,307;5,217;16510418;5,291;5,061
5/09/2007;5,152;5,195;5,029;17185405;5,061;5,126
6/09/2007;5,158;5,165;5,058;9696758;5,126;4,981
7/09/2007;4,952;5,005;4,864;11881547;4,981;4,932
10/09/2007;5,016;5,03;4,836;12208751;4,932;5,024
11/09/2007;5,019;5,053;4,967;11669585;5,024;5,049
12/09/2007;5,035;5,107;5,002;10623493;5,049;5,148
13/09/2007;5,1;5,194;5,077;15368292;5,148;5,19
14/09/2007;5,123;5,288;5,101;12827489;5,19;5,034
17/09/2007;5,167;5,179;5,006;9436093;5,034;5,435
18/09/2007;5,119;5,487;5,073;23643737;5,435;5,495
19/09/2007;5,559;5,637;5,435;17509865;5,495;5,451
20/09/2007;5,549;5,648;5,403;14842845;5,451;5,544
21/09/2007;5,513;5,565;5,48;10563128;5,544;5,578
24/09/2007;5,551;5,618;5,538;14187751;5,578;5,64
25/09/2007;5,501;5,64;5,495;10362827;5,64;5,851
26/09/2007;5,715;5,925;5,702;14194611;5,851;6,071
27/09/2007;5,979;6,081;5,944;15517832;6,071;6,094
28/09/2007;6,071;6,126;5,992;14398342;6,094;6,307
1/10/2007;6,092;6,387;6,092;15246877;6,307;6,378
2/10/2007;6,282;6,416;6,203;18471584;6,378;6,092
3/10/2007;6,276;6,342;6,058;16038477;6,092;6,16
4/10/2007;6,146;6,241;5,998;16928169;6,16;6,587
5/10/2007;6,365;6,587;6,319;24537545;6,587;6,601
8/10/2007;6,591;6,626;6,499;23362493;6,601;6,858
9/10/2007;6,655;6,862;6,624;13965157;6,858;6,687
10/10/2007;6,788;6,858;6,595;10173502;6,687;6,47
11/10/2007;6,74;6,754;6,328;16954236;6,47;6,612
12/10/2007;6,417;6,677;6,417;13752165;6,612;6,417
15/10/2007;6,547;6,622;6,309;11670271;6,417;6,191
16/10/2007;6,304;6,451;6,157;12685152;6,191;6,369
17/10/2007;6,359;6,398;6,191;11274128;6,369;6,504
18/10/2007;6,282;6,573;6,251;8194159;6,504;6,13
19/10/2007;6,475;6,475;6,097;10499334;6,13;6,21
22/10/2007;5,998;6,239;5,788;13130341;6,21;6,431
23/10/2007;6,304;6,492;6,297;12363778;6,431;6,33
24/10/2007;6,393;6,465;6,121;10984652;6,33;6,381
25/10/2007;6,359;6,429;6,176;11495351;6,381;6,73
26/10/2007;6,501;6,737;6,429;11359187;6,73;6,85
29/10/2007;6,773;6,932;6,764;10274338;6,85;6,715
30/10/2007;6,72;6,821;6,61;6473766;6,715;6,874
31/10/2007;6,831;6,918;6,691;13159151;6,874;6,561
1/11/2007;6,655;6,735;6,53;12398419;6,561;6,631
2/11/2007;6,718;6,718;6,357;8620141;6,631;6,451
5/11/2007;6,388;6,489;6,316;11756016;6,451;6,573
6/11/2007;6,528;6,602;6,417;17217645;6,573;6,219
7/11/2007;6,402;6,458;6,183;13291199;6,219;6,205
8/11/2007;6,297;6,345;5,931;20571313;6,205;5,962
9/11/2007;5,933;6,193;5,878;17818205;5,962;5,651
12/11/2007;5,971;6,056;5,61;18884876;5,651;6,311
13/11/2007;6,005;6,4;5,916;22663154;6,311;6,289
14/11/2007;6,364;6,46;6,229;16807783;6,289;6,123
15/11/2007;6,162;6,422;6,08;12605923;6,123;6,402
16/11/2007;6,376;6,477;6,236;16220943;6,402;6,053
19/11/2007;6,366;6,369;6,008;15138495;6,053;6,106
20/11/2007;5,986;6,352;5,885;11313228;6,106;5,668
21/11/2007;5,923;5,923;5,574;24927172;5,668;5,646
23/11/2007;5,798;5,798;5,586;9786619;5,646;5,43
26/11/2007;5,562;5,683;5,379;19313259;5,43;5,709
27/11/2007;5,422;5,832;5,391;25271182;5,709;6,381
28/11/2007;6,008;6,492;6,008;29171218;6,381;6,337
29/11/2007;6,301;6,443;6,162;18372119;6,337;6,631
30/11/2007;6,528;6,646;6,501;20441666;6,631;6,595
3/12/2007;6,624;6,764;6,532;14716628;6,595;6,525
4/12/2007;6,405;6,614;6,354;11219251;6,525;6,718
5/12/2007;6,655;6,754;6,566;10226321;6,718;6,833
6/12/2007;6,679;6,865;6,636;14090002;6,833;6,877
7/12/2007;6,766;6,915;6,766;11915502;6,877;6,877
10/12/2007;6,891;6,976;6,814;10769260;6,877;6,547
11/12/2007;6,93;7,074;6,443;17596639;6,547;6,754
12/12/2007;6,935;7,065;6,549;18883504;6,754;6,441
13/12/2007;6,576;6,576;6,309;19759820;6,441;6,333
14/12/2007;6,347;6,489;6,181;18357714;6,333;5,984
17/12/2007;6,359;6,359;5,918;17506435;5,984;6,111
18/12/2007;6,138;6,234;5,87;14872341;6,111;6,239
19/12/2007;6,205;6,333;6,15;13953152;6,239;6,292
20/12/2007;6,342;6,398;6,162;11235028;6,292;6,207
21/12/2007;6,325;6,412;6,186;16965897;6,207;6,393
24/12/2007;6,135;6,453;6,135;3734720;6,393;6,492
26/12/2007;6,496;6,525;6,371;7191968;6,492;6,359
27/12/2007;6,434;6,451;6,311;9987606;6,359;6,27
28/12/2007;6,448;6,448;6,232;7984597;6,27;6,227
31/12/2007;6,241;6,393;6,186;7253705;6,227;6,003
2/01/2008;6,256;6,282;5,875;17757840;6,003;5,916
3/01/2008;5,952;6,003;5,851;13682540;5,916;5,897
4/01/2008;5,803;5,967;5,673;22959490;5,897;5,885
7/01/2008;5,916;6,003;5,714;15493480;5,885;5,798
8/01/2008;6,022;6,114;5,779;15099395;5,798;6,017
9/01/2008;5,825;6,039;5,675;21098475;6,017;6,183
10/01/2008;5,986;6,222;5,858;21806731;6,183;5,945
11/01/2008;6,058;6,162;5,906;21294660;5,945;6,056
14/01/2008;6,068;6,104;5,971;9222073;6,056;5,743
15/01/2008;5,914;5,914;5,637;17823350;5,743;5,444
16/01/2008;5,603;5,697;5,36;23299384;5,444;5,276
17/01/2008;5,577;5,625;5,225;23282235;5,276;5,314
18/01/2008;5,456;5,456;5,117;18720931;5,314;5,187
22/01/2008;5,088;5,319;5,004;39293959;5,187;5,242
23/01/2008;4,929;5,483;4,837;40737909;5,242;5,581
24/01/2008;5,35;5,663;5,331;32515283;5,581;5,408
25/01/2008;5,733;5,779;5,341;16792006;5,408;5,468
28/01/2008;5,442;5,553;5,377;23168365;5,468;5,565
29/01/2008;5,613;5,613;5,394;22830529;5,565;5,49
30/01/2008;5,461;5,687;5,319;28329200;5,49;5,605
31/01/2008;5,396;5,651;5,252;28243455;5,605;5,367
1/02/2008;5,348;5,538;5,261;37738883;5,367;5,244
4/02/2008;5,42;5,447;5,201;14849019;5,244;5,016
5/02/2008;5,129;5,225;4,948;27811299;5,016;4,934
6/02/2008;4,967;5,09;4,823;35654588;4,934;5,044
7/02/2008;4,97;5,112;4,845;26911660;5,044;5,011
8/02/2008;5,008;5,076;4,938;20566512;5,011;5,131
11/02/2008;4,951;5,201;4,951;21103620;5,131;5,415
12/02/2008;5,372;5,598;5,304;38116162;5,415;5,805
13/02/2008;5,62;5,825;5,574;35976304;5,805;5,574
14/02/2008;5,779;5,801;5,512;22328062;5,574;5,581
15/02/2008;5,473;5,625;5,382;16540944;5,581;5,675
19/02/2008;5,849;5,885;5,644;23988433;5,675;5,849
20/02/2008;5,639;5,856;5,596;19759477;5,849;5,863
21/02/2008;5,928;6,133;5,796;26847179;5,863;6,024
22/02/2008;5,967;6,039;5,738;24913453;6,024;6,058
25/02/2008;5,95;6,068;5,815;30359648;6,058;6,272
26/02/2008;6,036;6,289;6,017;20681410;6,272;6,501
27/02/2008;6,258;6,561;6,239;36681473;6,501;6,366
28/02/2008;6,386;6,48;6,354;19063912;6,366;6,101
29/02/2008;6,287;6,297;6,056;21720300;6,101;6,239
3/03/2008;6,085;6,294;5,967;19237117;6,239;6,104
4/03/2008;6,256;6,275;5,899;23511689;6,104;6,369
5/03/2008;6,219;6,395;5,868;18809763;6,369;6,101
6/03/2008;6,337;6,388;6,082;13340588;6,101;5,962
7/03/2008;5,935;6,121;5,902;15056522;5,962;5,793
10/03/2008;5,933;5,947;5,755;14213818;5,793;6,145
11/03/2008;5,827;6,145;5,827;17887487;6,145;5,974
12/03/2008;6,152;6,248;5,95;16092325;5,974;6,039
13/03/2008;5,769;6,058;5,733;19360933;6,039;5,844
14/03/2008;6,116;6,116;5,709;21747738;5,844;5,634
17/03/2008;5,596;5,74;5,463;28820349;5,634;5,88
18/03/2008;5,642;5,897;5,642;28282898;5,88;5,54
19/03/2008;5,914;5,928;5,492;26950074;5,54;5,555
20/03/2008;5,454;5,589;5,296;19983787;5,555;5,439
24/03/2008;5,579;5,658;5,413;23848840;5,439;5,675
25/03/2008;5,565;5,743;5,507;27147631;5,675;5,639
26/03/2008;5,719;5,735;5,48;15114829;5,639;5,48
27/03/2008;5,704;5,711;5,459;16698372;5,48;5,41
28/03/2008;5,48;5,492;5,314;13300802;5,41;5,48
31/03/2008;5,355;5,593;5,324;16671277;5,48;5,709
1/04/2008;5,605;5,733;5,562;28198867;5,709;5,76
2/04/2008;5,75;5,938;5,697;19108499;5,76;5,81
3/04/2008;5,687;5,873;5,685;15813481;5,81;5,81
4/04/2008;5,81;5,853;5,719;20379244;5,81;5,926
7/04/2008;5,918;6,017;5,885;19422327;5,926;6,005
8/04/2008;5,863;6,049;5,844;16322122;6,005;5,909
9/04/2008;6,005;6,034;5,798;16487782;5,909;5,89
10/04/2008;5,916;5,943;5,796;14077311;5,89;5,75
11/04/2008;5,817;5,822;5,711;16123193;5,75;5,714
14/04/2008;5,75;5,757;5,658;13280567;5,714;5,748
15/04/2008;5,75;5,793;5,711;11438416;5,748;6,082
16/04/2008;5,868;6,14;5,858;22645662;6,082;6,337
17/04/2008;6,152;6,381;6,126;20573371;6,337;6,393
18/04/2008;6,362;6,477;6,335;17205984;6,393;6,436
21/04/2008;6,494;6,494;6,342;9362009;6,436;6,415
22/04/2008;6,386;6,422;6,318;22054363;6,415;6,321
23/04/2008;6,395;6,398;6,241;14514612;6,321;6,26
24/04/2008;6,337;6,359;6,15;13919540;6,26;6,323
25/04/2008;6,333;6,383;6,229;13420503;6,323;6,398
28/04/2008;6,39;6,484;6,366;13174585;6,398;6,205
29/04/2008;6,345;6,369;6,145;11586584;6,205;6,754
30/04/2008;6,253;6,971;6,236;36928762;6,754;7,142
1/05/2008;6,862;7,166;6,715;29200715;7,142;7,214
2/05/2008;7,582;7,789;7,019;40712185;7,214;7,212
5/05/2008;7,13;7,231;7,12;15733224;7,212;6,947
6/05/2008;7,115;7,163;6,877;31583747;6,947;6,634
7/05/2008;6,937;6,966;6,554;26940127;6,634;6,72
8/05/2008;6,658;6,838;6,605;20967113;6,72;6,667
9/05/2008;6,638;6,72;6,557;12605580;6,667;6,814
12/05/2008;6,725;6,855;6,605;13663333;6,814;6,732
13/05/2008;6,836;6,85;6,655;13385862;6,732;6,66
14/05/2008;6,658;6,718;6,629;15895454;6,66;6,838
15/05/2008;6,691;6,838;6,636;19984130;6,838;6,898
16/05/2008;6,944;6,947;6,812;17092800;6,898;6,959
19/05/2008;6,923;7,072;6,898;23670832;6,959;6,915
20/05/2008;6,92;6,956;6,802;13879411;6,915;6,672
21/05/2008;6,853;6,886;6,636;19178125;6,672;6,648
22/05/2008;6,622;6,766;6,554;9156906;6,648;6,672
23/05/2008;6,713;6,715;6,59;16191103;6,672;6,776
27/05/2008;6,631;6,793;6,607;15907801;6,776;7,11
28/05/2008;6,886;7,137;6,795;18143008;7,11;7,132
29/05/2008;7,108;7,385;7,004;27981074;7,132;7,395
30/05/2008;7,187;7,414;7,173;18903397;7,395;7,118
2/06/2008;7,323;7,325;7,065;16571469;7,118;6,92
3/06/2008;7,118;7,183;6,903;17012200;6,92;6,87
4/06/2008;6,884;6,997;6,829;14386337;6,87;7,13
5/06/2008;6,942;7,13;6,911;11565319;7,13;6,87
6/06/2008;7,125;7,125;6,853;14553712;6,87;6,781
9/06/2008;6,966;6,966;6,701;21262763;6,781;6,489
10/06/2008;6,655;6,667;6,39;30333238;6,489;6,39
11/06/2008;6,474;6,525;6,33;22754456;6,39;6,561
12/06/2008;6,42;6,622;6,42;23108687;6,561;6,625
13/06/2008;6,631;6,685;6,531;17046978;6,625;6,646
16/06/2008;6,588;6,712;6,57;12235092;6,646;6,941
17/06/2008;6,853;7,061;6,79;22923477;6,941;6,736
18/06/2008;6,886;6,886;6,667;25197029;6,736;6,727
19/06/2008;6,709;6,733;6,637;13839420;6,727;6,432
20/06/2008;6,679;6,679;6,408;27281805;6,432;6,417
23/06/2008;6,498;6,519;6,339;13440739;6,417;6,321
24/06/2008;6,384;6,387;6,236;23641816;6,321;6,441
25/06/2008;6,306;6,567;6,281;30757711;6,441;6,119
26/06/2008;6,348;6,348;6,086;34481936;6,119;6,122
27/06/2008;6,068;6,176;6,035;16726771;6,122;6,113
30/06/2008;6,173;6,2;6,044;16590676;6,113;6,017
1/07/2008;5,917;6,14;5,902;35010127;6,017;5,962
2/07/2008;6,098;6,158;5,938;39848902;5,962;5,932
3/07/2008;5,987;6,074;5,911;20922937;5,932;5,848
7/07/2008;5,923;5,996;5,713;26837301;5,848;5,899
8/07/2008;5,776;5,926;5,658;26855685;5,899;5,824
9/07/2008;5,956;6,119;5,658;24035010;5,824;5,965
10/07/2008;5,752;5,984;5,731;29070794;5,965;5,863
11/07/2008;5,845;5,996;5,803;21673654;5,863;5,866
14/07/2008;6,017;6,017;5,845;16475160;5,866;5,737
15/07/2008;5,734;5,884;5,619;35568225;5,737;6,254
16/07/2008;5,809;6,272;5,779;54612999;6,254;6,411
17/07/2008;6,354;6,462;6,254;43919949;6,411;6,543
18/07/2008;6,444;6,579;6,384;39004620;6,543;6,495
21/07/2008;6,537;6,582;6,429;24550030;6,495;6,582
22/07/2008;6,354;6,588;6,306;33416774;6,582;6,555
23/07/2008;6,477;6,631;6,459;27434637;6,555;6,306
24/07/2008;6,522;6,54;6,281;24221042;6,306;6,158
25/07/2008;6,209;6,306;6,092;32914650;6,158;6,068
28/07/2008;6,257;6,287;6,044;15170735;6,068;6,266
29/07/2008;6,101;6,272;6,059;19313671;6,266;6,477
30/07/2008;6,405;6,477;6,36;20782727;6,477;6,411
31/07/2008;6,375;6,501;6,333;19524673;6,411;6,324
1/08/2008;6,438;6,453;6,3;13620186;6,324;6,125
4/08/2008;6,312;6,312;6,056;23500782;6,125;6,351
5/08/2008;6,212;6,36;6,161;20543463;6,351;6,489
6/08/2008;6,363;6,495;6,245;17773549;6,489;6,284
7/08/2008;6,366;6,399;6,239;15376249;6,284;6,185
8/08/2008;6,194;6,266;6,149;14483126;6,185;6,005
11/08/2008;6,158;6,176;5,935;18708652;6,005;5,869
12/08/2008;6,008;6,095;5,848;23422583;5,869;5,824
13/08/2008;5,821;5,953;5,77;20084692;5,824;5,893
14/08/2008;5,833;5,993;5,821;17860254;5,893;5,743
15/08/2008;5,893;5,929;5,704;12560238;5,743;5,625
18/08/2008;5,836;5,851;5,601;10779206;5,625;5,661
19/08/2008;5,517;5,689;5,487;14766840;5,661;5,86
20/08/2008;5,749;5,869;5,701;13129038;5,86;5,851
21/08/2008;5,884;5,92;5,725;16701802;5,851;5,824
22/08/2008;5,938;5,944;5,77;10525126;5,824;5,658
25/08/2008;5,839;5,842;5,628;9810079;5,658;5,61
26/08/2008;5,607;5,655;5,511;11367487;5,61;5,716
27/08/2008;5,619;5,731;5,568;12398077;5,716;5,821
28/08/2008;5,875;5,878;5,785;12820903;5,821;5,719
29/08/2008;5,827;5,842;5,683;9023144;5,719;5,61
2/09/2008;5,649;5,752;5,58;15328506;5,61;5,61
3/09/2008;5,586;5,722;5,553;24756642;5,61;5,309
4/09/2008;5,553;5,592;5,288;26505570;5,309;5,351
5/09/2008;5,201;5,379;5,081;31265597;5,351;5,424
8/09/2008;5,655;5,655;5,309;23669255;5,424;5,063
9/09/2008;5,276;5,394;5,029;31156941;5,063;5,087
10/09/2008;5,18;5,204;4,945;25147366;5,087;5,056
11/09/2008;4,873;5,069;4,822;33926307;5,056;5,24
12/09/2008;5,099;5,282;5,017;27353968;5,24;4,771
15/09/2008;4,909;5,044;4,713;44250857;4,771;4,861
16/09/2008;4,442;4,876;4,442;40765347;4,861;4,436
17/09/2008;4,698;4,722;4,337;50506556;4,436;4,695
18/09/2008;4,581;4,855;4,214;55058051;4,695;5,436
19/09/2008;5,231;5,827;4,927;51548944;5,436;5,156
22/09/2008;5,327;5,336;5,114;24501189;5,156;4,927
23/09/2008;5,162;5,547;4,852;17429196;4,927;4,897
24/09/2008;5,234;5,403;4,831;13892650;4,897;5,108
25/09/2008;5,047;5,424;4,903;16157971;5,108;5,011
26/09/2008;4,924;5,264;4,864;14117646;5,011;4,488
29/09/2008;4,737;5,063;4,193;20335480;4,488;5,267
30/09/2008;4,542;5,529;4,542;29538620;5,267;5,029
1/10/2008;4,906;5,276;4,734;30771430;5,029;4,461
2/10/2008;4,849;5,282;4,274;20733337;4,461;4,069
3/10/2008;4,515;4,641;4,018;21290613;4,069;3,669
6/10/2008;3,988;3,988;3,085;38961816;3,669;3,287
7/10/2008;3,651;3,804;3,266;25305137;3,287;3,19
8/10/2008;2,907;3,702;2,017;39881005;3,19;3,187
9/10/2008;3,494;3,672;3,1;28472086;3,187;3,025
10/10/2008;2,739;3,627;2,613;39488635;3,025;4,154
13/10/2008;3,473;4,154;3,374;39352815;4,154;4,199
14/10/2008;4,476;4,551;4,009;47927065;4,199;3,29
15/10/2008;3,946;3,985;3,19;33862649;3,29;3,467
16/10/2008;3,57;3,612;3,031;53804387;3,467;3,332
17/10/2008;3,386;3,606;3,115;31759764;3,332;3,521
20/10/2008;3,407;3,54;3,365;35641760;3,521;3,202
21/10/2008;3,293;3,431;3,199;18422469;3,202;2,691
22/10/2008;3,007;3,046;2,498;32944832;2,691;2,619
23/10/2008;2,546;2,817;2,471;39985820;2,619;2,251
24/10/2008;2,254;2,402;2,173;42202575;2,251;2,342
27/10/2008;2,345;2,489;2,263;34201515;2,342;2,676
28/10/2008;2,576;2,682;2,522;38189149;2,676;3,067
29/10/2008;2,724;3,248;2,646;52625355;3,067;3,461
30/10/2008;3,248;3,491;3,217;43412063;3,461;3,329
31/10/2008;3,208;3,5;3,175;53355493;3,329;3,789
3/11/2008;3,783;3,819;3,582;41786333;3,789;4,208
4/11/2008;4,045;4,229;4,003;44671215;4,208;3,47
5/11/2008;3,883;3,973;3,461;33449152;3,47;3,245
6/11/2008;3,506;3,546;3,175;37400567;3,245;3,606
7/11/2008;3,473;3,606;3,419;29522980;3,606;3,654
10/11/2008;3,771;3,807;3,537;28939912;3,654;3,449
11/11/2008;3,449;3,591;3,356;27461801;3,449;3,169
12/11/2008;3,248;3,356;3,091;34431175;3,169;3,78
13/11/2008;3,341;3,841;3,055;37432670;3,78;3,296
14/11/2008;3,488;3,606;3,278;37164047;3,296;3,251
17/11/2008;3,353;3,473;3,23;27763076;3,251;3,187
18/11/2008;3,284;3,35;3,025;28582389;3,187;2,739
19/11/2008;3,112;3,175;2,736;26972848;2,739;2,459
20/11/2008;2,643;2,79;2,459;32708861;2,459;2,775
21/11/2008;2,745;2,775;2,456;39969083;2,775;3,088
24/11/2008;2,808;3,187;2,802;35184361;3,088;3,281
25/11/2008;3,227;3,314;3,022;34259684;3,281;3,657
26/11/2008;3,23;3,666;3,187;34193283;3,657;3,485
28/11/2008;3,531;3,693;3,437;12675480;3,485;3,145
1/12/2008;3,287;3,329;3,118;23663218;3,145;3,407
2/12/2008;3,311;3,416;3,208;25773512;3,407;3,293
3/12/2008;3,311;3,407;3,13;28125264;3,293;3,242
4/12/2008;3,281;3,386;3,151;26517094;3,242;3,422
5/12/2008;3,124;3,425;3,058;35042230;3,422;3,639
8/12/2008;3,531;3,687;3,503;39517720;3,639;3,588
9/12/2008;3,561;3,697;3,524;33295496;3,588;3,738
10/12/2008;3,693;3,828;3,576;23945560;3,738;3,651
11/12/2008;3,744;3,928;3,591;27614908;3,651;3,783
12/12/2008;3,615;3,828;3,561;25249162;3,783;3,633
15/12/2008;3,759;3,783;3,509;24346436;3,633;4,048
16/12/2008;3,684;4,099;3,639;29166828;4,048;3,883
17/12/2008;3,783;3,925;3,774;22190869;3,883;3,708
18/12/2008;3,907;3,946;3,654;19894269;3,708;3,63
19/12/2008;3,813;3,828;3,618;22899880;3,63;3,47
22/12/2008;3,63;3,645;3,419;13750245;3,47;3,335
23/12/2008;3,546;3,579;3,305;16396686;3,335;3,263
24/12/2008;3,317;3,362;3,169;6787456;3,263;3,299
26/12/2008;3,335;3,359;3,202;9056893;3,299;3,263
29/12/2008;3,254;3,299;3,214;13379002;3,263;3,449
30/12/2008;3,401;3,485;3,35;9835048;3,449;3,491
31/12/2008;3,488;3,537;3,407;7434181;3,491;3,798
2/01/2009;3,491;3,859;3,467;12667797;3,798;3,874
5/01/2009;3,726;3,928;3,714;16288853;3,874;4,178
6/01/2009;3,964;4,202;3,91;28073130;4,178;3,807
7/01/2009;3,997;4,012;3,753;18596978;3,807;3,774
8/01/2009;3,786;3,822;3,66;18275673;3,774;3,75
9/01/2009;3,804;3,819;3,624;18016654;3,75;3,558
12/01/2009;3,711;3,711;3,5;16438118;3,558;3,443
13/01/2009;3,485;3,597;3,368;25183584;3,443;3,082
14/01/2009;3,281;3,287;2,998;47431526;3,082;3,133
15/01/2009;3,166;3,202;2,853;41735846;3,133;3,103
16/01/2009;3,32;3,32;3,001;33534211;3,103;2,778
20/01/2009;3,112;3,118;2,778;40027252;2,778;3,097
21/01/2009;2,904;3,103;2,838;40734616;3,097;2,932
22/01/2009;2,923;3,013;2,823;39500159;2,932;3,019
23/01/2009;2,724;3,049;2,724;23316945;3,019;2,977
26/01/2009;3,04;3,112;2,947;20660626;2,977;2,932
27/01/2009;3,013;3,055;2,898;21526858;2,932;3,257
28/01/2009;3,1;3,272;3,094;28672387;3,257;3,067
29/01/2009;3,154;3,17;3,046;18876850;3,067;3,022
30/01/2009;3,094;3,145;2,974;21627009;3,022;2,965
2/02/2009;2,895;3,025;2,886;21530151;2,965;3,01
3/02/2009;2,959;3,031;2,913;15153174;3,01;3,055
4/02/2009;3,049;3,169;3,01;29150091;3,055;3,22
5/02/2009;3,061;3,254;2,983;24215829;3,22;3,506
6/02/2009;3,266;3,549;3,263;36686618;3,506;3,449
9/02/2009;3,467;3,5;3,413;23947206;3,449;3,248
10/02/2009;3,512;3,546;3,19;29659349;3,248;3,29
11/02/2009;3,32;3,389;3,196;23679956;3,29;3,329
12/02/2009;3,172;3,329;3,136;21547986;3,329;3,347
13/02/2009;3,299;3,386;3,263;21279089;3,347;3,07
17/02/2009;3,211;3,22;3,061;34325262;3,07;3,004
18/02/2009;3,121;3,127;2,98;22463608;3,004;3,001
19/02/2009;3,079;3,118;2,953;23134479;3,001;2,874
20/02/2009;2,877;2,947;2,799;37891716;2,874;2,661
23/02/2009;2,826;2,923;2,652;20083320;2,661;2,944
24/02/2009;2,637;2,962;2,576;19279921;2,944;2,832
25/02/2009;2,781;2,913;2,721;38422376;2,832;2,877
26/02/2009;2,938;2,983;2,871;23383895;2,877;2,763
27/02/2009;2,781;2,856;2,757;26992603;2,763;2,579
2/03/2009;2,7;2,733;2,561;25087550;2,579;2,597
3/03/2009;2,616;2,667;2,498;22261112;2,597;2,79
4/03/2009;2,64;2,838;2,64;26768980;2,79;2,76
5/03/2009;2,688;2,784;2,655;27288939;2,76;2,844
6/03/2009;2,799;2,903;2,745;27790240;2,844;2,772
9/03/2009;2,763;2,871;2,745;20998119;2,772;2,983
10/03/2009;2,826;3,01;2,826;24152995;2,983;2,98
11/03/2009;2,998;3,049;2,895;20680656;2,98;3,118
12/03/2009;3,004;3,154;2,965;23652517;3,118;3,115
13/03/2009;3,163;3,178;3,049;19571044;3,115;3,157
16/03/2009;3,245;3,311;3,142;24888346;3,157;3,281
17/03/2009;3,157;3,29;3,127;17351819;3,281;3,422
18/03/2009;3,272;3,446;3,168;28764306;3,422;3,287
19/03/2009;3,494;3,5;3,257;34408126;3,287;3,245
20/03/2009;3,287;3,32;3,227;16843933;3,245;3,63
23/03/2009;3,338;3,648;3,329;42915975;3,63;3,422
24/03/2009;3,491;3,512;3,404;30522563;3,422;3,485
25/03/2009;3,479;3,588;3,368;34810923;3,485;3,6
26/03/2009;3,534;3,618;3,491;30521192;3,6;3,47
27/03/2009;3,503;3,567;3,464;26225698;3,47;3,308
30/03/2009;3,389;3,392;3,263;41124792;3,308;3,275
31/03/2009;3,395;3,407;3,275;30931122;3,275;3,452
1/04/2009;3,308;3,464;3,296;25195657;3,452;3,714
2/04/2009;3,618;3,756;3,618;28329131;3,714;3,85
3/04/2009;3,723;3,865;3,678;47563505;3,85;3,804
6/04/2009;3,783;3,825;3,687;32071740;3,804;3,81
7/04/2009;3,762;3,871;3,708;36638052;3,81;3,883
8/04/2009;3,883;3,91;3,789;36166658;3,883;4,102
9/04/2009;3,967;4,102;3,955;60802845;4,102;4,027
13/04/2009;4,003;4,057;3,964;21834992;4,027;3,78
14/04/2009;3,961;4,018;3,753;45435377;3,78;3,813
15/04/2009;3,708;3,835;3,669;26951720;3,813;3,961
16/04/2009;3,895;4,006;3,85;45410956;3,961;3,85
17/04/2009;3,952;3,976;3,835;35903249;3,85;3,597
20/04/2009;3,72;3,747;3,582;24620547;3,597;3,729
21/04/2009;3,558;3,732;3,518;24759660;3,729;3,633
22/04/2009;3,687;3,711;3,615;28394709;3,633;3,771
23/04/2009;3,693;3,786;3,66;31385229;3,771;3,898
24/04/2009;3,88;3,949;3,841;45192272;3,898;3,735
27/04/2009;3,813;3,886;3,72;34419102;3,735;3,831
28/04/2009;3,69;3,922;3,66;36088184;3,831;4,145
29/04/2009;3,916;4,205;3,916;48750493;4,145;4,132
30/04/2009;4,19;4,259;4,12;46302158;4,132;4,232
1/05/2009;4,214;4,31;4,151;21727434;4,232;4,56
4/05/2009;4,328;4,575;4,319;31938663;4,56;4,593
5/05/2009;4,587;4,616;4,479;38197655;4,593;4,626
6/05/2009;4,656;4,746;4,605;52165212;4,626;4,316
7/05/2009;4,602;4,62;4,268;65800490;4,316;4,385
8/05/2009;4,479;4,485;4,22;52014026;4,385;4,301
11/05/2009;4,331;4,379;4,259;26066829;4,301;4,232
12/05/2009;4,376;4,391;4,164;33618173;4,232;4,021
13/05/2009;4,102;4,12;3,994;35205489;4,021;4,135
14/05/2009;4,066;4,187;4,027;32742885;4,135;4,021
15/05/2009;4,123;4,166;3,994;29816297;4,021;4,331
18/05/2009;4,151;4,334;4,145;30336531;4,331;4,331
19/05/2009;4,328;4,4;4,265;31812446;4,331;4,415
20/05/2009;4,641;4,641;4,403;18603288;4,415;4,406
21/05/2009;4,421;4,455;4,337;14701262;4,406;4,497
22/05/2009;4,452;4,537;4,349;24056412;4,497;4,722
26/05/2009;4,397;4,749;4,388;21595729;4,722;4,689
27/05/2009;4,762;4,879;4,671;26613678;4,689;4,801
28/05/2009;4,78;4,84;4,698;20530018;4,801;4,831
29/05/2009;4,906;4,936;4,783;23726876;4,831;5,084
1/06/2009;5,041;5,139;4,915;20274566;5,084;5,053
2/06/2009;5,038;5,129;4,975;27264793;5,053;4,819
3/06/2009;4,939;4,99;4,698;26555783;4,819;4,945
4/06/2009;4,804;4,993;4,771;16228762;4,945;4,858
5/06/2009;5,041;5,044;4,78;19358121;4,858;4,879
8/06/2009;4,801;4,942;4,74;12980870;4,879;4,876
9/06/2009;4,987;5,011;4,749;11072798;4,876;4,864
10/06/2009;4,981;4,984;4,74;15929683;4,864;4,948
11/06/2009;4,93;5,008;4,834;15335640;4,948;5,005
12/06/2009;4,876;5,02;4,864;17566937;5,005;4,771
15/06/2009;4,885;4,891;4,623;18012538;4,771;4,713
16/06/2009;4,822;4,882;4,683;18658714;4,713;4,65
17/06/2009;4,635;4,674;4,524;20656235;4,65;4,587
18/06/2009;4,644;4,713;4,563;14536083;4,587;4,707
19/06/2009;4,701;4,759;4,641;19224221;4,707;4,452
22/06/2009;4,557;4,623;4,442;26016891;4,452;4,521
23/06/2009;4,521;4,563;4,439;29126494;4,521;4,572
24/06/2009;4,5;4,611;4,497;30143364;4,572;4,725
25/06/2009;4,587;4,752;4,548;19322725;4,725;4,819
26/06/2009;4,746;4,876;4,74;19560617;4,819;4,825
29/06/2009;4,891;4,972;4,786;19654731;4,825;4,765
30/06/2009;4,891;4,906;4,728;23362218;4,765;4,843
1/07/2009;4,885;4,936;4,843;18967946;4,843;4,719
2/07/2009;4,768;4,828;4,719;12328108;4,719;4,759
6/07/2009;4,629;4,774;4,593;21039277;4,759;4,584
7/07/2009;4,752;4,759;4,575;20069326;4,584;4,545
8/07/2009;4,629;4,65;4,427;35497708;4,545;4,575
9/07/2009;4,614;4,65;4,503;11730224;4,575;4,503
10/07/2009;4,521;4,563;4,412;24479787;4,503;4,584
13/07/2009;4,494;4,599;4,409;21157262;4,584;4,536
14/07/2009;4,59;4,596;4,467;21734842;4,536;4,855
15/07/2009;4,662;4,87;4,614;27768289;4,855;4,894
16/07/2009;4,78;4,951;4,746;25110049;4,894;4,903
17/07/2009;4,912;4,942;4,852;21394056;4,903;5,156
20/07/2009;5,023;5,168;5,023;39172269;5,156;5,153
21/07/2009;5,216;5,237;5,075;20586816;5,153;5,156
22/07/2009;5,111;5,276;5,108;23643737;5,156;5,4
23/07/2009;5,201;5,481;5,201;29628618;5,4;5,4
24/07/2009;5,406;5,448;5,345;20904828;5,4;5,442
27/07/2009;5,436;5,472;5,373;22216387;5,442;5,415
28/07/2009;5,388;5,436;5,3;24369210;5,415;5,282
29/07/2009;5,336;5,363;5,231;15884135;5,282;5,433
30/07/2009;5,439;5,466;5,397;33188760;5,433;5,385
31/07/2009;5,421;5,46;5,348;24370308;5,385;5,568
3/08/2009;5,541;5,607;5,481;25432177;5,568;5,643
4/08/2009;5,523;5,68;5,511;35747399;5,643;5,803
5/08/2009;5,637;5,869;5,565;29280149;5,803;5,68
6/08/2009;5,803;5,818;5,577;18655970;5,68;5,899
7/08/2009;5,818;5,956;5,773;34949213;5,899;5,872
10/08/2009;5,839;5,914;5,776;16555280;5,872;5,661
11/08/2009;5,68;5,683;5,568;27176441;5,661;5,619
12/08/2009;5,619;5,655;5,565;27056260;5,619;5,568
13/08/2009;5,664;5,683;5,502;27552348;5,568;5,421
14/08/2009;5,589;5,616;5,339;25146817;5,421;5,216
17/08/2009;5,228;5,249;5,156;25675831;5,216;5,478
18/08/2009;5,279;5,505;5,267;31065571;5,478;5,583
19/08/2009;5,373;5,595;5,357;27472777;5,583;5,646
20/08/2009;5,571;5,673;5,568;20504226;5,646;5,664
21/08/2009;5,695;5,788;5,622;23090028;5,664;5,652
24/08/2009;5,707;5,812;5,64;27508721;5,652;5,692
25/08/2009;5,716;5,821;5,661;28359588;5,692;5,752
26/08/2009;5,631;5,77;5,592;19248641;5,752;5,749
27/08/2009;5,716;5,758;5,598;24711368;5,749;5,677
28/08/2009;5,755;5,803;5,643;18395305;5,677;5,546
31/08/2009;5,622;5,645;5,516;26611208;5,546;5,38
1/09/2009;5,622;5,695;5,363;35485087;5,38;5,456
2/09/2009;5,423;5,499;5,317;29214571;5,456;5,473
3/09/2009;5,503;5,532;5,39;21994684;5,473;5,691
4/09/2009;5,529;5,731;5,486;20818122;5,691;5,777
8/09/2009;5,81;5,82;5,741;22695463;5,777;5,877
9/09/2009;5,81;5,926;5,774;31833025;5,877;5,926
10/09/2009;5,853;5,949;5,81;27846489;5,926;5,966
11/09/2009;5,989;6,046;5,943;24775849;5,966;6,026
14/09/2009;5,903;6,026;5,89;19352359;6,026;6,145
15/09/2009;6,029;6,175;5,963;25775432;6,145;6,287
16/09/2009;6,208;6,287;6,142;29637673;6,287;6,191
17/09/2009;6,264;6,35;6,161;34734919;6,191;6,224
18/09/2009;6,228;6,297;6,208;26605721;6,224;6,194
21/09/2009;6,128;6,218;6,1;20483647;6,194;6,297
22/09/2009;6,244;6,357;6,204;23458253;6,297;6,165
23/09/2009;6,281;6,324;6,158;26259721;6,165;6,069
24/09/2009;6,221;6,274;5,969;25422573;6,069;6,108
25/09/2009;6,079;6,175;6,029;15216008;6,108;6,274
28/09/2009;6,158;6,291;6,142;16992101;6,274;6,509
29/09/2009;6,453;6,516;6,38;31477697;6,509;6,671
30/09/2009;6,638;6,787;6,473;44940661;6,671;6,628
1/10/2009;6,684;6,744;6,509;44136165;6,628;6,678
2/10/2009;6,565;6,741;6,526;36844938;6,678;6,893
5/10/2009;6,731;6,903;6,694;29646453;6,893;6,81
6/10/2009;6,979;7,059;6,708;43111063;6,81;6,641
7/10/2009;6,734;6,837;6,502;48383092;6,641;6,774
8/10/2009;6,678;6,847;6,632;38958798;6,774;6,87
9/10/2009;6,837;6,87;6,777;24426282;6,87;6,946
12/10/2009;6,843;6,986;6,843;12512221;6,946;6,939
13/10/2009;6,896;6,943;6,824;18075921;6,939;7,224
14/10/2009;7,075;7,227;7,052;24801366;7,224;7,161
15/10/2009;7,122;7,168;7,049;33044983;7,161;7,065
16/10/2009;7,016;7,102;6,933;37494955;7,065;7,148
19/10/2009;7,055;7,158;7,002;34411968;7,148;6,913
20/10/2009;6,943;6,953;6,562;72657365;6,913;6,906
21/10/2009;6,939;7,102;6,88;42821038;6,906;7,115
22/10/2009;6,949;7,165;6,83;24334912;7,115;7,042
23/10/2009;7,158;7,218;7,009;38965383;7,042;6,936
26/10/2009;7,035;7,237;6,847;31427210;6,936;6,787
27/10/2009;6,913;6,926;6,724;24705880;6,787;6,244
28/10/2009;6,701;6,797;6,224;64927397;6,244;6,714
29/10/2009;6,377;6,774;6,377;47537438;6,714;6,337
30/10/2009;6,807;6,84;6,257;61214697;6,337;6,479
2/11/2009;6,423;6,555;6,324;29770749;6,479;6,747
3/11/2009;6,426;6,797;6,387;40599345;6,747;6,933
4/11/2009;6,804;7,049;6,781;48303521;6,933;7,158
5/11/2009;6,903;7,165;6,9;35278749;7,158;7,145
6/11/2009;7,012;7,155;6,982;28721227;7,145;7,413
9/11/2009;7,198;7,436;7,194;33895301;7,413;7,406
10/11/2009;7,244;7,416;7,204;31439832;7,406;7,347
11/11/2009;7,433;7,482;7,254;23412979;7,347;7,138
12/11/2009;7,32;7,41;7,082;33804754;7,138;7,4
13/11/2009;7,122;7,426;7,082;36482750;7,4;7,472
16/11/2009;7,423;7,552;7,39;32047320;7,472;7,529
17/11/2009;7,426;7,532;7,28;26286062;7,529;7,429
18/11/2009;7,453;7,529;7,323;23896720;7,429;7,237
19/11/2009;7,333;7,347;7,095;33792133;7,237;7,191
20/11/2009;7,214;7,267;6,959;22352208;7,191;7,333
23/11/2009;7,333;7,446;7,271;23366883;7,333;7,36
24/11/2009;7,304;7,386;7,181;17542517;7,36;7,529
25/11/2009;7,413;7,605;7,363;29092196;7,529;7,267
27/11/2009;7,108;7,347;7,085;29361916;7,267;7,367
30/11/2009;7,323;7,41;7,211;35003267;7,367;7,727
1/12/2009;7,532;7,767;7,486;49201582;7,727;7,837
2/12/2009;7,717;7,893;7,678;37179138;7,837;7,708
3/12/2009;7,9;7,926;7,671;31003286;7,708;7,711
4/12/2009;7,9;7,929;7,585;27084796;7,711;7,727
7/12/2009;7,711;7,883;7,651;24268511;7,727;7,595
8/12/2009;7,635;7,671;7,492;32379600;7,595;7,658
9/12/2009;7,522;7,664;7,474;23998242;7,658;7,688
10/12/2009;7,658;7,724;7,588;15893739;7,688;7,645
11/12/2009;7,698;7,698;7,608;23504898;7,645;7,565
14/12/2009;7,754;7,764;7,519;29620935;7,565;7,645
15/12/2009;7,602;7,754;7,559;25184956;7,645;7,621
16/12/2009;7,681;7,727;7,535;19052731;7,621;7,171
17/12/2009;7,459;7,459;7,108;53365371;7,171;7,141
18/12/2009;7,165;7,264;7,102;32284114;7,141;7,161
21/12/2009;7,347;7,355;6,827;32606516;7,161;7,184
22/12/2009;7,257;7,271;7,141;25419555;7,184;7,227
23/12/2009;7,191;7,698;6,979;28390868;7,227;7,241
24/12/2009;7,257;7,314;7,16;6129207;7,241;7,314
28/12/2009;7,357;7,386;7,277;15589172;7,314;7,386
29/12/2009;7,37;7,469;7,353;18078665;7,386;7,496
30/12/2009;7,393;7,499;7,376;12209574;7,496;7,562
31/12/2009;7,515;7,602;7,439;11568337;7,562;7,817
4/01/2010;7,62;7,876;7,62;27629725;7,817;7,843
5/01/2010;7,817;7,847;7,731;23146552;7,843;7,747
6/01/2010;7,807;7,807;7,691;29317191;7,747;7,575
7/01/2010;7,691;7,714;7,549;35494141;7,575;7,539
8/01/2010;7,612;7,655;7,469;38288750;7,539;7,443
11/01/2010;7,595;7,595;7,314;39223031;7,443;7,284
12/01/2010;7,39;7,446;7,257;38272562;7,284;7,277
13/01/2010;7,453;7,469;7,218;30842222;7,277;7,168
14/01/2010;7,28;7,373;7,118;31472484;7,168;6,992
15/01/2010;7,211;7,244;6,946;50135588;6,992;7,052
19/01/2010;7,039;7,145;6,982;27500215;7,052;6,8
20/01/2010;6,896;6,918;6,635;47558292;6,8;6,575
21/01/2010;6,794;6,847;6,526;53848288;6,575;6,499
22/01/2010;6,555;6,668;6,413;41824198;6,499;6,512
25/01/2010;6,592;6,671;6,459;29123475;6,512;6,466
26/01/2010;6,403;6,602;6,3;35698284;6,466;6,436
27/01/2010;6,38;6,483;6,307;36424031;6,436;6,469
28/01/2010;6,516;6,564;6,317;40610046;6,469;6,343
29/01/2010;6,598;6,612;6,254;53424913;6,343;6,661
1/02/2010;6,439;6,661;6,413;33484547;6,661;6,787
2/02/2010;6,737;6,817;6,617;28163677;6,787;6,645
3/02/2010;6,737;6,737;6,579;23277708;6,645;6,294
4/02/2010;6,486;6,497;6,218;47095953;6,294;6,148
5/02/2010;6,257;6,327;5,913;76030926;6,148;6,138
8/02/2010;6,151;6,261;6,079;38110949;6,138;6,496
9/02/2010;6,377;6,559;6,324;56873106;6,496;6,509
10/02/2010;6,502;6,562;6,416;30331866;6,509;6,671
11/02/2010;6,443;6,699;6,39;27305127;6,671;6,638
12/02/2010;6,446;6,641;6,423;21885205;6,638;6,764
16/02/2010;6,81;6,81;6,651;13825975;6,764;6,85
17/02/2010;6,853;6,89;6,757;18479266;6,85;6,903
18/02/2010;6,784;6,953;6,764;18513839;6,903;6,877
19/02/2010;6,774;6,933;6,774;18106652;6,877;6,731
22/02/2010;6,843;6,913;6,714;16848323;6,731;6,512
23/02/2010;6,612;6,665;6,443;29352861;6,512;6,456
24/02/2010;6,549;6,575;6,439;29802578;6,456;6,476
25/02/2010;6,261;6,549;6,254;42655859;6,476;6,608
26/02/2010;6,486;6,632;6,416;25580070;6,608;6,751
1/03/2010;6,688;6,774;6,688;29306764;6,751;6,873
2/03/2010;6,83;6,906;6,804;28106057;6,873;6,863
3/03/2010;6,936;7,042;6,82;38389998;6,863;6,867
4/03/2010;6,926;6,956;6,792;21489268;6,867;6,959
5/03/2010;6,933;6,976;6,883;23799313;6,959;6,913
8/03/2010;6,982;7,016;6,89;22270441;6,913;7,055
9/03/2010;6,853;7,115;6,817;30701188;7,055;7,078
10/03/2010;7,059;7,201;7,032;26563465;7,078;7,138
11/03/2010;7,019;7,141;6,982;24706155;7,138;7,049
12/03/2010;7,201;7,201;7,011;22962439;7,049;7,059
15/03/2010;7,019;7,095;6,953;17193499;7,059;7,095
16/03/2010;7,062;7,141;7,016;28501994;7,095;6,989
17/03/2010;7,165;7,181;6,969;32875962;6,989;6,89
18/03/2010;6,949;6,966;6,804;25518608;6,89;6,784
19/03/2010;6,896;6,923;6,731;30015226;6,784;6,913
22/03/2010;6,714;6,926;6,691;26061341;6,913;6,933
23/03/2010;6,973;6,976;6,848;20284993;6,933;6,731
24/03/2010;6,797;6,877;6,714;25778176;6,731;6,731
25/03/2010;6,804;6,893;6,728;35054851;6,731;6,814
26/03/2010;6,757;6,837;6,718;37219199;6,814;7,045
29/03/2010;6,9;7,059;6,89;30593080;7,045;7,105
30/03/2010;7,092;7,125;7,026;29176980;7,105;7,28
31/03/2010;7,131;7,314;7,131;30477290;7,28;7,419
1/04/2010;7,347;7,449;7,284;32594169;7,419;7,466
5/04/2010;7,4;7,509;7,383;24110740;7,466;7,41
6/04/2010;7,38;7,479;7,36;26075609;7,41;7,257
7/04/2010;7,393;7,393;7,208;26276459;7,257;7,479
8/04/2010;7,224;7,519;7,188;30838380;7,479;7,529
9/04/2010;7,443;7,549;7,433;24773928;7,529;7,456
12/04/2010;7,549;7,549;7,446;16454307;7,456;7,443
13/04/2010;7,489;7,499;7,373;19462113;7,443;7,449
14/04/2010;7,453;7,582;7,429;42503849;7,449;7,489
15/04/2010;7,482;7,605;7,469;29532583;7,489;7,244
16/04/2010;7,426;7,449;7,151;38495362;7,244;7,135
19/04/2010;7,188;7,261;7,042;44342776;7,135;7,198
20/04/2010;7,208;7,247;7,115;17491207;7,198;7,082
21/04/2010;7,194;7,241;6,953;28482787;7,082;7,135
22/04/2010;7,075;7,158;6,959;25260412;7,135;7,118
23/04/2010;7,082;7,145;7,016;18711670;7,118;7,122
26/04/2010;7,158;7,214;7,092;15647616;7,122;6,807
27/04/2010;7,045;7,055;6,797;33873076;6,807;6,973
28/04/2010;6,956;7,002;6,787;31778423;6,973;7,188
29/04/2010;7,088;7,251;7,035;35932060;7,188;7,178
30/04/2010;7,214;7,35;7,153;33460950;7,178;7,221
3/05/2010;7,231;7,317;7,148;20507519;7,221;6,883
4/05/2010;7,072;7,088;6,873;39084192;6,883;6,804
5/05/2010;6,761;6,933;6,645;31649462;6,804;6,526
6/05/2010;6,698;6,843;6,075;61842764;6,526;6,492
7/05/2010;6,509;6,555;6,151;72104206;6,492;7,052
10/05/2010;6,969;7,065;6,889;41444175;7,052;6,896
11/05/2010;6,896;7,065;6,827;35833007;6,896;6,916
12/05/2010;6,976;7,032;6,883;22715219;6,916;6,81
13/05/2010;6,9;6,949;6,797;22413944;6,81;6,622
14/05/2010;6,694;6,721;6,509;30397170;6,622;6,536
17/05/2010;6,648;6,734;6,353;36602930;6,536;6,373
18/05/2010;6,704;6,81;6,334;49911416;6,373;6,022
19/05/2010;6,039;6,062;5,844;86925374;6,022;5,814
20/05/2010;5,84;5,986;5,678;69771935;5,814;6,026
21/05/2010;5,741;6,034;5,671;77826226;6,026;5,777
24/05/2010;5,976;6,055;5,757;67333477;5,777;5,661
25/05/2010;5,565;5,754;5,407;205942244;5,661;5,84
26/05/2010;5,863;5,963;5,714;164196794;5,84;6,161
27/05/2010;6,115;6,161;6,006;74878785;6,161;6,095
28/05/2010;6,085;6,15;6,012;40841352;6,095;6,135
1/06/2010;6,171;6,31;6,022;63646569;6,135;6,377
2/06/2010;6,161;6,377;6,118;54479922;6,377;6,297
3/06/2010;6,373;6,43;6,211;28072307;6,297;6,042
4/06/2010;6,168;6,194;6,012;40055514;6,042;5,85
7/06/2010;6,079;6,082;5,824;51689155;5,85;6,059
8/06/2010;5,873;6,072;5,794;48320533;6,059;5,979
9/06/2010;6,128;6,165;5,973;30878166;5,979;6,307
10/06/2010;6,165;6,325;6,151;34477271;6,307;6,38
11/06/2010;6,194;6,4;6,194;26616970;6,38;6,287
14/06/2010;6,486;6,486;6,272;29670324;6,287;6,519
15/06/2010;6,347;6,536;6,32;42043157;6,519;6,526
16/06/2010;6,416;6,575;6,383;39379979;6,526;6,496
17/06/2010;6,555;6,603;6,416;23486789;6,496;6,526
18/06/2010;6,492;6,598;6,479;25300198;6,526;6,598
21/06/2010;6,691;6,736;6,552;26396914;6,598;6,496
22/06/2010;6,622;6,686;6,479;30802985;6,496;6,529
23/06/2010;6,476;6,542;6,347;27942523;6,529;6,353
24/06/2010;6,486;6,486;6,287;30316775;6,353;6,43
25/06/2010;6,367;6,433;6,24;28273980;6,43;6,42
28/06/2010;6,453;6,492;6,343;24061351;6,42;6,029
29/06/2010;6,231;6,241;5,996;49504777;6,029;5,963
30/06/2010;6,102;6,185;5,94;40410294;5,963;6,257
1/07/2010;6,082;6,271;5,936;60702695;6,257;6,36
2/07/2010;6,284;6,403;6,211;33165986;6,36;6,357
6/07/2010;6,373;6,426;6,267;67985964;6,357;6,797
7/07/2010;6,387;6,817;6,387;92352431;6,797;7,006
8/07/2010;6,817;7,045;6,81;119245158;7,006;7,125
9/07/2010;6,992;7,171;6,949;44534571;7,125;6,979
12/07/2010;7,049;7,165;6,916;56171504;6,979;7,062
13/07/2010;7,055;7,118;7,012;62797623;7,062;6,966
14/07/2010;6,982;7,055;6,906;35485361;6,966;6,923
15/07/2010;6,966;7,006;6,81;44656947;6,923;6,691
16/07/2010;6,929;6,929;6,678;42965090;6,691;6,82
19/07/2010;6,741;6,867;6,711;35023846;6,82;6,976
20/07/2010;6,787;7,012;6,754;40079934;6,976;6,886
21/07/2010;7,022;7,035;6,84;40001460;6,886;7,184
22/07/2010;7,026;7,201;7,009;43331943;7,184;7,261
23/07/2010;7,131;7,261;7,124;30567837;7,261;7,247
26/07/2010;7,247;7,28;7,174;27896152;7,247;7,241
27/07/2010;7,29;7,35;7,218;36873474;7,241;7,423
28/07/2010;7,28;7,469;7,218;38832307;7,423;7,383
29/07/2010;7,449;7,486;7,284;28797232;7,383;7,413
30/07/2010;7,31;7,472;7,271;26049268;7,413;7,549
2/08/2010;7,519;7,568;7,463;25308978;7,549;7,261
3/08/2010;7,357;7,357;7,224;41631306;7,261;7,161
4/08/2010;7,264;7,277;7,075;45860124;7,161;7,171
5/08/2010;7,171;7,244;7,145;21767768;7,171;7,227
6/08/2010;7,155;7,274;7,138;25866528;7,227;7,271
9/08/2010;7,297;7,33;7,251;15059883;7,271;7,231
10/08/2010;7,194;7,277;7,151;16089375;7,231;6,999
11/08/2010;7,082;7,092;6,91;26508863;6,999;7,045
12/08/2010;6,903;7,062;6,893;17821017;7,045;7,082
13/08/2010;7,042;7,135;7,022;13218487;7,082;7,174
16/08/2010;7,072;7,174;7,052;16840641;7,174;7,194
17/08/2010;7,191;7,227;7,171;29858827;7,194;7,208
18/08/2010;7,204;7,216;7,135;23655261;7,208;7,072
19/08/2010;7,171;7,237;7,049;18646092;7,072;7,085
20/08/2010;7,032;7,092;6,982;15859166;7,085;6,986
23/08/2010;7,098;7,155;6,986;14827205;6,986;6,886
24/08/2010;6,91;6,92;6,79;25132549;6,886;6,843
25/08/2010;6,85;6,867;6,708;30779662;6,843;6,718
26/08/2010;6,896;6,91;6,701;21152597;6,718;6,996
27/08/2010;6,784;6,996;6,711;28159013;6,996;6,886
30/08/2010;6,973;6,992;6,857;16777258;6,886;7,141
31/08/2010;6,982;7,148;6,969;35626669;7,141;7,251
1/09/2010;7,244;7,34;7,191;48436597;7,251;7,257
2/09/2010;7,227;7,287;7,188;39152239;7,257;7,234
3/09/2010;7,36;7,393;7,211;32927272;7,234;7,155
7/09/2010;7,161;7,241;7,131;13968655;7,155;7,211
8/09/2010;7,188;7,262;7,181;20786843;7,211;7,165
9/09/2010;7,257;7,297;7,148;16714972;7,165;7,174
10/09/2010;7,204;7,221;7,148;11251422;7,174;7,476
13/09/2010;7,307;7,479;7,294;25848419;7,476;7,612
14/09/2010;7,529;7,658;7,492;33297691;7,612;7,575
15/09/2010;7,562;7,582;7,482;21440427;7,575;7,542
16/09/2010;7,559;7,572;7,496;13188853;7,542;7,506
17/09/2010;7,545;7,638;7,429;28368643;7,506;7,525
20/09/2010;7,532;7,572;7,479;23974096;7,525;7,443
21/09/2010;7,482;7,506;7,39;22998658;7,443;7,545
22/09/2010;7,525;7,628;7,492;25357270;7,545;7,562
23/09/2010;7,506;7,701;7,496;26359872;7,562;7,532
24/09/2010;7,559;7,65;7,469;39552841;7,532;7,552
27/09/2010;7,496;7,618;7,469;17129019;7,552;7,711
28/09/2010;7,588;7,714;7,549;21004155;7,711;7,797
29/09/2010;7,635;7,827;7,635;23295817;7,797;8,005
30/09/2010;7,896;8,005;7,853;29532309;8,005;8,138
1/10/2010;8,035;8,158;8,025;26097560;8,138;8,105
4/10/2010;8,075;8,108;8,03;22558819;8,105;8,356
5/10/2010;8,171;8,433;8,115;33988318;8,356;8,27
6/10/2010;8,351;8,403;8,244;31975705;8,27;8,254
7/10/2010;8,36;8,366;8,168;18390366;8,254;8,472
8/10/2010;8,277;8,522;8,277;20540171;8,472;8,466
11/10/2010;8,499;8,552;8,413;14945465;8,466;8,476
12/10/2010;8,462;8,482;8,356;13701404;8,476;8,625
13/10/2010;8,519;8,684;8,502;27490612;8,625;8,462
14/10/2010;8,575;8,608;8,39;36869632;8,462;8,555
15/10/2010;8,545;8,555;8,413;21296375;8,555;8,654
18/10/2010;8,413;8,658;8,413;22655677;8,654;8,343
19/10/2010;8,406;8,499;8,269;27817404;8,343;8,499
20/10/2010;8,363;8,592;8,356;16281993;8,499;8,294
21/10/2010;8,466;8,582;8,241;24137355;8,294;8,327
22/10/2010;8,39;8,443;8,303;21503261;8,327;8,429
25/10/2010;8,413;8,509;8,383;26399383;8,429;8,363
26/10/2010;8,386;8,393;8,307;22982470;8,363;8,072
27/10/2010;8,267;8,337;8,049;34422394;8,072;8,078
28/10/2010;8,141;8,184;8,052;33917801;8,078;8,131
29/10/2010;8,121;8,161;8,088;13106264;8,131;8,3
1/11/2010;8,214;8,33;8,198;22141755;8,3;8,39
2/11/2010;8,363;8,446;8,214;15681914;8,39;8,403
3/11/2010;8,363;8,446;8,31;35309206;8,403;8,694
4/11/2010;8,452;8,694;8,439;27555366;8,694;8,688
5/11/2010;8,631;8,707;8,577;18691915;8,688;8,635
8/11/2010;8,578;8,675;8,558;23691480;8,635;8,31
9/11/2010;8,598;8,638;8,267;39136599;8,31;8,333
10/11/2010;8,376;8,433;8,204;34360109;8,333;8,247
11/11/2010;8,247;8,284;8,181;21680239;8,247;8,148
12/11/2010;8,148;8,247;8,055;32550267;8,148;8,184
15/11/2010;8,174;8,267;8,105;10390677;8,184;7,886
16/11/2010;8,111;8,125;7,83;35563286;7,886;7,962
17/11/2010;7,926;8,035;7,923;27403357;7,962;8,174
18/11/2010;8,118;8,244;8,082;19227788;8,174;8,168
19/11/2010;8,154;8,231;8,005;18536064;8,168;8,055
22/11/2010;8,098;8,145;7,936;17879461;8,055;7,741
23/11/2010;7,919;7,923;7,691;36984874;7,741;7,936
24/11/2010;7,919;8,049;7,886;26402676;7,936;7,737
26/11/2010;7,76;7,83;7,698;15686304;7,737;7,754
29/11/2010;7,681;7,777;7,582;26846631;7,754;7,724
30/11/2010;7,671;7,804;7,519;35467800;7,724;7,88
1/12/2010;7,883;7,956;7,83;28886681;7,88;8,005
2/12/2010;7,913;8,009;7,89;21468140;8,005;7,873
3/12/2010;7,833;7,939;7,797;25291692;7,873;7,794
6/12/2010;7,787;7,823;7,734;22824424;7,794;7,804
7/12/2010;7,939;7,969;7,784;28211146;7,804;7,681
8/12/2010;7,794;7,804;7,588;24054765;7,681;7,539
9/12/2010;7,635;7,658;7,469;35412375;7,539;7,565
10/12/2010;7,499;7,568;7,439;23107040;7,565;7,648
13/12/2010;7,539;7,674;7,507;22839241;7,648;7,668
14/12/2010;7,532;7,671;7,506;25102092;7,668;7,502
15/12/2010;7,615;7,625;7,482;32107684;7,502;7,532
16/12/2010;7,502;7,542;7,456;22063555;7,532;7,578
17/12/2010;7,479;7,588;7,449;19984541;7,578;7,446
20/12/2010;7,605;7,615;7,446;19978505;7,446;7,625
21/12/2010;7,549;7,691;7,545;23158350;7,625;7,794
22/12/2010;7,608;7,794;7,592;21127628;7,794;7,78
23/12/2010;7,751;7,863;7,747;13813079;7,78;7,704
27/12/2010;7,724;7,787;7,694;10590704;7,704;7,631
28/12/2010;7,698;7,717;7,621;9222621;7,631;7,913
29/12/2010;7,734;7,923;7,724;13115044;7,913;7,949
30/12/2010;7,953;8,012;7,905;17929674;7,949;7,949
31/12/2010;7,999;8,032;7,873;9973064;7,949;8,121
3/01/2011;8,075;8,148;8,032;20700686;8,121;8,075
4/01/2011;8,121;8,145;7,969;19809758;8,075;8,088
5/01/2011;8,062;8,201;8,032;23070821;8,088;7,85
6/01/2011;7,999;8,039;7,85;20401606;7,85;7,648
7/01/2011;7,893;7,909;7,628;32812579;7,648;7,717
10/01/2011;7,595;7,737;7,492;28876804;7,717;7,85
11/01/2011;7,797;7,86;7,764;22606562;7,85;8,032
12/01/2011;7,919;8,055;7,87;24014705;8,032;7,933
13/01/2011;8,032;8,088;7,9;21280735;7,933;7,883
14/01/2011;7,893;7,933;7,812;21462927;7,883;7,767
18/01/2011;7,797;7,807;7,704;25421750;7,767;7,641
19/01/2011;7,717;7,731;7,625;32137044;7,641;7,376
20/01/2011;7,565;7,568;7,367;55798615;7,376;7,403
21/01/2011;7,472;7,517;7,386;33958410;7,403;7,522
24/01/2011;7,449;7,522;7,396;16554183;7,522;7,443
25/01/2011;7,486;7,515;7,373;13353484;7,443;7,393
26/01/2011;7,496;7,509;7,39;21041197;7,393;7,314
27/01/2011;7,429;7,429;7,155;46011310;7,314;7,208
28/01/2011;7,323;7,327;7,019;53641951;7,208;7,118
31/01/2011;7,224;7,287;7,088;39091875;7,118;7,307
1/02/2011;7,198;7,333;7,191;35503470;7,307;7,181
2/02/2011;7,347;7,36;7,155;22877106;7,181;7,042
3/02/2011;7,171;7,181;7,039;32842761;7,042;6,89
4/02/2011;6,956;6,982;6,824;32147745;6,89;6,946
7/02/2011;6,87;6,979;6,853;19523301;6,946;7,201
8/02/2011;7,194;7,244;7,095;37018074;7,201;7,026
9/02/2011;7,092;7,122;6,999;32155702;7,026;6,989
10/02/2011;7,029;7,052;6,933;48825675;6,989;7,254
11/02/2011;6,996;7,267;6,929;38992273;7,254;7,284
14/02/2011;7,211;7,347;7,174;20165361;7,284;7,423
15/02/2011;7,261;7,456;7,257;40471756;7,423;7,562
16/02/2011;7,519;7,578;7,472;28243523;7,562;7,658
17/02/2011;7,568;7,721;7,532;22881222;7,658;7,678
18/02/2011;7,595;7,708;7,578;23616024;7,678;7,264
22/02/2011;7,486;7,525;7,224;47459787;7,264;7,353
23/02/2011;7,251;7,363;7,188;28098923;7,353;7,29
24/02/2011;7,41;7,463;7,191;58746880;7,29;7,3
25/02/2011;7,327;7,327;7,148;36778262;7,3;7,357
28/02/2011;7,31;7,433;7,3;31278219;7,357;7,231
1/03/2011;7,403;7,416;7,218;29020032;7,231;7,267
2/03/2011;7,231;7,34;7,214;24678991;7,267;7,549
3/03/2011;7,37;7,559;7,32;37441999;7,549;7,565
4/03/2011;7,552;7,635;7,449;26377707;7,565;7,33
7/03/2011;7,549;7,552;7,161;20839524;7,33;7,294
8/03/2011;7,333;7,41;7,28;22311050;7,294;7,314
9/03/2011;7,261;7,383;7,231;26794497;7,314;7,029
10/03/2011;7,069;7,148;7,006;35493044;7,029;7,131
11/03/2011;6,992;7,145;6,969;24589816;7,131;7,267
14/03/2011;7,112;7,267;7,085;19063706;7,267;7,267
15/03/2011;7,006;7,287;6,989;30308818;7,267;7,049
16/03/2011;7,274;7,28;6,946;33764968;7,049;6,989
17/03/2011;7,145;7,165;6,949;24015803;6,989;7,194
18/03/2011;7,112;7,227;7,102;33369306;7,194;7,247
21/03/2011;7,28;7,304;7,224;29969129;7,247;7,515
22/03/2011;7,271;7,525;7,261;38071163;7,515;7,436
23/03/2011;7,476;7,506;7,419;25844852;7,436;7,499
24/03/2011;7,476;7,562;7,423;30851002;7,499;7,446
25/03/2011;7,469;7,489;7,41;20190330;7,446;7,459
28/03/2011;7,453;7,542;7,423;19411352;7,459;7,456
29/03/2011;7,449;7,486;7,367;17717849;7,456;7,681
30/03/2011;7,509;7,711;7,477;30656738;7,681;7,962
31/03/2011;7,837;7,986;7,813;48194041;7,962;8,032
1/04/2011;8,102;8,151;8,002;46707699;8,032;8,002
4/04/2011;8,012;8,035;7,919;22100597;8,002;8,005
5/04/2011;7,956;8,065;7,906;23670078;8,005;7,972
6/04/2011;8,045;8,075;7,946;17393526;7,972;8,095
7/04/2011;8,062;8,125;8,012;30266837;8,095;8,015
8/04/2011;8,088;8,095;7,936;20063564;8,015;7,903
11/04/2011;8,015;8,025;7,863;18552253;7,903;7,823
12/04/2011;7,81;7,863;7,734;20426575;7,823;7,84
13/04/2011;7,866;7,89;7,764;18187595;7,84;7,787
14/04/2011;7,817;7,88;7,736;16991827;7,787;7,797
15/04/2011;7,82;7,857;7,731;16373912;7,797;7,684
18/04/2011;7,615;7,751;7,578;19289525;7,684;7,906
19/04/2011;7,794;7,926;7,79;18521796;7,906;8,022
20/04/2011;8,009;8,065;7,949;26592550;8,022;8,032
21/04/2011;8,052;8,095;7,962;15448961;8,032;8,062
25/04/2011;8,032;8,075;7,976;21332594;8,062;8,128
26/04/2011;8,082;8,161;8,042;19481320;8,128;8,072
27/04/2011;8,174;8,184;7,933;25281814;8,072;7,77
28/04/2011;7,9;7,929;7,674;35614871;7,77;7,863
29/04/2011;7,787;7,89;7,747;26505845;7,863;7,787
2/05/2011;7,919;7,956;7,744;15954103;7,787;7,515
3/05/2011;7,615;7,635;7,426;44250309;7,515;7,357
4/05/2011;7,525;7,535;7,337;37260356;7,357;7,353
5/05/2011;7,343;7,463;7,271;35704320;7,353;7,552
6/05/2011;7,535;7,595;7,459;40132067;7,552;7,588
9/05/2011;7,559;7,598;7,403;29901631;7,588;7,784
10/05/2011;7,641;7,79;7,598;29218138;7,784;7,582
11/05/2011;7,678;7,678;7,539;32595266;7,582;7,545
12/05/2011;7,535;7,602;7,479;46288439;7,545;7,347
13/05/2011;7,476;7,512;7,29;22022672;7,347;7,254
16/05/2011;7,297;7,449;7,237;25509553;7,254;7,32
17/05/2011;7,141;7,342;7,105;31280689;7,32;7,247
18/05/2011;7,307;7,39;7,208;22741834;7,247;7,211
19/05/2011;7,277;7,31;7,151;25380593;7,211;7,138
20/05/2011;7,191;7,229;7,108;24064918;7,138;7,045
23/05/2011;7,009;7,122;6,929;27673901;7,045;7,214
24/05/2011;7,141;7,227;7,105;28069289;7,214;7,145
25/05/2011;7,171;7,201;7,105;23008536;7,145;7,406
26/05/2011;7,208;7,406;7,168;44387227;7,406;7,456
27/05/2011;7,449;7,542;7,429;30276440;7,456;7,559
31/05/2011;7,585;7,588;7,463;50765575;7,559;7,4
1/06/2011;7,575;7,59;7,386;38718437;7,4;7,496
2/06/2011;7,423;7,535;7,337;28641381;7,496;7,572
3/06/2011;7,449;7,681;7,433;44503840;7,572;7,383
6/06/2011;7,489;7,525;7,337;26987390;7,383;7,466
7/06/2011;7,486;7,565;7,466;30076139;7,466;7,426
8/06/2011;7,469;7,502;7,38;25717263;7,426;7,367
9/06/2011;7,423;7,436;7,307;28757995;7,367;7,29
10/06/2011;7,314;7,327;7,224;25476902;7,29;7,327
13/06/2011;7,297;7,396;7,277;23007439;7,327;7,406
14/06/2011;7,357;7,439;7,34;19482692;7,406;7,469
15/06/2011;7,327;7,489;7,317;60507882;7,469;7,317
16/06/2011;7,383;7,426;7,218;28149409;7,317;7,294
17/06/2011;7,343;7,376;7,241;28031973;7,294;7,357
20/06/2011;7,307;7,373;7,271;23219812;7,357;7,327
21/06/2011;7,357;7,393;7,314;22732505;7,327;7,4
22/06/2011;7,31;7,512;7,3;42978261;7,4;7,32
23/06/2011;7,254;7,337;7,208;34016579;7,32;7,284
24/06/2011;7,353;7,365;7,247;23120485;7,284;7,343
27/06/2011;7,284;7,367;7,237;24435063;7,343;7,595
28/06/2011;7,35;7,638;7,333;38883068;7,595;7,754
29/06/2011;7,648;7,777;7,625;39251018;7,754;7,797
30/06/2011;7,797;7,83;7,744;26462217;7,797;7,847
1/07/2011;7,727;7,896;7,698;23501057;7,847;7,837
5/07/2011;7,873;7,873;7,787;21386648;7,837;7,741
6/07/2011;7,77;7,851;7,698;22227363;7,741;7,615
7/07/2011;7,79;7,823;7,605;35837671;7,615;7,469
8/07/2011;7,512;7,555;7,415;30274794;7,469;7,052
11/07/2011;7,28;7,29;7,035;54752386;7,052;6,9
12/07/2011;7,131;7,135;6,886;71940124;6,9;6,916
13/07/2011;6,969;7,112;6,877;61104394;6,916;6,675
14/07/2011;6,943;6,943;6,612;75059879;6,675;6,774
15/07/2011;6,83;6,85;6,704;49891111;6,774;6,655
18/07/2011;6,618;6,698;6,555;46232190;6,655;6,84
19/07/2011;6,734;6,88;6,731;41769321;6,84;6,929
20/07/2011;6,916;6,989;6,84;47133544;6,929;7,072
21/07/2011;6,999;7,148;6,999;52969708;7,072;7,065
22/07/2011;7,128;7,131;7,049;41929288;7,065;6,979
25/07/2011;6,946;7,026;6,903;32905870;6,979;6,863
26/07/2011;6,896;6,939;6,832;28936894;6,863;6,638
27/07/2011;6,761;6,764;6,602;63900649;6,638;6,648
28/07/2011;6,638;6,747;6,595;28443824;6,648;6,744
29/07/2011;6,598;6,757;6,529;36621588;6,744;6,734
1/08/2011;6,857;6,857;6,608;40133714;6,734;6,274
2/08/2011;6,486;6,542;6,211;97092977;6,274;6,211
3/08/2011;6,264;6,357;6,092;76476802;6,211;5,867
4/08/2011;5,986;6,036;5,767;78181006;5,867;5,923
5/08/2011;6,102;6,135;5,647;77397088;5,923;5,317
8/08/2011;5,575;5,645;5,191;91045536;5,317;5,675
9/08/2011;5,393;5,688;5,277;93435428;5,675;5,41
10/08/2011;5,542;5,628;5,347;94075842;5,41;5,575
11/08/2011;5,496;5,655;5,39;61063236;5,575;5,741
12/08/2011;5,655;5,761;5,575;44016533;5,741;5,897
15/08/2011;5,837;5,916;5,81;48703574;5,897;5,817
16/08/2011;5,817;5,853;5,691;46990315;5,817;5,986
17/08/2011;5,877;6,012;5,847;53456193;5,986;5,668
18/08/2011;5,734;5,741;5,542;75219022;5,668;5,496
19/08/2011;5,602;5,721;5,479;53992889;5,496;5,453
22/08/2011;5,635;5,635;5,413;53871062;5,453;5,459
23/08/2011;5,377;5,476;5,228;60565777;5,459;5,413
24/08/2011;5,433;5,522;5,281;54146270;5,413;5,453
25/08/2011;5,549;5,579;5,393;44916241;5,453;5,608
26/08/2011;5,45;5,652;5,347;43258133;5,608;5,791
29/08/2011;5,748;5,804;5,681;30236380;5,791;5,9
30/08/2011;5,741;5,926;5,718;34122766;5,9;6,012
31/08/2011;5,966;6,082;5,94;52750201;6,012;6,36
1/09/2011;6,208;6,471;6,188;127720904;6,36;6,059
2/09/2011;6,158;6,218;5,986;61924805;6,059;5,863
6/09/2011;5,688;5,863;5,605;53423266;5,863;6,006
7/09/2011;5,949;6,017;5,857;24992613;6,006;5,936
8/09/2011;5,943;6,019;5,893;33354214;5,936;5,665
9/09/2011;5,744;5,748;5,564;42240714;5,665;5,469
12/09/2011;5,519;5,569;5,284;48423976;5,469;5,416
13/09/2011;5,516;5,516;5,33;36296717;5,416;5,473
14/09/2011;5,45;5,526;5,254;49621116;5,473;5,618
15/09/2011;5,599;5,661;5,526;31150905;5,618;5,645
16/09/2011;5,658;5,688;5,542;35637919;5,645;5,42
19/09/2011;5,39;5,459;5,327;47785482;5,42;5,383
20/09/2011;5,387;5,486;5,347;35794593;5,383;5,145
21/09/2011;5,297;5,372;5,135;55723434;5,145;4,864
22/09/2011;4,87;5,016;4,791;71603728;4,864;4,973
23/09/2011;4,86;5,022;4,837;50194855;4,973;5,118
26/09/2011;5,029;5,125;4,827;43547884;5,118;5,377
27/09/2011;5,277;5,479;5,277;90274241;5,377;5,251
28/09/2011;5,363;5,516;5,248;63194383;5,251;5,33
29/09/2011;5,367;5,466;5,223;60045543;5,33;5,138
30/09/2011;5,218;5,281;5,059;70061137;5,138;5,022
3/10/2011;5,109;5,155;4,986;53150528;5,022;5,042
4/10/2011;4,956;5,049;4,807;71614429;5,042;5,214
5/10/2011;5,066;5,248;5,022;47268816;5,214;5,503
6/10/2011;5,334;5,503;5,304;53713840;5,503;5,387
7/10/2011;5,569;5,637;5,337;52540571;5,387;5,688
10/10/2011;5,579;5,777;5,56;41777553;5,688;5,777
11/10/2011;5,678;5,847;5,628;40086520;5,777;5,956
12/10/2011;5,718;6,087;5,718;46216550;5,956;5,883
13/10/2011;5,903;5,903;5,744;34216057;5,883;5,996
14/10/2011;5,956;6,036;5,873;37694433;5,996;5,817
17/10/2011;5,9;5,926;5,807;31962535;5,817;5,923
18/10/2011;5,83;5,966;5,721;46598768;5,923;5,94
19/10/2011;5,89;5,983;5,83;57514344;5,94;5,863
20/10/2011;5,923;5,953;5,691;42029987;5,863;6,012
21/10/2011;5,92;6,055;5,91;47079490;6,012;6,261
24/10/2011;6,022;6,294;6,006;38400425;6,261;6,022
25/10/2011;6,165;6,185;5,966;50636340;6,022;6,161
26/10/2011;6,112;6,168;5,979;48501352;6,161;6,512
27/10/2011;6,496;6,651;6,367;72804436;6,512;6,539
28/10/2011;6,463;6,598;6,453;53727833;6,539;6,33
31/10/2011;6,42;6,509;6,33;39362967;6,33;6,102
1/11/2011;5,966;6,18;5,883;80186210;6,102;6,267
2/11/2011;6,297;6,35;6,198;40523066;6,267;6,218
3/11/2011;6,31;6,33;6,138;64611580;6,218;6,188
4/11/2011;6,148;6,221;6,039;36124129;6,188;6,142
7/11/2011;6,247;6,257;6,118;47774232;6,142;6,224
8/11/2011;6,158;6,244;6,095;37312764;6,224;5,85
9/11/2011;5,973;6,036;5,827;67571095;5,85;5,887
10/11/2011;6,036;6,046;5,844;49404901;5,887;6,049
11/11/2011;5,976;6,08;5,963;24645241;6,049;5,986
14/11/2011;6,069;6,108;5,966;24971759;5,986;5,966
15/11/2011;5,953;6,026;5,873;15782613;5,966;5,877
16/11/2011;5,916;6,016;5,87;34150753;5,877;5,754
17/11/2011;5,91;5,93;5,688;44134518;5,754;5,625
18/11/2011;5,774;5,774;5,592;52194846;5,625;5,486
21/11/2011;5,506;5,562;5,43;40205328;5,486;5,433
22/11/2011;5,45;5,529;5,347;50403113;5,433;5,244
23/11/2011;5,317;5,337;5,198;36723660;5,244;5,211
25/11/2011;5,171;5,281;5,165;21291162;5,211;5,45
28/11/2011;5,413;5,459;5,363;31013987;5,45;5,407
29/11/2011;5,45;5,536;5,39;21291711;5,407;5,893
30/11/2011;5,857;5,936;5,761;72460357;5,893;6,075
1/12/2011;6,006;6,188;5,976;55680356;6,075;6,142
2/12/2011;6,234;6,281;6,046;37522119;6,142;6,307
5/12/2011;6,287;6,35;6,241;48861894;6,307;6,244
6/12/2011;6,204;6,277;6,138;34230874;6,244;6,267
7/12/2011;6,221;6,324;6,188;34839185;6,267;6,095
8/12/2011;6,194;6,257;6,085;27688443;6,095;6,32
9/12/2011;6,145;6,357;6,142;33108366;6,32;6,095
12/12/2011;6,115;6,135;5,999;30878166;6,095;5,986
13/12/2011;6,082;6,107;5,93;30202356;5,986;5,923
14/12/2011;5,966;5,999;5,877;34040176;5,923;5,85
15/12/2011;6,009;6,029;5,85;32517066;5,85;5,94
16/12/2011;5,94;5,969;5,84;34298921;5,94;5,824
19/12/2011;5,903;5,93;5,804;29397311;5,824;6,006
20/12/2011;6,029;6,125;5,986;34692663;6,006;6,039
21/12/2011;6,036;6,059;5,946;28003986;6,039;6,194
22/12/2011;6,042;6,208;6,029;38882793;6,194;6,181
23/12/2011;6,198;6,211;6,142;26432858;6,181;6,148
27/12/2011;6,138;6,171;6,095;19502996;6,148;5,983
28/12/2011;6,098;6,098;5,956;20311334;5,983;6,069
29/12/2011;5,963;6,075;5,943;17441818;6,069;6,145
30/12/2011;6,062;6,155;6,042;15209972;6,145;6,281
3/01/2012;6,211;6,32;6,188;28338735;6,281;6,287
4/01/2012;6,261;6,377;6,247;22893843;6,287;6,231
5/01/2012;6,228;6,281;6,128;16078125;6,231;6,224
6/01/2012;6,271;6,271;6,171;11385048;6,224;6,367
9/01/2012;6,3;6,367;6,238;28026759;6,367;6,519
10/01/2012;6,479;6,579;6,476;34458339;6,519;6,565
11/01/2012;6,476;6,579;6,473;15387499;6,565;6,622
12/01/2012;6,605;6,641;6,542;21886302;6,622;6,565
13/01/2012;6,499;6,598;6,469;39570676;6,565;6,665
17/01/2012;6,671;6,708;6,638;39602779;6,665;6,896
18/01/2012;6,678;6,906;6,671;32892150;6,896;6,949
19/01/2012;6,857;6,949;6,857;37067738;6,949;6,986
20/01/2012;6,943;6,989;6,873;22562112;6,986;6,886
23/01/2012;6,867;6,926;6,817;26558801;6,886;6,731
24/01/2012;6,724;6,759;6,681;39914480;6,731;6,906
25/01/2012;6,691;6,959;6,671;32917119;6,906;6,88
26/01/2012;6,91;6,986;6,827;34101090;6,88;6,89
27/01/2012;6,81;6,953;6,774;41676854;6,89;6,724
30/01/2012;6,638;6,741;6,579;27570732;6,724;6,608
31/01/2012;6,661;6,708;6,579;41568472;6,608;6,79
1/02/2012;6,635;6,837;6,628;51525896;6,79;6,863
2/02/2012;6,81;6,89;6,751;25135567;6,863;6,9
3/02/2012;6,91;6,936;6,807;23065334;6,9;6,916
6/02/2012;6,847;6,916;6,833;21797127;6,916;6,996
7/02/2012;6,946;7,006;6,781;34327732;6,996;7,131
8/02/2012;7,105;7,155;7,067;37100664;7,131;7,085
9/02/2012;7,102;7,125;7,052;32084087;7,085;7,022
10/02/2012;6,989;7,053;6,956;16704546;7,022;7,204
13/02/2012;7,102;7,234;7,082;26070670;7,204;7,115
14/02/2012;7,118;7,158;7,055;21468689;7,115;6,949
15/02/2012;7,145;7,16;6,929;38077474;6,949;7,035
16/02/2012;6,86;7,044;6,829;25350959;7,035;7,085
17/02/2012;7,019;7,098;6,986;18920752;7,085;7,108
21/02/2012;7,168;7,168;7,062;11868788;7,108;7,016
22/02/2012;7,211;7,211;6,986;25334770;7,016;6,979
23/02/2012;6,989;7,022;6,92;18805510;6,979;6,992
24/02/2012;6,996;7,059;6,91;16755856;6,992;6,9
27/02/2012;6,903;6,943;6,848;19481594;6,9;7,108
28/02/2012;6,982;7,121;6,973;29990806;7,108;6,969
29/02/2012;7,112;7,186;6,969;40604832;6,969;7,184
1/03/2012;7,035;7,224;7,022;28173281;7,184;7,178
2/03/2012;7,145;7,284;7,141;23042285;7,178;7,035
5/03/2012;7,135;7,158;7,002;22762413;7,035;6,744
6/03/2012;6,883;6,893;6,694;40606204;6,744;6,83
7/03/2012;6,757;6,857;6,728;25944728;6,83;7,122
8/03/2012;6,92;7,131;6,92;65135107;7,122;7,105
9/03/2012;7,088;7,201;7,039;75378165;7,105;6,913
12/03/2012;6,999;7,019;6,86;37989122;6,913;7,052
13/03/2012;6,936;7,088;6,936;45713328;7,052;7,022
14/03/2012;7,002;7,049;6,953;30422962;7,022;7,078
15/03/2012;6,996;7,092;6,953;26360695;7,078;7,105
16/03/2012;7,082;7,151;7,078;36171049;7,105;7,045
19/03/2012;7,055;7,135;7,029;34957170;7,045;6,893
20/03/2012;6,923;6,923;6,857;37516906;6,893;6,857
21/03/2012;6,87;6,918;6,8;26268227;6,857;6,661
22/03/2012;6,781;6,784;6,625;34034414;6,661;6,655
23/03/2012;6,648;6,698;6,598;32850444;6,655;6,754
26/03/2012;6,698;6,764;6,675;24262475;6,754;6,747
27/03/2012;6,734;6,85;6,718;27333115;6,747;6,555
28/03/2012;6,691;6,701;6,499;36327448;6,555;6,456
29/03/2012;6,469;6,479;6,343;40252797;6,456;6,353
30/03/2012;6,509;6,512;6,294;52676117;6,353;6,406
2/04/2012;6,343;6,439;6,294;47860389;6,406;6,337
3/04/2012;6,423;6,456;6,277;36451744;6,337;6,112
4/04/2012;6,238;6,277;6,108;46892085;6,112;5,986
5/04/2012;6,036;6,098;5,953;57484161;5,986;5,91
9/04/2012;5,9;5,943;5,857;38146619;5,91;5,743
10/04/2012;5,953;5,999;5,645;74213950;5,743;5,767
11/04/2012;5,817;5,885;5,748;39535006;5,767;5,933
12/04/2012;5,767;5,933;5,744;28380716;5,933;5,724
13/04/2012;5,887;5,887;5,701;29045550;5,724;5,678
16/04/2012;5,761;5,781;5,638;35396186;5,678;5,635
17/04/2012;5,731;5,741;5,612;39648053;5,635;5,539
18/04/2012;5,496;5,638;5,479;41404115;5,539;5,552
19/04/2012;5,499;5,572;5,463;38358444;5,552;5,695
20/04/2012;5,685;5,767;5,671;43455965;5,695;5,585
23/04/2012;5,556;5,625;5,493;47541005;5,585;5,536
24/04/2012;5,618;5,681;5,499;37429103;5,536;5,221
25/04/2012;5,32;5,357;5,191;114437388;5,221;5,208
26/04/2012;5,135;5,228;5,105;74708940;5,208;5,218
27/04/2012;5,258;5,264;5,188;35102869;5,218;5,195
30/04/2012;5,267;5,267;5,146;41133846;5,195;5,195
1/05/2012;5,214;5,266;5,175;34652878;5,195;5,046
2/05/2012;5,158;5,224;5,021;71489035;5,046;5,039
3/05/2012;4,996;5,075;4,926;68348701;5,039;4,917
4/05/2012;5,092;5,125;4,867;106935708;4,917;4,966
7/05/2012;4,913;4,983;4,873;52789163;4,966;4,966
8/05/2012;4,92;4,97;4,85;56140225;4,966;4,837
9/05/2012;4,837;4,873;4,774;55439720;4,837;4,854
10/05/2012;4,956;4,963;4,824;51634278;4,854;4,877
11/05/2012;4,837;4,976;4,814;49930622;4,877;4,715
14/05/2012;4,754;4,84;4,678;33421987;4,715;4,688
15/05/2012;4,754;4,821;4,681;36707745;4,688;4,599
16/05/2012;4,804;4,804;4,566;40995008;4,599;4,43
17/05/2012;4,572;4,609;4,4;44632801;4,43;4,43
18/05/2012;4,489;4,532;4,387;45781650;4,43;4,648
21/05/2012;4,433;4,655;4,43;53533020;4,648;4,559
22/05/2012;4,648;4,691;4,513;46622639;4,559;4,602
23/05/2012;4,526;4,615;4,347;52987818;4,602;4,572
24/05/2012;4,589;4,615;4,476;34303586;4,572;4,725
25/05/2012;4,635;4,764;4,592;48194864;4,725;4,728
29/05/2012;4,761;4,777;4,658;37620898;4,728;4,589
30/05/2012;4,556;4,638;4,556;47014735;4,589;4,791
31/05/2012;4,585;4,797;4,572;66717209;4,791;4,615
1/06/2012;4,678;4,794;4,612;44975782;4,615;4,562
4/06/2012;4,615;4,678;4,546;31097948;4,562;4,562
5/06/2012;4,612;4,648;4,529;27755942;4,562;4,721
6/06/2012;4,516;4,725;4,496;44791121;4,721;4,811
7/06/2012;4,791;4,91;4,771;36286016;4,811;4,688
8/06/2012;4,731;4,758;4,678;34716809;4,688;4,658
11/06/2012;4,781;4,791;4,648;23853367;4,658;4,718
12/06/2012;4,685;4,734;4,668;37867570;4,718;4,701
13/06/2012;4,672;4,787;4,658;36846858;4,701;4,728
14/06/2012;4,701;4,771;4,662;33797346;4,728;4,847
15/06/2012;4,771;4,847;4,748;26635903;4,847;4,811
18/06/2012;4,756;4,847;4,738;25220352;4,811;4,986
19/06/2012;4,844;4,986;4,824;37670287;4,986;4,89
20/06/2012;4,917;4,942;4,794;36271473;4,89;4,662
21/06/2012;4,847;4,873;4,658;22625769;4,662;4,529
22/06/2012;4,672;4,675;4,486;36354063;4,529;4,354
25/06/2012;4,44;4,47;4,34;36221261;4,354;4,335
26/06/2012;4,364;4,38;4,266;46131765;4,335;4,383
27/06/2012;4,327;4,43;4,281;25692568;4,383;4,337
28/06/2012;4,307;4,34;4,251;21492560;4,337;4,609
29/06/2012;4,519;4,615;4,503;33049373;4,609;4,695
2/07/2012;4,648;4,698;4,598;27861580;4,695;4,83
3/07/2012;4,746;4,847;4,705;21207200;4,83;4,801
5/07/2012;4,738;4,885;4,705;42723083;4,801;4,741
6/07/2012;4,648;4,749;4,648;36147177;4,741;4,708
9/07/2012;4,695;4,731;4,658;18891392;4,708;4,569
10/07/2012;4,758;4,764;4,536;49169479;4,569;4,572
11/07/2012;4,585;4,678;4,486;49852423;4,572;4,569
12/07/2012;4,489;4,602;4,45;39000505;4,569;4,662
13/07/2012;4,625;4,688;4,602;32489079;4,662;4,721
16/07/2012;4,69;4,761;4,635;44336465;4,721;4,741
17/07/2012;4,751;4,781;4,658;26218564;4,741;4,824
18/07/2012;4,685;4,827;4,675;22694640;4,824;4,94
19/07/2012;4,864;4,95;4,844;34230599;4,94;4,887
20/07/2012;4,893;4,94;4,867;32394965;4,887;4,708
23/07/2012;4,708;4,731;4,63;35321553;4,708;4,887
24/07/2012;4,9;4,926;4,844;60823973;4,887;4,91
25/07/2012;4,923;4,97;4,864;53400767;4,91;5,118
26/07/2012;5,026;5,138;4,988;55186737;5,118;5,297
27/07/2012;5,175;5,36;5,132;65167210;5,297;5,39
30/07/2012;5,254;5,416;5,248;50082906;5,39;5,234
31/07/2012;5,319;5,377;5,181;55931418;5,234;5,211
1/08/2012;5,274;5,297;5,125;34852904;5,211;5,049
2/08/2012;5,105;5,174;5,042;51316266;5,049;5,277
3/08/2012;5,238;5,34;5,211;32707215;5,277;5,387
6/08/2012;5,304;5,451;5,284;30265465;5,387;5,459
7/08/2012;5,443;5,506;5,43;56200864;5,459;5,602
8/08/2012;5,443;5,607;5,407;59565095;5,602;5,549
9/08/2012;5,529;5,592;5,506;30030043;5,549;5,638
10/08/2012;5,514;5,655;5,466;35837946;5,638;5,589
13/08/2012;5,542;5,628;5,516;24965723;5,589;5,509
14/08/2012;5,562;5,62;5,493;32096709;5,509;5,549
15/08/2012;5,519;5,6;5,496;26746754;5,549;5,685
16/08/2012;5,599;5,701;5,562;31763880;5,685;5,711
17/08/2012;5,695;5,757;5,668;25437665;5,711;5,671
20/08/2012;5,728;5,738;5,607;28216634;5,671;5,615
21/08/2012;5,652;5,724;5,577;25644825;5,615;5,648
22/08/2012;5,615;5,658;5,529;30081627;5,648;5,572
23/08/2012;5,582;5,592;5,499;31439009;5,572;5,582
24/08/2012;5,531;5,622;5,526;31909853;5,582;5,469
27/08/2012;5,522;5,539;5,433;19875611;5,469;5,44
28/08/2012;5,433;5,466;5,4;17431391;5,44;5,314
29/08/2012;5,436;5,45;5,267;31017005;5,314;5,291
30/08/2012;5,218;5,294;5,211;26495967;5,291;5,234
31/08/2012;5,284;5,354;5,216;33973227;5,234;5,115
4/09/2012;5,224;5,234;5,109;26276185;5,115;5,148
5/09/2012;5,112;5,162;5,075;33170377;5,148;5,317
6/09/2012;5,185;5,337;5,178;29031282;5,317;5,486
7/09/2012;5,307;5,569;5,307;28986832;5,486;5,377
10/09/2012;5,428;5,459;5,363;27963925;5,377;5,433
11/09/2012;5,41;5,456;5,4;21180859;5,433;5,542
12/09/2012;5,473;5,585;5,466;32659472;5,542;5,728
13/09/2012;5,512;5,741;5,496;44208602;5,728;5,767
14/09/2012;5,748;5,903;5,744;53632073;5,767;5,681
17/09/2012;5,787;5,794;5,652;42900610;5,681;5,595
18/09/2012;5,688;5,688;5,549;28027034;5,595;5,579
19/09/2012;5,556;5,658;5,536;26896020;5,579;5,536
20/09/2012;5,539;5,562;5,489;25800676;5,536;5,526
21/09/2012;5,589;5,632;5,516;29589655;5,526;5,559
24/09/2012;5,569;5,618;5,526;21188816;5,559;5,218
25/09/2012;5,423;5,44;5,208;69521970;5,218;5,211
26/09/2012;5,201;5,214;5,092;40881687;5,211;5,178
27/09/2012;5,234;5,251;5,109;30605428;5,178;5,059
28/09/2012;5,009;5,059;4,979;39017242;5,059;5,095
1/10/2012;5,029;5,142;5,026;26190302;5,095;5,085
2/10/2012;5,155;5,158;5,069;20831293;5,085;5,029
3/10/2012;5,072;5,079;5,006;19271141;5,029;5,056
4/10/2012;5,026;5,056;4,963;36551072;5,056;5,042
5/10/2012;5,105;5,142;5,016;21944746;5,042;5,075
8/10/2012;4,999;5,099;4,956;22289374;5,075;4,923
9/10/2012;4,993;4,993;4,887;30695975;4,923;4,801
10/10/2012;4,943;4,946;4,777;33992708;4,801;4,837
11/10/2012;4,844;4,907;4,824;40461055;4,837;4,814
12/10/2012;4,827;4,897;4,784;21004430;4,814;4,847
15/10/2012;4,84;4,877;4,817;27067510;4,847;4,883
16/10/2012;4,917;4,936;4,83;31959242;4,883;4,903
17/10/2012;4,89;4,907;4,771;34412791;4,903;4,887
18/10/2012;4,917;4,92;4,821;31937566;4,887;4,811
19/10/2012;4,87;4,88;4,781;33794328;4,811;4,824
22/10/2012;4,787;4,873;4,784;32133751;4,824;4,642
23/10/2012;4,725;4,728;4,612;82593936;4,642;4,787
24/10/2012;4,731;4,86;4,718;36386441;4,787;4,877
25/10/2012;4,96;4,993;4,87;43694131;4,877;4,847
26/10/2012;4,867;4,887;4,834;27869263;4,847;4,827
31/10/2012;4,873;4,883;4,804;19795765;4,827;5,029
1/11/2012;4,893;5,059;4,877;33248302;5,029;5,056
2/11/2012;5,38;5,38;5,003;25394037;5,056;5,016
5/11/2012;5,039;5,062;4,993;23009359;5,016;5,079
6/11/2012;5,062;5,12;5,022;24166989;5,079;4,956
7/11/2012;5,026;5,032;4,926;35680449;4,956;4,84
8/11/2012;4,963;5,016;4,807;41505638;4,84;4,814
9/11/2012;4,817;4,877;4,787;33243363;4,814;4,827
12/11/2012;4,804;4,844;4,777;14888667;4,827;4,807
13/11/2012;4,777;4,86;4,751;22711926;4,807;4,721
14/11/2012;4,801;4,824;4,701;30284123;4,721;4,764
15/11/2012;4,708;4,8;4,701;19816344;4,764;4,758
16/11/2012;4,811;4,821;4,701;26944860;4,758;4,946
19/11/2012;4,83;4,956;4,827;24398569;4,946;4,95
20/11/2012;4,913;4,966;4,86;17104599;4,95;4,956
21/11/2012;4,93;4,97;4,893;24041869;4,956;5,049
23/11/2012;5,019;5,075;5,016;12361309;5,049;5,016
26/11/2012;5,036;5,054;4,979;17704678;5,016;4,913
27/11/2012;4,989;5,026;4,89;30803533;4,913;4,92
28/11/2012;4,87;4,93;4,837;28723971;4,92;5,013
29/11/2012;4,897;5,062;4,887;34764827;5,013;5,016
30/11/2012;4,993;5,039;4,907;32194116;5,016;5,069
3/12/2012;5,109;5,18;5,059;37669190;5,069;5,056
4/12/2012;5,125;5,148;5,036;34667694;5,056;5,181
5/12/2012;5,122;5,234;5,082;40138104;5,181;5,211
6/12/2012;5,128;5,211;5,109;22365653;5,211;5,208
7/12/2012;5,241;5,241;5,125;15651731;5,208;5,224
10/12/2012;5,162;5,238;5,158;17764494;5,224;5,244
11/12/2012;5,171;5,274;5,162;30027848;5,244;5,221
12/12/2012;5,238;5,261;5,181;28016882;5,221;5,211
13/12/2012;5,248;5,287;5,175;29394293;5,211;5,185
14/12/2012;5,208;5,224;5,16;35963339;5,185;5,162
17/12/2012;5,168;5,185;5,128;18086622;5,162;5,241
18/12/2012;5,155;5,244;5,118;28759641;5,241;5,407
19/12/2012;5,264;5,443;5,251;50067815;5,407;5,426
20/12/2012;5,413;5,436;5,383;38632829;5,426;5,433
21/12/2012;5,367;5,486;5,357;39142910;5,433;5,397
24/12/2012;5,446;5,476;5,367;6837669;5,397;5,397
26/12/2012;5,426;5,466;5,39;20360174;5,397;5,39
27/12/2012;5,42;5,433;5,33;20128868;5,39;5,373
28/12/2012;5,324;5,436;5,324;28289346;5,373;5,45
31/12/2012;5,373;5,456;5,367;18563777;5,45;5,589
2/01/2013;5,532;5,589;5,532;44497804;5,589;5,764
3/01/2013;5,622;5,784;5,602;52405848;5,764;5,741
4/01/2013;5,675;5,753;5,661;34027280;5,741;5,678
7/01/2013;5,681;5,731;5,617;27303207;5,678;5,668
8/01/2013;5,632;5,7;5,618;32140062;5,668;5,744
9/01/2013;5,688;5,744;5,668;44058514;5,744;5,701
10/01/2013;5,731;5,738;5,67;26720962;5,701;5,708
11/01/2013;5,671;5,728;5,648;20412033;5,708;5,764
14/01/2013;5,774;5,801;5,741;24644418;5,764;5,718
15/01/2013;5,728;5,759;5,675;17131214;5,718;5,718
16/01/2013;5,665;5,728;5,652;15020098;5,718;5,807
17/01/2013;5,797;5,844;5,787;23032956;5,807;5,87
18/01/2013;5,771;5,87;5,761;36750001;5,87;5,89
22/01/2013;5,774;5,893;5,774;31209349;5,89;5,781
23/01/2013;5,853;5,857;5,764;21585302;5,781;5,824
24/01/2013;5,804;5,88;5,784;22291020;5,824;5,84
25/01/2013;5,804;5,89;5,789;18766273;5,84;5,761
28/01/2013;5,791;5,797;5,718;34183680;5,761;5,804
29/01/2013;5,787;5,83;5,754;34992017;5,804;5,731
30/01/2013;5,711;5,787;5,665;24298693;5,731;5,704
31/01/2013;5,688;5,746;5,665;34039628;5,704;5,678
1/02/2013;5,718;5,724;5,655;27658535;5,678;5,519
4/02/2013;5,569;5,569;5,506;21852827;5,519;5,688
5/02/2013;5,731;5,738;5,622;48200626;5,688;5,585
6/02/2013;5,628;5,628;5,519;38601549;5,585;5,595
7/02/2013;5,638;5,642;5,527;30050622;5,595;5,668
8/02/2013;5,642;5,691;5,622;23676663;5,668;5,658
11/02/2013;5,661;5,685;5,625;9522798;5,658;5,645
12/02/2013;5,685;5,731;5,605;14091031;5,645;5,678
13/02/2013;5,671;5,701;5,638;22292941;5,678;5,704
14/02/2013;5,635;5,724;5,582;25910430;5,704;5,913
15/02/2013;5,771;5,928;5,754;36165012;5,913;5,89
19/02/2013;5,923;5,936;5,86;34080511;5,89;5,757
20/02/2013;5,903;5,916;5,731;28369466;5,757;5,685
21/02/2013;5,741;5,754;5,625;26726450;5,685;5,883
22/02/2013;5,781;5,89;5,761;42545007;5,883;5,82
25/02/2013;5,93;5,996;5,82;52039544;5,82;5,761
26/02/2013;5,767;5,844;5,628;38298903;5,761;5,791
27/02/2013;5,691;5,817;5,688;29284265;5,791;5,847
28/02/2013;5,807;5,897;5,804;23150393;5,847;5,877
1/03/2013;5,847;5,893;5,814;21149579;5,877;5,883
4/03/2013;5,817;5,883;5,767;17319442;5,883;5,943
5/03/2013;5,906;6,046;5,906;27917554;5,943;5,969
6/03/2013;5,906;6,001;5,87;19610555;5,969;6,046
7/03/2013;5,956;6,067;5,946;28606535;6,046;6,304
8/03/2013;6,069;6,314;6,055;51500927;6,304;6,208
11/03/2013;6,267;6,294;6,158;22427938;6,208;6,135
12/03/2013;6,198;6,201;6,108;30180131;6,135;6,075
13/03/2013;6,125;6,155;6,039;21259608;6,075;5,949
14/03/2013;6,049;6,075;5,9;22724548;5,949;5,946
15/03/2013;5,978;5,983;5,873;19844880;5,946;5,983
18/03/2013;5,911;6,039;5,893;21506005;5,983;5,963
19/03/2013;6,034;6,046;5,887;39342937;5,963;5,999
20/03/2013;5,983;6,036;5,976;27961730;5,999;5,877
21/03/2013;5,959;5,999;5,877;25332026;5,877;5,824
22/03/2013;5,87;5,87;5,801;14144536;5,824;5,734
25/03/2013;5,801;5,847;5,714;17531267;5,734;5,834
26/03/2013;5,767;5,86;5,761;17843243;5,834;5,824
27/03/2013;5,728;5,84;5,671;23422857;5,824;5,893
28/03/2013;5,84;5,897;5,805;28253127;5,893;5,797
1/04/2013;5,9;5,926;5,781;13195164;5,797;5,724
2/04/2013;5,824;5,834;5,678;18722371;5,724;5,638
3/04/2013;5,688;5,728;5,615;15657768;5,638;5,559
4/04/2013;5,658;5,695;5,542;29591027;5,559;5,658
5/04/2013;5,512;5,671;5,435;34014110;5,658;5,618
8/04/2013;5,635;5,645;5,532;14829400;5,618;5,787
9/04/2013;5,688;5,814;5,635;23430540;5,787;5,913
10/04/2013;5,801;5,954;5,801;27715333;5,913;5,887
11/04/2013;5,913;5,93;5,85;14539101;5,887;5,807
12/04/2013;5,85;5,863;5,761;19562812;5,807;5,638
15/04/2013;5,744;5,758;5,638;17155634;5,638;5,767
16/04/2013;5,718;5,779;5,685;16209556;5,767;5,572
17/04/2013;5,718;5,718;5,511;23980681;5,572;5,344
18/04/2013;5,552;5,562;5,327;36678660;5,344;5,459
19/04/2013;5,344;5,503;5,33;23345206;5,459;5,44
22/04/2013;5,466;5,509;5,387;21755421;5,44;5,496
23/04/2013;5,473;5,552;5,42;21265644;5,496;5,559
24/04/2013;5,506;5,582;5,496;18724841;5,559;5,638
25/04/2013;5,532;5,638;5,499;21390763;5,638;5,4
26/04/2013;5,595;5,632;5,377;22180168;5,4;5,469
29/04/2013;5,45;5,504;5,38;17316424;5,469;5,572
30/04/2013;5,393;5,579;5,32;38681395;5,572;5,529
1/05/2013;5,536;5,589;5,455;14194748;5,529;5,463
2/05/2013;5,608;5,628;5,463;21856943;5,463;5,552
3/05/2013;5,542;5,642;5,536;23339444;5,552;5,506
6/05/2013;5,552;5,559;5,469;13064832;5,506;5,711
7/05/2013;5,549;5,728;5,549;21408324;5,711;5,804
8/05/2013;5,787;5,857;5,774;30484150;5,804;5,714
9/05/2013;5,807;5,87;5,668;24215006;5,714;5,668
10/05/2013;5,748;5,761;5,645;15552953;5,668;5,642
13/05/2013;5,685;5,685;5,602;10355007;5,642;5,645
14/05/2013;5,615;5,708;5,575;19170167;5,645;5,738
15/05/2013;5,658;5,789;5,655;26878185;5,738;5,678
16/05/2013;5,718;5,751;5,661;20368680;5,678;5,701
17/05/2013;5,671;5,718;5,668;15379542;5,701;5,771
20/05/2013;5,777;5,797;5,7;21894534;5,771;5,834
21/05/2013;5,809;5,838;5,721;32015716;5,834;5,856
22/05/2013;5,863;5,984;5,847;29354433;5,856;5,827
23/05/2013;5,827;5,863;5,765;23408764;5,827;5,827
24/05/2013;5,845;5,849;5,751;21072502;5,827;5,809
28/05/2013;5,852;5,889;5,783;13162986;5,809;5,532
29/05/2013;5,732;5,769;5,499;31163626;5,532;5,547
30/05/2013;5,528;5,612;5,466;20793877;5,547;5,477
31/05/2013;5,499;5,521;5,405;31476425;5,477;5,525
3/06/2013;5,503;5,539;5,43;29542760;5,525;5,463
4/06/2013;5,525;5,536;5,405;31341228;5,463;5,313
5/06/2013;5,492;5,496;5,31;26174313;5,313;5,405
6/06/2013;5,284;5,408;5,244;24642996;5,405;5,364
7/06/2013;5,299;5,423;5,25;32162886;5,364;5,303
10/06/2013;5,263;5,324;5,197;25736544;5,303;5,157
11/06/2013;5,168;5,222;5,12;28573434;5,157;5,084
12/06/2013;5,19;5,193;5,022;42100853;5,084;5,102
13/06/2013;5,106;5,142;5,044;46315403;5,102;5,015
14/06/2013;5,146;5,15;5,004;27381606;5,015;4,993
17/06/2013;5,018;5,062;4,946;20012878;4,993;4,909
18/06/2013;4,927;4,968;4,869;28122445;4,909;4,756
19/06/2013;4,92;4,931;4,705;32980802;4,756;4,636
20/06/2013;4,534;4,676;4,429;76311647;4,636;4,658
21/06/2013;4,683;4,683;4,567;47827513;4,658;4,516
24/06/2013;4,541;4,6;4,418;51546923;4,516;4,563
25/06/2013;4,603;4,611;4,47;30031664;4,563;4,647
26/06/2013;4,622;4,742;4,622;37168412;4,647;4,738
27/06/2013;4,665;4,764;4,647;32370420;4,738;4,705
28/06/2013;4,636;4,709;4,614;30824886;4,705;4,64
1/07/2013;4,665;4,738;4,629;21862231;4,64;4,396
2/07/2013;4,563;4,596;4,33;48575087;4,396;4,374
3/07/2013;4,399;4,407;4,276;52704827;4,374;4,261
5/07/2013;4,341;4,345;4,144;60924148;4,261;4,31
8/07/2013;4,301;4,396;4,228;37588471;4,31;4,388
9/07/2013;4,367;4,418;4,305;15709527;4,388;4,308
10/07/2013;4,341;4,381;4,276;47855450;4,308;4,461
11/07/2013;4,425;4,461;4,327;46769385;4,461;4,392
12/07/2013;4,432;4,436;4,345;15851458;4,392;4,538
15/07/2013;4,403;4,571;4,403;22803621;4,538;4,509
16/07/2013;4,56;4,563;4,465;15933275;4,509;4,592
17/07/2013;4,563;4,64;4,556;24861008;4,592;4,622
18/07/2013;4,592;4,665;4,581;23844786;4,622;4,578
19/07/2013;4,607;4,622;4,56;16754184;4,578;4,716
22/07/2013;4,567;4,727;4,54;35347495;4,716;4,825
23/07/2013;4,774;4,862;4,753;36328795;4,825;4,683
24/07/2013;4,771;4,796;4,609;51453882;4,683;4,709
25/07/2013;4,662;4,729;4,632;18609774;4,709;4,665
26/07/2013;4,683;4,7;4,571;24776198;4,665;4,64
29/07/2013;4,687;4,694;4,589;16165754;4,64;4,665
30/07/2013;4,782;4,782;4,654;34969842;4,665;4,643
31/07/2013;4,629;4,702;4,578;40401912;4,643;4,771
1/08/2013;4,683;4,775;4,676;45437621;4,771;4,8
2/08/2013;4,745;4,822;4,734;29131931;4,8;4,654
5/08/2013;4,727;4,764;4,629;21681636;4,654;4,549
6/08/2013;4,643;4,669;4,529;24958788;4,549;4,458
7/08/2013;4,454;4,516;4,429;17974199;4,458;4,643
8/08/2013;4,547;4,673;4,512;29556480;4,643;4,716
9/08/2013;4,676;4,745;4,632;24648484;4,716;4,818
12/08/2013;4,764;4,884;4,76;58862770;4,818;4,807
13/08/2013;4,815;4,833;4,727;21788147;4,807;4,734
14/08/2013;4,76;4,807;4,72;23026122;4,734;4,662
15/08/2013;4,625;4,694;4,574;28881493;4,662;4,45
16/08/2013;4,574;4,581;4,407;38547570;4,45;4,348
19/08/2013;4,418;4,421;4,341;29208011;4,348;4,381
20/08/2013;4,363;4,478;4,359;31955101;4,381;4,257
21/08/2013;4,356;4,37;4,232;38323323;4,257;4,257
22/08/2013;4,279;4,334;4,228;26969530;4,257;4,556
23/08/2013;4,37;4,578;4,348;31437512;4,556;4,447
26/08/2013;4,556;4,563;4,421;16509733;4,447;4,341
27/08/2013;4,323;4,372;4,283;25816615;4,341;4,396
28/08/2013;4,341;4,461;4,301;26986741;4,396;4,396
29/08/2013;4,396;4,486;4,365;20569380;4,396;4,432
30/08/2013;4,436;4,465;4,367;25666951;4,432;4,465
3/09/2013;4,469;4,494;4,421;23014149;4,465;4,476
4/09/2013;4,439;4,512;4,429;13752415;4,476;4,618
5/09/2013;4,505;4,625;4,494;26948826;4,618;4,767
6/09/2013;4,727;4,778;4,687;37034962;4,767;4,946
9/09/2013;4,785;4,971;4,785;25701872;4,946;4,964
10/09/2013;4,971;5,009;4,911;31171858;4,964;4,935
11/09/2013;4,906;4,942;4,862;22666927;4,935;4,92
12/09/2013;4,942;4,946;4,876;24091234;4,92;4,993
13/09/2013;4,917;4,997;4,898;26622308;4,993;4,957
16/09/2013;5,073;5,091;4,938;18808828;4,957;5,084
17/09/2013;5,011;5,088;5,011;22148589;5,084;5,419
18/09/2013;5,099;5,441;5,095;41336816;5,419;5,31
19/09/2013;5,343;5,357;5,219;75571057;5,31;5,157
20/09/2013;5,357;5,361;5,144;30576193;5,157;5,215
23/09/2013;5,222;5,237;5,164;28618084;5,215;5,182
24/09/2013;5,212;5,266;5,161;18944523;5,182;5,124
25/09/2013;5,182;5,182;5,099;22455401;5,124;5,124
26/09/2013;5,153;5,157;5,097;21157062;5,124;5,208
27/09/2013;5,117;5,241;5,113;27437980;5,208;5,142
30/09/2013;5,168;5,197;5,135;23307491;5,142;5,215
1/10/2013;5,146;5,219;5,124;21461131;5,215;5,237
2/10/2013;5,219;5,263;5,204;24485100;5,237;5,237
3/10/2013;5,193;5,248;5,19;22184259;5,237;5,244
4/10/2013;5,179;5,263;5,175;14344088;5,244;5,226
7/10/2013;5,186;5,257;5,179;22072260;5,226;5,179
8/10/2013;5,241;5,248;5,12;29667231;5,179;5,263
9/10/2013;5,212;5,284;5,208;26198509;5,263;5,423
10/10/2013;5,335;5,423;5,273;34594933;5,423;5,357
11/10/2013;5,379;5,412;5,328;23238895;5,357;5,415
14/10/2013;5,295;5,426;5,288;34106528;5,415;5,394
15/10/2013;5,386;5,401;5,328;38967628;5,394;5,492
16/10/2013;5,437;5,55;5,426;27308769;5,492;5,598
17/10/2013;5,536;5,601;5,532;30595899;5,598;5,649
18/10/2013;5,601;5,652;5,59;36031462;5,649;5,598
21/10/2013;5,656;5,663;5,547;32864313;5,598;5,663
22/10/2013;5,587;5,681;5,585;35791001;5,663;5,517
23/10/2013;5,605;5,616;5,51;24522766;5,517;5,481
24/10/2013;5,466;5,496;5,423;18363077;5,481;5,492
25/10/2013;5,507;5,536;5,477;11372750;5,492;5,565
28/10/2013;5,528;5,565;5,474;14017820;5,565;5,758
29/10/2013;5,743;5,791;5,703;36640596;5,758;5,74
30/10/2013;5,692;5,772;5,685;20116396;5,74;5,612
31/10/2013;5,736;5,743;5,55;28766501;5,612;5,503
1/11/2013;5,517;5,601;5,474;43050474;5,503;5,565
4/11/2013;5,579;5,627;5,554;14918550;5,565;5,339
5/11/2013;5,419;5,452;5,335;25441456;5,339;5,335
6/11/2013;5,324;5,364;5,303;20941296;5,335;5,19
7/11/2013;5,321;5,335;5,171;22640736;5,19;5,059
8/11/2013;5,131;5,131;4,973;29915425;5,059;5,029
11/11/2013;5,04;5,062;4,978;13617966;5,029;5,008
12/11/2013;5,066;5,091;4,993;17186715;5,008;5,182
13/11/2013;5,048;5,19;5,029;24944570;5,182;5,324
14/11/2013;5,19;5,332;5,179;28516811;5,324;5,335
15/11/2013;5,281;5,39;5,281;17319667;5,335;5,434
18/11/2013;5,383;5,466;5,372;20977715;5,434;5,295
19/11/2013;5,412;5,43;5,273;24635264;5,295;5,295
20/11/2013;5,288;5,386;5,259;28668970;5,295;5,164
21/11/2013;5,182;5,228;5,142;25870993;5,164;5,186
22/11/2013;5,139;5,213;5,113;25505812;5,186;5,037
25/11/2013;5,073;5,088;4,958;22939566;5,037;5,044
26/11/2013;5,12;5,142;5,044;22697858;5,044;5,146
27/11/2013;5,146;5,189;5,11;18906109;5,146;5,124
29/11/2013;5,073;5,15;5,059;14241069;5,124;4,924
2/12/2013;5,099;5,146;4,924;20989189;4,924;4,873
3/12/2013;4,92;4,989;4,829;20475840;4,873;4,804
4/12/2013;4,811;4,873;4,771;24963029;4,804;4,825
5/12/2013;4,767;4,836;4,764;22977980;4,825;4,946
6/12/2013;4,866;4,978;4,844;32077078;4,946;4,982
9/12/2013;4,993;5,048;4,946;18826039;4,982;4,975
10/12/2013;4,971;5,004;4,964;15484032;4,975;4,785
11/12/2013;4,895;4,902;4,769;19247344;4,785;4,847
12/12/2013;4,764;4,858;4,738;22000172;4,847;4,851
13/12/2013;4,851;4,88;4,795;21990943;4,851;4,855
16/12/2013;4,866;4,946;4,84;13763889;4,855;4,862
17/12/2013;4,895;4,906;4,846;16052757;4,862;4,993
18/12/2013;4,869;5,02;4,833;23627274;4,993;4,942
19/12/2013;4,895;4,978;4,866;19396011;4,942;4,782
20/12/2013;4,873;4,887;4,771;35065378;4,782;4,836
23/12/2013;4,833;4,866;4,807;19726769;4,836;4,873
24/12/2013;4,847;4,902;4,845;5031219;4,873;4,862
26/12/2013;4,891;4,917;4,858;7814978;4,862;4,924
27/12/2013;4,895;4,949;4,891;18121868;4,924;4,88
30/12/2013;4,924;4,96;4,84;22200722;4,88;4,942
31/12/2013;4,855;4,957;4,855;8818976;4,942;4,782
2/01/2014;4,793;4,822;4,765;19690850;4,782;4,811
3/01/2014;4,804;4,833;4,769;16765659;4,811;4,785
6/01/2014;4,844;4,851;4,778;24994458;4,785;4,778
7/01/2014;4,866;4,873;4,771;19930313;4,778;4,778
8/01/2014;4,811;4,836;4,771;14939254;4,778;4,705
9/01/2014;4,756;4,756;4,647;30659008;4,705;4,789
10/01/2014;4,724;4,804;4,709;18445642;4,789;4,738
13/01/2014;4,793;4,84;4,731;16931038;4,738;4,858
14/01/2014;4,778;4,867;4,774;33670505;4,858;4,785
15/01/2014;4,851;4,851;4,785;19686360;4,785;4,691
16/01/2014;4,782;4,789;4,676;35641087;4,691;4,64
17/01/2014;4,691;4,691;4,629;30095770;4,64;4,665
21/01/2014;4,658;4,683;4,629;24664947;4,665;4,643
22/01/2014;4,676;4,698;4,607;25172559;4,643;4,538
23/01/2014;4,665;4,669;4,461;30164616;4,538;4,396
24/01/2014;4,45;4,454;4,356;34790245;4,396;4,501
27/01/2014;4,425;4,52;4,403;33891759;4,501;4,512
28/01/2014;4,53;4,578;4,483;26418266;4,512;4,352
29/01/2014;4,385;4,421;4,348;36533586;4,352;4,465
30/01/2014;4,476;4,501;4,399;40241522;4,465;4,458
31/01/2014;4,378;4,574;4,363;37398646;4,458;4,385
3/02/2014;4,516;4,523;4,385;36362968;4,385;4,72
4/02/2014;4,698;4,785;4,654;72652601;4,72;4,713
5/02/2014;4,68;4,731;4,625;30351198;4,713;4,913
6/02/2014;4,751;4,92;4,747;40021266;4,913;4,858
7/02/2014;4,873;4,938;4,811;43790066;4,858;4,807
10/02/2014;4,825;4,833;4,76;27801415;4,807;4,833
11/02/2014;4,738;4,847;4,727;34018725;4,833;4,745
12/02/2014;4,756;4,82;4,694;25989228;4,745;4,764
13/02/2014;4,647;4,782;4,643;21150328;4,764;4,785
14/02/2014;4,738;4,825;4,698;20446406;4,785;4,716
18/02/2014;4,76;4,804;4,705;27418274;4,716;4,683
19/02/2014;4,603;4,734;4,603;28136164;4,683;4,749
20/02/2014;4,782;4,807;4,665;24814362;4,749;4,785
21/02/2014;4,771;4,815;4,754;27953324;4,785;4,822
24/02/2014;4,829;4,891;4,8;21374325;4,822;4,807
25/02/2014;4,847;4,858;4,796;16861444;4,807;4,778
26/02/2014;4,804;4,815;4,747;19376804;4,778;4,927
27/02/2014;4,815;4,938;4,804;21228652;4,927;4,851
28/02/2014;4,913;4,915;4,811;20722038;4,851;4,698
3/03/2014;4,789;4,793;4,651;20619518;4,698;4,785
4/03/2014;4,774;4,833;4,705;20912112;4,785;4,815
5/03/2014;4,8;4,84;4,724;25646247;4,815;4,931
6/03/2014;4,851;4,971;4,847;22639738;4,931;4,796
7/03/2014;4,917;4,92;4,764;16520957;4,796;4,713
10/03/2014;4,789;4,789;4,636;23451917;4,713;4,716
11/03/2014;4,774;4,815;4,705;19428937;4,716;4,698
12/03/2014;4,683;4,698;4,625;18636963;4,698;4,614
13/03/2014;4,724;4,734;4,596;17958235;4,614;4,494
14/03/2014;4,591;4,592;4,487;29460694;4,494;4,611
17/03/2014;4,549;4,632;4,549;16202172;4,611;4,713
18/03/2014;4,589;4,727;4,574;29126194;4,713;4,72
19/03/2014;4,716;4,807;4,683;18226383;4,72;4,887
20/03/2014;4,724;4,898;4,665;41197129;4,887;4,869
21/03/2014;4,844;4,993;4,844;51735251;4,869;5,051
24/03/2014;4,924;5,08;4,9;56376595;5,051;5,106
25/03/2014;5,026;5,171;5,026;46687319;5,106;5,157
26/03/2014;5,099;5,228;5,099;35055899;5,157;5,335
27/03/2014;5,27;5,39;5,266;71857135;5,335;5,324
28/03/2014;5,354;5,401;5,317;35322302;5,324;5,412
31/03/2014;5,323;5,445;5,323;34970341;5,412;5,459
1/04/2014;5,466;5,496;5,397;33387640;5,459;5,63
2/04/2014;5,452;5,638;5,43;35229510;5,63;5,525
3/04/2014;5,601;5,601;5,477;35177876;5,525;5,543
4/04/2014;5,703;5,758;5,521;38516889;5,543;5,754
7/04/2014;5,583;5,758;5,576;38213569;5,754;5,67
8/04/2014;5,889;5,973;5,665;84360600;5,67;5,634
9/04/2014;5,605;5,67;5,532;39425601;5,634;5,674
10/04/2014;5,659;5,714;5,623;26727323;5,674;5,78
11/04/2014;5,616;5,78;5,583;35202820;5,78;5,7
14/04/2014;5,743;5,743;5,663;22739015;5,7;5,528
15/04/2014;5,652;5,663;5,45;53726038;5,528;5,612
16/04/2014;5,576;5,627;5,532;22885188;5,612;5,74
17/04/2014;5,585;5,761;5,528;40744644;5,74;5,765
21/04/2014;5,736;5,791;5,678;16949247;5,765;5,798
22/04/2014;5,685;5,809;5,652;22488826;5,798;5,82
23/04/2014;5,776;5,845;5,721;27292057;5,82;5,987
24/04/2014;5,845;5,998;5,812;31894238;5,987;5,965
25/04/2014;5,922;5,982;5,863;55946309;5,965;5,995
28/04/2014;5,936;6,009;5,903;22665929;5,995;5,976
29/04/2014;5,984;6,126;5,951;37911247;5,976;5,958
30/04/2014;5,933;6,024;5,896;29977785;5,958;5,973
1/05/2014;5,98;5,98;5,893;10811509;5,973;6,122
2/05/2014;6,002;6,188;5,962;29472917;6,122;6,126
5/05/2014;6,111;6,147;6,064;24401288;6,126;6,086
6/05/2014;6,082;6,12;5,991;25842058;6,086;6,173
7/05/2014;6,071;6,188;6,031;21238380;6,173;6,086
8/05/2014;6,184;6,222;6,071;22844030;6,086;6,038
9/05/2014;6,024;6,066;5,987;16871920;6,038;6,151
12/05/2014;6,071;6,155;6,071;12443350;6,151;6,1
13/05/2014;6,126;6,169;6,078;17410712;6,1;6,151
14/05/2014;6,107;6,177;6,082;19368323;6,151;6,078
15/05/2014;6,129;6,147;6,02;13805296;6,078;6,173
16/05/2014;6,162;6,18;6,1;15814292;6,173;6,14
19/05/2014;6,14;6,158;6,093;19095435;6,14;6,009
20/05/2014;6,129;6,189;5,987;34072604;6,009;6,002
21/05/2014;6,024;6,095;5,976;19926073;6,002;5,944
22/05/2014;5,973;5,98;5,871;20680631;5,944;5,834
23/05/2014;5,936;5,954;5,812;15142797;5,834;5,765
27/05/2014;5,885;5,954;5,754;23111430;5,765;5,914
28/05/2014;5,845;5,936;5,789;19809833;5,914;5,842
29/05/2014;5,944;5,973;5,82;15378768;5,842;5,645
30/05/2014;5,772;5,783;5,63;25271836;5,645;5,594
2/06/2014;5,627;5,661;5,561;19440910;5,594;5,616
3/06/2014;5,601;5,641;5,568;17138822;5,616;5,51
4/06/2014;5,598;5,605;5,499;25719832;5,51;5,539
5/06/2014;5,601;5,601;5,496;60789949;5,539;5,769
6/06/2014;5,773;5,913;5,689;34819429;5,769;6,053
9/06/2014;5,821;6,079;5,815;22852171;6,053;6,041
10/06/2014;6,025;6,077;5,975;30709327;6,041;6,169
11/06/2014;6,141;6,185;6,041;22151469;6,169;6,053
12/06/2014;6,121;6,137;6,041;8067139;6,053;6,117
13/06/2014;6,097;6,157;6,073;21245546;6,117;6,061
16/06/2014;6,105;6,109;6,031;13847134;6,061;5,953
17/06/2014;6,009;6,017;5,889;27530998;5,953;6,085
18/06/2014;5,949;6,097;5,847;29054174;6,085;6,017
19/06/2014;6,013;6,129;5,969;10636832;6,017;5,981
20/06/2014;6,025;6,025;5,969;18141143;5,981;5,993
23/06/2014;6,013;6,017;5,889;21844204;5,993;5,985
24/06/2014;5,957;6,067;5,949;20209006;5,985;5,881
25/06/2014;6,025;6,037;5,833;13555969;5,881;5,845
26/06/2014;5,889;5,893;5,801;16397099;5,845;5,821
27/06/2014;5,877;5,893;5,761;21209944;5,821;5,761
30/06/2014;5,833;5,851;5,721;13454832;5,761;5,797
1/07/2014;5,781;5,865;5,761;13507215;5,797;5,673
2/07/2014;5,777;5,781;5,653;20458901;5,673;5,717
3/07/2014;5,645;5,733;5,637;17410508;5,717;5,701
7/07/2014;5,697;5,741;5,661;20789750;5,701;5,677
8/07/2014;5,765;5,773;5,677;11475633;5,677;5,841
9/07/2014;5,693;5,941;5,689;28270023;5,841;5,953
10/07/2014;5,789;5,969;5,721;25639784;5,953;5,957
11/07/2014;5,917;6,001;5,877;15934953;5,957;6,117
14/07/2014;6,009;6,153;5,997;21150532;6,117;6,161
15/07/2014;6,125;6,197;6,085;16138134;6,161;6,001
16/07/2014;6,097;6,141;5,953;20852790;6,001;5,905
17/07/2014;5,989;6,033;5,869;18717124;5,905;6,265
18/07/2014;6,161;6,33;6,141;32024559;6,265;6,382
21/07/2014;6,261;6,422;6,249;21819940;6,382;6,414
22/07/2014;6,394;6,426;6,31;23430420;6,414;6,366
23/07/2014;6,306;6,39;6,298;17118889;6,366;6,466
24/07/2014;6,354;6,486;6,346;20198348;6,466;6,418
25/07/2014;6,454;6,47;6,354;14531736;6,418;6,378
28/07/2014;6,382;6,402;6,334;18212347;6,378;6,394
29/07/2014;6,318;6,514;6,318;21602926;6,394;6,362
30/07/2014;6,394;6,41;6,302;23241525;6,362;6,169
31/07/2014;6,253;6,275;6,119;17562214;6,169;6,177
1/08/2014;6,165;6,205;6,085;16505492;6,177;6,29
4/08/2014;6,249;6,29;6,121;17114127;6,29;6,306
5/08/2014;6,37;6,406;6,277;18551586;6,306;6,29
6/08/2014;6,29;6,382;6,225;21330129;6,29;6,177
7/08/2014;6,322;6,322;6,129;16162624;6,177;6,105
8/08/2014;6,097;6,141;6,001;18726648;6,105;6,245
11/08/2014;6,189;6,265;6,137;25730717;6,245;6,249
12/08/2014;6,205;6,29;6,181;22558058;6,249;6,129
13/08/2014;6,294;6,326;6,065;32738413;6,129;6,181
14/08/2014;6,105;6,189;6,093;27378613;6,181;6,29
15/08/2014;6,286;6,334;6,237;27283372;6,29;6,41
18/08/2014;6,354;6,426;6,306;26133904;6,41;6,63
19/08/2014;6,41;6,65;6,382;29046237;6,63;6,642
20/08/2014;6,606;6,682;6,582;18152027;6,642;6,678
21/08/2014;6,682;6,694;6,606;16378958;6,678;6,574
22/08/2014;6,634;6,65;6,52;11730063;6,574;6,69
25/08/2014;6,626;6,702;6,594;15783021;6,69;6,814
26/08/2014;6,774;6,822;6,69;27003998;6,814;7,067
27/08/2014;6,89;7,087;6,886;35739865;7,067;7,019
28/08/2014;7,063;7,083;6,947;28066842;7,019;7,211
29/08/2014;7,103;7,241;7,055;28273198;7,211;7,339
2/09/2014;7,143;7,359;7,111;29679136;7,339;7,323
3/09/2014;7,379;7,407;7,171;36312218;7,323;7,159
4/09/2014;7,215;7,337;7,109;24029531;7,159;7,227
5/09/2014;7,183;7,235;7,127;22389118;7,227;7,003
8/09/2014;7,271;7,287;6,967;23556501;7,003;6,762
9/09/2014;6,882;6,926;6,726;29756690;6,762;6,71
10/09/2014;6,73;6,738;6,602;26464299;6,71;6,702
11/09/2014;6,722;6,782;6,662;14213132;6,702;6,354
12/09/2014;6,53;6,546;6,269;45391634;6,354;6,466
15/09/2014;6,318;6,474;6,314;22990270;6,466;6,698
16/09/2014;6,694;6,894;6,658;25342496;6,698;6,642
17/09/2014;6,798;6,806;6,628;22740830;6,642;6,522
18/09/2014;6,594;6,614;6,474;17049726;6,522;6,362
19/09/2014;6,534;6,534;6,336;16057179;6,362;6,217
22/09/2014;6,173;6,241;6,129;18146585;6,217;6,161
23/09/2014;6,209;6,302;6,105;22064165;6,161;6,257
24/09/2014;6,129;6,277;6,061;16070105;6,257;5,961
25/09/2014;6,149;6,161;5,961;25281043;5,961;6,225
26/09/2014;6,009;6,257;5,989;22281632;6,225;5,705
29/09/2014;5,709;5,869;5,689;44636735;5,705;5,56
30/09/2014;5,544;5,608;5,452;35914927;5,56;5,308
1/10/2014;5,42;5,48;5,292;37868275;5,308;5,484
2/10/2014;5,436;5,558;5,264;58966651;5,484;5,645
3/10/2014;5,488;5,653;5,456;45524971;5,645;6,013
6/10/2014;6,382;6,41;6,005;93786080;6,013;6,109
7/10/2014;6,205;6,205;6,017;75022016;6,109;6,089
8/10/2014;6,193;6,193;5,885;55244542;6,089;6,169
9/10/2014;6,189;6,245;6,101;37689585;6,169;5,821
10/10/2014;6,009;6,021;5,809;36138064;5,821;6,33
13/10/2014;6,137;6,46;6,121;35714014;6,33;6,41
14/10/2014;6,261;6,495;6,205;37020857;6,41;6,017
15/10/2014;6,113;6,129;5,709;58600200;6,017;5,785
16/10/2014;5,721;5,953;5,717;32108689;5,785;6,037
17/10/2014;5,885;6,057;5,825;32742495;6,037;5,809
20/10/2014;5,845;5,905;5,773;31388259;5,809;5,484
21/10/2014;5,428;5,52;5,384;50856426;5,484;5,424
22/10/2014;5,496;5,572;5,384;31303222;5,424;5,192
23/10/2014;5,252;5,344;5,092;66584117;5,192;5,404
24/10/2014;5,272;5,55;5,248;48192853;5,404;5,152
27/10/2014;4,996;5,172;4,98;94313080;5,152;5,484
28/10/2014;5,34;5,496;5,3;42116250;5,484;5,368
29/10/2014;5,592;5,612;5,316;33047720;5,368;5,909
30/10/2014;5,777;5,941;5,757;42624202;5,909;5,913
31/10/2014;5,885;5,985;5,829;51190677;5,913;5,837
3/11/2014;5,821;5,889;5,709;24312533;5,837;5,941
4/11/2014;5,921;5,969;5,797;38617504;5,941;5,845
5/11/2014;5,929;5,957;5,837;23496181;5,845;5,544
6/11/2014;5,681;5,721;5,508;23908439;5,544;5,649
7/11/2014;5,592;5,657;5,544;20357083;5,649;5,653
10/11/2014;5,749;5,775;5,633;18480155;5,653;5,645
11/11/2014;5,653;5,709;5,548;12641655;5,645;5,665
12/11/2014;5,701;5,845;5,637;18120280;5,665;5,444
13/11/2014;5,645;5,665;5,412;27208540;5,444;5,468
14/11/2014;5,284;5,48;5,284;31890995;5,468;5,36
17/11/2014;5,5;5,504;5,336;15879396;5,36;5,608
18/11/2014;5,376;5,629;5,36;26208055;5,608;5,893
19/11/2014;5,717;5,905;5,663;39527509;5,893;5,913
20/11/2014;6,097;6,125;5,793;34633936;5,913;6,454
21/11/2014;6,021;6,468;6,021;62730711;6,454;6,173
24/11/2014;6,205;6,31;6,121;38551516;6,173;6,229
25/11/2014;6,31;6,318;6,153;23103426;6,229;6,29
26/11/2014;6,298;6,35;6,245;15648323;6,29;6,033
28/11/2014;6,097;6,121;5,969;16259226;6,033;5,769
1/12/2014;5,861;5,861;5,629;30898221;5,769;5,685
2/12/2014;5,705;5,745;5,621;20929890;5,685;5,705
3/12/2014;5,741;5,813;5,705;14077073;5,705;5,629
4/12/2014;5,653;5,681;5,56;26643443;5,629;5,689
5/12/2014;5,608;5,731;5,552;14729247;5,689;5,464
8/12/2014;5,677;5,681;5,386;21937177;5,464;5,488
9/12/2014;5,476;5,544;5,416;30406823;5,488;5,348
10/12/2014;5,456;5,458;5,316;17402118;5,348;5,3
11/12/2014;5,312;5,404;5,252;21140781;5,3;5,056
12/12/2014;5,272;5,288;5,052;35021476;5,056;4,875
15/12/2014;5,08;5,08;4,807;52321550;4,875;4,787
16/12/2014;4,763;4,859;4,655;40976760;4,787;5,076
17/12/2014;4,927;5,224;4,923;45532908;5,076;5,108
18/12/2014;5,228;5,294;5,068;27152302;5,108;5,136
19/12/2014;5,204;5,244;5,128;33014159;5,136;5,252
22/12/2014;5,2;5,268;5,124;21222189;5,252;5,164
23/12/2014;5,18;5,216;5,084;17917100;5,164;5,248
24/12/2014;5,196;5,256;5,152;5496086;5,248;5,16
26/12/2014;5,236;5,268;5,144;8241975;5,16;5,188
29/12/2014;5,156;5,22;5,113;13403583;5,188;5,224
30/12/2014;5,24;5,264;5,16;16023845;5,224;5,212
31/12/2014;5,196;5,244;5,108;12471582;5,212;5,036
2/01/2015;5,136;5,136;4,984;16584179;5,036;4,976
5/01/2015;4,895;5,028;4,867;17641808;4,976;5,136
6/01/2015;5,048;5,18;4,972;32825944;5,136;5,28
7/01/2015;5,332;5,384;5,258;19046159;5,28;5,4
8/01/2015;5,304;5,464;5,28;34177686;5,4;5,268
9/01/2015;5,368;5,416;5,24;17749294;5,268;5,096
12/01/2015;5,092;5,152;5,052;24219106;5,096;5,156
13/01/2015;5,236;5,24;5,076;24165816;5,156;5,256
14/01/2015;5,212;5,3;5,176;33254529;5,256;5,084
15/01/2015;5,316;5,344;5,076;28553025;5,084;5,296
16/01/2015;5,156;5,3;5,112;47883546;5,296;5,116
20/01/2015;5,112;5,132;5,028;23924312;5,116;5,352
21/01/2015;5,152;5,376;5,11;31212970;5,352;5,42
22/01/2015;5,388;5,472;5,308;24663337;5,42;5,276
23/01/2015;5,312;5,316;5,212;18053839;5,276;5,308
26/01/2015;5,212;5,326;5,188;17156986;5,308;5,34
27/01/2015;5,224;5,364;5,212;16466942;5,34;5,152
28/01/2015;5,272;5,272;5,144;20019885;5,152;5,088
29/01/2015;5,136;5,148;5,004;24730913;5,088;4,855
30/01/2015;4,855;4,923;4,825;26764308;4,855;4,96
2/02/2015;4,823;4,968;4,811;18996498;4,96;5,06
3/02/2015;5,08;5,112;5,032;22063258;5,06;5,184
4/02/2015;4,98;5,222;4,955;51276167;5,184;5,164
5/02/2015;5,124;5,22;5,088;38248785;5,164;5,004
6/02/2015;5,056;5,084;5,004;83711850;5,004;5,096
9/02/2015;5,032;5,104;5,02;28966643;5,096;4,911
10/02/2015;4,984;5,006;4,891;52492531;4,911;4,687
11/02/2015;4,683;4,703;4,605;28642370;4,687;4,875
12/02/2015;4,791;4,903;4,783;52070069;4,875;5,06
13/02/2015;4,903;5,088;4,899;62084206;5,06;5,124
17/02/2015;5,04;5,136;5,004;12279740;5,124;5,048
18/02/2015;5,12;5,132;5,004;18990375;5,048;4,992
19/02/2015;4,996;5,044;4,943;12809234;4,992;4,996
20/02/2015;4,943;5,008;4,911;14062560;4,996;5,024
23/02/2015;5,012;5,072;4,951;19397190;5,024;5,188
24/02/2015;5,028;5,192;4,953;17294405;5,188;5,104
25/02/2015;5,044;5,116;5,006;21841709;5,104;5,092
26/02/2015;5,048;5,124;5,032;15827013;5,092;5,12
27/02/2015;5,148;5,268;5,08;35272051;5,12;5,02
2/03/2015;5,076;5,084;4,98;24323871;5,02;5,02
3/03/2015;4,98;5,028;4,964;33982896;5,02;4,915
4/03/2015;4,859;4,915;4,807;54688289;4,915;4,759
5/03/2015;4,835;4,863;4,743;38650839;4,759;4,543
6/03/2015;4,683;4,709;4,535;87790886;4,543;4,347
9/03/2015;4,475;4,499;4,286;65550525;4,347;4,206
10/03/2015;4,351;4,351;4,186;112614545;4,206;4,307
11/03/2015;4,21;4,343;4,194;37936304;4,307;4,319
12/03/2015;4,383;4,415;4,27;32446568;4,319;4,162
13/03/2015;4,15;4,18;4,054;43733306;4,162;4,162
16/03/2015;4,202;4,25;4,128;19862510;4,162;4,282
17/03/2015;4,13;4,29;4,11;26796509;4,282;4,459
18/03/2015;4,234;4,491;4,23;44730843;4,459;4,307
19/03/2015;4,375;4,387;4,254;21843977;4,307;4,443
20/03/2015;4,427;4,499;4,419;27797900;4,443;4,515
23/03/2015;4,459;4,527;4,437;17960185;4,515;4,519
24/03/2015;4,591;4,595;4,459;23579177;4,519;4,439
25/03/2015;4,559;4,599;4,411;32451783;4,439;4,303
26/03/2015;4,415;4,427;4,274;23776689;4,303;4,19
27/03/2015;4,226;4,236;4,146;27206725;4,19;4,319
30/03/2015;4,194;4,339;4,178;27222599;4,319;4,431
31/03/2015;4,323;4,441;4,307;36459615;4,431;4,587
1/04/2015;4,523;4,659;4,519;43247351;4,587;4,715
2/04/2015;4,651;4,755;4,647;42998817;4,715;4,787
6/04/2015;4,807;4,827;4,763;37533344;4,787;4,743
7/04/2015;4,771;4,787;4,721;23262841;4,743;4,895
8/04/2015;4,883;4,96;4,867;43158459;4,895;4,783
9/04/2015;4,843;4,859;4,743;42777949;4,783;4,819
10/04/2015;4,743;4,827;4,719;23621809;4,819;4,695
13/04/2015;4,791;4,831;4,675;24015925;4,695;4,787
14/04/2015;4,747;4,811;4,675;23393911;4,787;4,883
15/04/2015;4,807;4,907;4,755;19559327;4,883;4,915
16/04/2015;4,895;4,947;4,837;17791472;4,915;4,795
17/04/2015;4,807;4,831;4,767;23657638;4,795;4,711
20/04/2015;4,815;4,815;4,699;37397739;4,711;4,759
21/04/2015;4,707;4,793;4,699;16853575;4,759;4,899
22/04/2015;4,759;4,937;4,743;37858071;4,899;5,08
23/04/2015;4,843;5,088;4,825;42638035;5,08;5,32
24/04/2015;5,1;5,32;5,096;71304896;5,32;5,24
27/04/2015;5,3;5,328;5,236;34650717;5,24;5,272
28/04/2015;5,34;5,34;5,252;23248101;5,272;5,184
29/04/2015;5,224;5,252;5,152;21999764;5,184;5,136
30/04/2015;5,188;5,188;5,056;31719788;5,136;5,164
1/05/2015;5,172;5,176;5,084;26659997;5,164;5,064
4/05/2015;5,08;5,136;5,048;27584968;5,064;5,052
5/05/2015;5,028;5,14;4,992;27281104;5,052;4,927
6/05/2015;5,08;5,08;4,883;30337433;4,927;4,992
7/05/2015;4,903;4,992;4,855;20883630;4,992;5,1
8/05/2015;5,084;5,118;4,976;27832822;5,1;4,984
11/05/2015;5,136;5,136;4,974;15913410;4,984;5,02
12/05/2015;4,96;5,06;4,955;22529485;5,02;4,968
13/05/2015;5,048;5,08;4,939;15645375;4,968;5,076
14/05/2015;4,996;5,1;4,982;20408786;5,076;5,172
15/05/2015;5,064;5,18;5,044;24197337;5,172;4,96
18/05/2015;5,124;5,124;4,945;44192504;4,96;4,879
19/05/2015;4,939;4,943;4,833;27571589;4,879;4,851
20/05/2015;4,837;4,895;4,815;23204789;4,851;4,723
21/05/2015;4,771;4,783;4,679;30515897;4,723;4,559
22/05/2015;4,627;4,663;4,559;26746167;4,559;4,435
26/05/2015;4,471;4,503;4,407;34329845;4,435;4,511
27/05/2015;4,415;4,519;4,363;49967283;4,511;4,455
28/05/2015;4,455;4,463;4,367;25355875;4,455;4,286
29/05/2015;4,395;4,427;4,274;54317076;4,286;4,282
1/06/2015;4,335;4,335;4,266;53406844;4,282;4,427
2/06/2015;4,351;4,447;4,335;49843697;4,427;4,327
3/06/2015;4,419;4,419;4,311;48322789;4,327;4,266
4/06/2015;4,315;4,347;4,254;22517694;4,266;4,19
5/06/2015;4,234;4,27;4,186;53078489;4,19;4,238
8/06/2015;4,246;4,282;4,218;51282063;4,238;4,222
9/06/2015;4,258;4,29;4,218;49667501;4,222;4,299
10/06/2015;4,375;4,411;4,29;60584160;4,299;4,307
11/06/2015;4,315;4,319;4,218;31460370;4,307;4,246
12/06/2015;4,278;4,303;4,222;21963708;4,246;4,242
15/06/2015;4,194;4,25;4,166;20912429;4,242;4,463
16/06/2015;4,339;4,467;4,335;37024032;4,463;4,435
17/06/2015;4,427;4,475;4,345;30385280;4,435;4,527
18/06/2015;4,471;4,567;4,403;25414607;4,527;4,407
19/06/2015;4,439;4,487;4,399;22652391;4,407;4,459
22/06/2015;4,499;4,519;4,439;23395271;4,459;4,519
23/06/2015;4,447;4,531;4,439;25588082;4,519;4,499
24/06/2015;4,519;4,559;4,487;18686511;4,499;4,375
25/06/2015;4,471;4,479;4,351;28160042;4,375;4,419
26/06/2015;4,415;4,467;4,375;21549637;4,419;4,355
29/06/2015;4,355;4,383;4,329;16903237;4,355;4,387
30/06/2015;4,439;4,461;4,375;29111092;4,387;4,359
1/07/2015;4,407;4,415;4,339;19565676;4,359;4,487
2/07/2015;4,407;4,503;4,407;18769733;4,487;4,303
6/07/2015;4,323;4,379;4,278;21619934;4,303;4,274
7/07/2015;4,242;4,278;4,154;24883752;4,274;4,146
8/07/2015;4,202;4,214;4,138;26452054;4,146;4,226
9/07/2015;4,206;4,282;4,178;24597349;4,226;4,363
10/07/2015;4,303;4,379;4,242;20660948;4,363;4,455
13/07/2015;4,403;4,467;4,371;17933653;4,455;4,451
14/07/2015;4,46;4,486;4,407;19440049;4,451;4,376
15/07/2015;4,411;4,438;4,345;29006780;4,376;4,354
16/07/2015;4,402;4,402;4,325;16117725;4,354;4,292
17/07/2015;4,349;4,354;4,261;27072481;4,292;4,239
20/07/2015;4,252;4,279;4,208;18731864;4,239;4,244
21/07/2015;4,244;4,305;4,228;32410966;4,244;4,12
22/07/2015;4,169;4,182;4,076;34475881;4,12;3,869
23/07/2015;4,014;4,045;3,847;41253639;3,869;3,785
24/07/2015;3,816;3,816;3,71;43150976;3,785;3,737
27/07/2015;3,803;3,829;3,728;29984815;3,737;3,829
28/07/2015;3,825;3,843;3,644;62544538;3,829;3,878
29/07/2015;3,838;3,926;3,803;29599315;3,878;3,799
30/07/2015;3,878;3,895;3,763;16288932;3,799;3,825
31/07/2015;3,873;3,898;3,812;20762084;3,825;3,794
3/08/2015;3,799;3,834;3,763;22353289;3,794;3,697
4/08/2015;3,737;3,777;3,635;38708663;3,697;3,662
5/08/2015;3,728;3,737;3,631;36979132;3,662;3,591
6/08/2015;3,613;3,649;3,569;31802784;3,591;3,508
7/08/2015;3,565;3,607;3,503;37032195;3,508;3,64
10/08/2015;3,547;3,649;3,512;37041039;3,64;3,556
11/08/2015;3,574;3,605;3,499;31573979;3,556;3,486
12/08/2015;3,534;3,534;3,455;42328955;3,486;3,314
13/08/2015;3,433;3,437;3,305;97894142;3,314;3,358
14/08/2015;3,327;3,384;3,314;71951174;3,358;3,327
17/08/2015;3,34;3,444;3,314;37147391;3,327;3,406
18/08/2015;3,301;3,497;3,232;75549469;3,406;3,296
19/08/2015;3,336;3,349;3,243;43389985;3,296;3,34
20/08/2015;3,279;3,378;3,243;47753837;3,34;3,292
21/08/2015;3,257;3,349;3,239;54092806;3,292;3,177
24/08/2015;3,085;3,283;3,023;60840404;3,177;3,12
25/08/2015;3,309;3,327;3,116;72720812;3,12;3,323
26/08/2015;3,164;3,327;3,107;51411092;3,323;3,486
27/08/2015;3,415;3,556;3,415;56936884;3,486;3,362
28/08/2015;3,455;3,517;3,327;44261440;3,362;3,226
31/08/2015;3,146;3,226;3,124;45654453;3,226;3,085
1/09/2015;3,111;3,164;3,052;42955505;3,085;3,098
2/09/2015;3,098;3,116;3,023;48250451;3,098;3,217
3/09/2015;3,049;3,221;3,036;79468183;3,217;3,019
4/09/2015;3,129;3,162;3,01;34776344;3,019;3,085
8/09/2015;3,102;3,124;3,056;22754889;3,085;3,116
9/09/2015;3,146;3,234;3,098;51985259;3,116;3,014
10/09/2015;2,961;3,076;2,944;48494449;3,014;2,979
11/09/2015;2,988;3,001;2,952;20775010;2,979;3,155
14/09/2015;3,014;3,16;2,957;53731797;3,155;3,199
15/09/2015;3,142;3,226;3,133;50823545;3,199;3,318
16/09/2015;3,261;3,327;3,252;40748181;3,318;3,283
17/09/2015;3,221;3,376;3,208;41110097;3,283;3,063
18/09/2015;3,23;3,261;3,054;48089448;3,063;2,992
21/09/2015;3,058;3,076;2,966;34084486;2,992;2,97
22/09/2015;2,895;2,988;2,847;54258117;2,97;2,807
23/09/2015;2,93;2,957;2,798;46148800;2,807;2,917
24/09/2015;2,662;2,917;2,648;70430493;2,917;2,869
25/09/2015;2,957;2,974;2,849;39254485;2,869;2,785
28/09/2015;2,833;2,833;2,776;42725339;2,785;2,798
29/09/2015;2,776;2,849;2,754;39252217;2,798;2,917
30/09/2015;2,891;2,926;2,838;55393299;2,917;2,948
1/10/2015;2,922;2,957;2,886;32851115;2,948;3,102
2/10/2015;2,9;3,102;2,891;48352948;3,102;3,217
5/10/2015;3,16;3,243;3,16;47687395;3,217;3,292
6/10/2015;3,221;3,309;3,217;54436354;3,292;3,358
7/10/2015;3,384;3,499;3,265;61459697;3,358;3,415
8/10/2015;3,331;3,45;3,323;55084673;3,415;3,424
9/10/2015;3,49;3,499;3,371;63883808;3,424;3,358
12/10/2015;3,402;3,459;3,349;19997889;3,358;3,16
13/10/2015;3,221;3,226;3,133;62437505;3,16;3,182
14/10/2015;3,133;3,221;3,133;46685324;3,182;3,138
15/10/2015;3,19;3,195;3,054;43277057;3,138;3,12
16/10/2015;3,102;3,142;3,041;39255165;3,12;3,093
19/10/2015;3,067;3,116;3,01;32922999;3,093;2,997
20/10/2015;3,102;3,129;2,988;31777613;2,997;2,944
21/10/2015;2,983;2,988;2,922;42370000;2,944;3,041
22/10/2015;3,027;3,058;2,966;53919558;3,041;3,045
23/10/2015;3,107;3,151;3,036;36287955;3,045;2,97
26/10/2015;3,067;3,076;2,963;29315180;2,97;2,966
27/10/2015;2,961;2,997;2,935;31286442;2,966;2,997
28/10/2015;2,992;3,111;2,948;86269298;2,997;2,944
29/10/2015;2,97;3,027;2,935;54330002;2,944;3,019
30/10/2015;2,966;3,027;2,948;45248545;3,019;3,129
2/11/2015;3,063;3,138;3,005;38908443;3,129;3,292
3/11/2015;3,111;3,301;3,107;69933652;3,292;3,265
4/11/2015;3,292;3,334;3,221;45644476;3,265;3,327
5/11/2015;3,252;3,331;3,25;28645091;3,327;3,301
6/11/2015;3,212;3,314;3,182;46303906;3,301;3,182
9/11/2015;3,204;3,239;3,133;62426847;3,182;3,23
10/11/2015;3,129;3,285;3,098;43870726;3,23;3,34
11/11/2015;3,314;3,351;3,243;65021030;3,34;3,243
12/11/2015;3,243;3,309;3,217;33823027;3,243;3,146
13/11/2015;3,243;3,265;3,133;36793866;3,146;3,274
16/11/2015;3,177;3,279;3,155;28616519;3,274;3,27
17/11/2015;3,305;3,358;3,257;22375739;3,27;3,376
18/11/2015;3,309;3,376;3,287;37686183;3,376;3,53
19/11/2015;3,362;3,539;3,331;57748927;3,53;3,578
20/11/2015;3,53;3,622;3,512;29095899;3,578;3,437
23/11/2015;3,472;3,508;3,42;33995141;3,437;3,472
24/11/2015;3,393;3,486;3,389;23164652;3,472;3,243
25/11/2015;3,274;3,323;3,234;47438181;3,243;3,177
27/11/2015;3,296;3,301;3,173;20046643;3,177;3,12
30/11/2015;3,133;3,168;3,102;67765559;3,12;3,146
1/12/2015;3,16;3,173;3,118;46480556;3,146;3,168
2/12/2015;3,16;3,177;3,041;73904748;3,168;3,336
3/12/2015;3,353;3,393;3,314;58999758;3,336;3,287
4/12/2015;3,257;3,314;3,215;32452464;3,287;3,234
7/12/2015;3,323;3,336;3,217;29122203;3,234;3,261
8/12/2015;3,177;3,27;3,124;91514582;3,261;3,42
9/12/2015;3,389;3,428;3,334;71794026;3,42;3,252
10/12/2015;3,336;3,373;3,239;33461111;3,252;3,221
11/12/2015;3,252;3,283;3,208;35941232;3,221;3,182
14/12/2015;3,182;3,199;3,142;31505269;3,182;3,199
15/12/2015;3,252;3,261;3,186;21450994;3,199;3,212
16/12/2015;3,085;3,226;3,023;56509887;3,212;3,177
17/12/2015;3,234;3,265;3,173;32472872;3,177;2,939
18/12/2015;3,12;3,138;2,939;95221271;2,939;2,86
21/12/2015;2,961;2,981;2,856;41964092;2,86;2,917
22/12/2015;2,917;2,935;2,869;32810524;2,917;2,952
23/12/2015;2,922;2,957;2,906;22482092;2,952;2,957
24/12/2015;2,961;2,99;2,952;9202548;2,957;2,983
28/12/2015;2,983;3,027;2,957;41652064;2,983;2,988
29/12/2015;3,023;3,032;2,961;23306833;2,988;2,895
30/12/2015;2,917;2,93;2,86;24877629;2,895;2,869
31/12/2015;2,873;2,904;2,847;17244290;2,869;2,741
4/01/2016;2,803;2,811;2,723;58531717;2,741;2,763
5/01/2016;2,767;2,767;2,723;26666800;2,763;2,741
6/01/2016;2,723;2,816;2,712;39711642;2,741;2,657
7/01/2016;2,719;2,741;2,657;34171564;2,657;2,657
8/01/2016;2,728;2,732;2,653;44986633;2,657;2,653
11/01/2016;2,719;2,73;2,622;29163248;2,653;2,692
12/01/2016;2,701;2,715;2,64;25192378;2,692;2,626
13/01/2016;2,715;2,732;2,618;21985024;2,626;2,684
14/01/2016;2,622;2,697;2,569;46145852;2,684;2,573
15/01/2016;2,569;2,604;2,556;25782872;2,573;2,538
19/01/2016;2,578;2,604;2,507;27072481;2,538;2,499
20/01/2016;2,472;2,525;2,424;39184415;2,499;2,419
21/01/2016;2,455;2,472;2,415;45421567;2,419;2,534
22/01/2016;2,485;2,54;2,472;27335301;2,534;2,477
25/01/2016;2,512;2,529;2,457;20683851;2,477;2,538
26/01/2016;2,472;2,547;2,455;22357825;2,538;2,543
27/01/2016;2,538;2,582;2,512;35177944;2,543;2,565
28/01/2016;2,591;2,602;2,538;26703309;2,565;2,772
29/01/2016;2,657;2,772;2,635;42763889;2,772;2,833
1/02/2016;2,692;2,856;2,666;47272190;2,833;2,543
2/02/2016;2,648;2,657;2,538;56388568;2,543;2,737
3/02/2016;2,657;2,737;2,631;29925176;2,737;2,803
4/02/2016;2,737;2,873;2,723;43988870;2,803;2,785
5/02/2016;2,807;2,829;2,767;46717298;2,785;2,701
8/02/2016;2,763;2,776;2,666;23081430;2,701;2,675
9/02/2016;2,675;2,715;2,596;31561507;2,675;2,75
10/02/2016;2,706;2,781;2,666;29283659;2,75;2,64
11/02/2016;2,684;2,701;2,609;29266879;2,64;2,679
12/02/2016;2,662;2,684;2,629;28337145;2,679;2,697
16/02/2016;2,701;2,73;2,657;41532332;2,697;2,776
17/02/2016;2,745;2,845;2,695;46652670;2,776;2,653
18/02/2016;2,697;2,71;2,648;32034537;2,653;2,644
19/02/2016;2,582;2,657;2,56;29862589;2,644;2,803
22/02/2016;2,745;2,816;2,737;41988582;2,803;2,732
23/02/2016;2,776;2,781;2,723;30331310;2,732;2,728
24/02/2016;2,657;2,745;2,635;23961728;2,728;2,728
25/02/2016;2,767;2,778;2,688;21662112;2,728;2,706
26/02/2016;2,767;2,776;2,67;18536620;2,706;2,776
29/02/2016;2,772;2,803;2,741;35738278;2,776;2,952
1/03/2016;2,794;2,957;2,781;46786914;2,952;3,067
2/03/2016;2,922;3,076;2,917;53019984;3,067;3,446
3/03/2016;3,195;3,45;3,171;78414409;3,446;3,706
4/03/2016;3,675;3,759;3,565;171065534;3,706;3,635
7/03/2016;3,543;3,644;3,525;45942217;3,635;3,724
8/03/2016;3,693;3,79;3,607;54401659;3,724;3,68
9/03/2016;3,834;3,834;3,662;64123271;3,68;3,878
10/03/2016;3,697;3,931;3,662;59951488;3,878;3,948
11/03/2016;3,887;4,01;3,878;51085912;3,948;3,873
14/03/2016;3,922;4,03;3,856;57458215;3,873;3,578
15/03/2016;3,68;3,752;3,512;80417192;3,578;3,481
16/03/2016;3,437;3,503;3,314;99370604;3,481;3,953
17/03/2016;3,9;4,032;3,728;107591036;3,953;4,028
18/03/2016;3,944;4,041;3,909;59762140;4,028;4,019
21/03/2016;3,997;4,054;3,944;37652395;4,019;3,94
22/03/2016;3,979;4,001;3,92;49328715;3,94;3,719
23/03/2016;3,856;3,856;3,684;47489884;3,719;3,68
24/03/2016;3,671;3,688;3,607;66008589;3,68;3,829
28/03/2016;3,86;3,86;3,803;46526135;3,829;3,847
29/03/2016;3,781;3,904;3,697;60940861;3,847;3,878
30/03/2016;3,887;3,962;3,851;34873172;3,878;3,785
31/03/2016;3,887;3,904;3,768;41272234;3,785;3,865
1/04/2016;3,724;3,882;3,699;26388560;3,865;3,666
4/04/2016;3,772;3,828;3,662;35575235;3,666;3,631
5/04/2016;3,605;3,693;3,543;40090111;3,631;3,552
6/04/2016;3,565;3,609;3,503;32188056;3,552;3,534
7/04/2016;3,534;3,591;3,503;27350721;3,534;3,865
8/04/2016;3,715;3,878;3,702;63565204;3,865;4,001
11/04/2016;3,997;4,076;3,984;50583402;4,001;4,182
12/04/2016;4,01;4,191;3,992;52876216;4,182;4,248
13/04/2016;4,252;4,268;4,173;52415204;4,248;4,107
14/04/2016;4,226;4,239;4,056;48009174;4,107;4,094
15/04/2016;4,103;4,125;4,039;57655727;4,094;3,988
18/04/2016;3,962;4,067;3,948;51326735;3,988;4,094
19/04/2016;4,028;4,111;4,019;48699218;4,094;4,019
20/04/2016;4,006;4,032;3,957;51604522;4,019;3,992
21/04/2016;4,028;4,059;3,966;42673410;3,992;3,9
22/04/2016;3,904;3,97;3,869;49716029;3,9;3,873
25/04/2016;3,935;3,94;3,845;22199090;3,873;4,054
26/04/2016;3,909;4,063;3,86;41806490;4,054;4,195
27/04/2016;4,147;4,2;4,098;55896262;4,195;4,182
28/04/2016;4,164;4,302;4,147;39693274;4,182;4,2
29/04/2016;4,235;4,314;4,118;46256286;4,2;3,979
2/05/2016;4,085;4,103;3,975;43795440;3,979;3,71
3/05/2016;3,799;3,821;3,693;78879049;3,71;3,834
4/05/2016;3,732;3,847;3,706;35662312;3,834;3,75
5/05/2016;3,869;3,9;3,699;39281017;3,75;3,794
6/05/2016;3,728;3,821;3,713;26975199;3,794;3,803
9/05/2016;3,763;3,827;3,543;63386287;3,803;4,103
10/05/2016;3,909;4,103;3,895;54631825;4,103;4,133
11/05/2016;4,204;4,213;4,076;68887815;4,133;4,133
12/05/2016;4,138;4,18;4,023;36443742;4,133;3,887
13/05/2016;4,067;4,081;3,878;29806578;3,887;3,887
16/05/2016;3,922;3,975;3,882;28378416;3,887;3,821
17/05/2016;3,865;3,865;3,777;26064514;3,821;3,799
18/05/2016;3,754;3,9;3,732;37541054;3,799;3,746
19/05/2016;3,715;3,763;3,662;28561188;3,746;3,759
20/05/2016;3,816;3,847;3,746;30602067;3,759;3,693
23/05/2016;3,658;3,763;3,635;42686109;3,693;3,697
24/05/2016;3,807;3,816;3,658;20837824;3,697;3,675
25/05/2016;3,754;3,781;3,658;22951720;3,675;3,71
26/05/2016;3,688;3,768;3,684;11737546;3,71;3,631
27/05/2016;3,658;3,684;3,622;21827877;3,631;3,53
31/05/2016;3,609;3,666;3,486;40643643;3,53;3,6
1/06/2016;3,517;3,613;3,486;26394456;3,6;3,658
2/06/2016;3,556;3,673;3,539;25492841;3,658;3,724
3/06/2016;3,719;3,75;3,673;18367227;3,724;3,719
6/06/2016;3,71;3,754;3,675;20420124;3,719;3,829
7/06/2016;3,697;3,847;3,695;36141919;3,829;3,984
8/06/2016;3,957;4,014;3,926;29701586;3,984;3,935
9/06/2016;3,944;3,962;3,889;26414638;3,935;3,697
10/06/2016;3,812;3,834;3,693;40543867;3,697;3,675
13/06/2016;3,618;3,715;3,609;31145167;3,675;3,605
14/06/2016;3,71;3,746;3,574;30312943;3,605;3,613
15/06/2016;3,631;3,693;3,543;34269979;3,613;3,688
16/06/2016;3,569;3,702;3,521;23367606;3,688;3,706
17/06/2016;3,741;3,777;3,684;29287288;3,706;3,807
20/06/2016;3,794;3,865;3,794;27904252;3,807;3,785
21/06/2016;3,799;3,807;3,702;30065316;3,785;3,754
22/06/2016;3,799;3,865;3,75;30333125;3,754;3,957
23/06/2016;3,834;3,957;3,79;27986114;3,957;3,759
24/06/2016;3,759;3,862;3,717;41552968;3,759;3,596
27/06/2016;3,759;3,763;3,596;42677945;3,596;3,856
28/06/2016;3,741;3,86;3,719;31622733;3,856;4,019
29/06/2016;3,944;4,037;3,935;25950905;4,019;4,16
30/06/2016;4,037;4,2;4,019;45129948;4,16;4,217
1/07/2016;4,129;4,222;4,107;38142660;4,217;4,089
5/07/2016;4,107;4,138;4,054;30148992;4,089;4,076
6/07/2016;4,019;4,094;3,97;26470422;4,076;4,063
7/07/2016;4,072;4,164;4,059;30711821;4,063;4,279
8/07/2016;4,208;4,292;4,197;25487852;4,279;4,292
11/07/2016;4,279;4,332;4,274;21137606;4,292;4,301
12/07/2016;4,367;4,415;4,266;36217204;4,301;4,389
13/07/2016;4,31;4,393;4,27;23809343;4,389;4,521
14/07/2016;4,552;4,601;4,497;32361304;4,521;4,539
15/07/2016;4,512;4,561;4,46;28203581;4,539;4,609
18/07/2016;4,534;4,631;4,521;18962483;4,609;4,574
19/07/2016;4,561;4,605;4,532;18209172;4,574;4,671
20/07/2016;4,596;4,693;4,556;30495261;4,671;4,565
21/07/2016;4,64;4,68;4,473;33932327;4,565;4,627
22/07/2016;4,552;4,64;4,53;23135626;4,627;4,539
25/07/2016;4,601;4,618;4,504;21360062;4,539;4,517
26/07/2016;4,548;4,583;4,504;23807756;4,517;4,517
27/07/2016;4,526;4,583;4,495;30447187;4,517;4,424
28/07/2016;4,468;4,495;4,42;26415318;4,424;4,605
29/07/2016;4,482;4,627;4,477;30273032;4,605;4,517
1/08/2016;4,587;4,592;4,49;21867787;4,517;4,565
2/08/2016;4,645;4,671;4,53;53034270;4,565;4,772
3/08/2016;4,57;4,777;4,523;48453178;4,772;4,883
4/08/2016;4,847;4,953;4,825;48223920;4,883;4,896
5/08/2016;4,927;4,94;4,799;50878196;4,896;4,856
8/08/2016;4,856;4,935;4,839;34180634;4,856;4,922
9/08/2016;4,896;4,984;4,896;29134449;4,922;4,887
10/08/2016;4,953;4,988;4,816;26644123;4,887;5,006
11/08/2016;4,913;5,01;4,913;29315633;5,006;4,971
12/08/2016;4,962;5,05;4,946;29223340;4,971;5,024
15/08/2016;4,988;5,041;4,966;26105558;5,024;4,984
16/08/2016;5,032;5,063;4,98;25980611;4,984;5,028
17/08/2016;4,949;5,041;4,896;31025889;5,028;4,997
18/08/2016;5,019;5,026;4,927;25375150;4,997;4,98
19/08/2016;4,962;4,997;4,896;21088852;4,98;4,891
22/08/2016;4,957;4,957;4,861;18558162;4,891;4,843
23/08/2016;4,962;5,002;4,836;27451631;4,843;4,839
24/08/2016;4,803;4,883;4,764;23495728;4,839;4,803
25/08/2016;4,847;4,874;4,786;27268405;4,803;4,834
26/08/2016;4,869;4,999;4,755;42034162;4,834;4,953
29/08/2016;4,821;4,98;4,812;21062094;4,953;4,971
30/08/2016;4,927;4,975;4,885;17662670;4,971;4,883
31/08/2016;5,006;5,006;4,808;56101484;4,883;4,909
1/09/2016;4,847;4,971;4,803;38684173;4,909;4,984
2/09/2016;4,98;5,032;4,962;48103508;4,984;5,094
6/09/2016;4,971;5,094;4,94;27705834;5,094;5,046
7/09/2016;5,059;5,068;4,944;45203646;5,046;5,028
8/09/2016;5,094;5,103;5,006;46011834;5,028;4,711
9/09/2016;4,869;4,874;4,711;34163854;4,711;4,847
12/09/2016;4,667;4,856;4,631;26701041;4,847;4,636
13/09/2016;4,746;4,772;4,598;30751731;4,636;4,627
14/09/2016;4,627;4,698;4,605;19617152;4,627;4,759
15/09/2016;4,658;4,788;4,601;22857840;4,759;4,68
16/09/2016;4,724;4,733;4,616;31133149;4,68;4,715
19/09/2016;4,764;4,816;4,706;15458748;4,715;4,75
20/09/2016;4,803;4,834;4,742;13143485;4,75;4,887
21/09/2016;4,821;4,9;4,713;27014429;4,887;4,944
22/09/2016;4,971;5,046;4,887;22739696;4,944;4,887
23/09/2016;4,918;4,955;4,861;15341964;4,887;4,847
26/09/2016;4,839;4,891;4,805;27342557;4,847;4,944
27/09/2016;4,852;4,953;4,812;31286895;4,944;4,997
28/09/2016;4,949;5,015;4,874;18201462;4,997;4,816
29/09/2016;4,993;5,019;4,799;22913397;4,816;4,821
30/09/2016;4,874;4,885;4,781;27317613;4,821;5,006
3/10/2016;4,847;5,013;4,83;29117668;5,006;4,949
4/10/2016;5,002;5,024;4,922;49491305;4,949;5,121
5/10/2016;5,028;5,134;5,01;28671396;5,121;5,156
6/10/2016;5,099;5,173;5,068;24848377;5,156;5,213
7/10/2016;5,213;5,248;5,116;28399732;5,213;5,226
10/10/2016;5,262;5,288;5,198;25739787;5,226;5,235
11/10/2016;5,187;5,24;5,162;31492117;5,235;5,2
12/10/2016;5,191;5,277;5,151;19774979;5,2;5,323
13/10/2016;5,191;5,341;5,138;28770719;5,323;5,376
14/10/2016;5,381;5,405;5,341;26825988;5,376;5,455
17/10/2016;5,359;5,46;5,354;39122735;5,455;5,599
18/10/2016;5,54;5,618;5,434;26881257;5,599;5,526
19/10/2016;5,579;5,604;5,507;27223259;5,526;5,599
20/10/2016;5,497;5,647;5,487;19850533;5,599;5,574
21/10/2016;5,526;5,591;5,526;16500400;5,574;5,55
24/10/2016;5,628;5,628;5,55;14878829;5,55;5,574
25/10/2016;5,536;5,601;5,458;20183877;5,574;5,545
26/10/2016;5,502;5,601;5,482;21222251;5,545;5,613
27/10/2016;5,618;5,705;5,564;34338503;5,613;5,599
28/10/2016;5,628;5,681;5,531;25848242;5,599;5,783
31/10/2016;5,846;5,865;5,768;49866909;5,783;5,574
1/11/2016;5,788;5,802;5,497;48925631;5,574;5,497
2/11/2016;5,55;5,587;5,407;22896390;5,497;5,463
3/11/2016;5,574;5,666;5,448;28876782;5,463;5,482
4/11/2016;5,458;5,608;5,412;29285371;5,482;5,778
7/11/2016;5,73;5,8;5,686;29962365;5,778;5,807
8/11/2016;5,744;5,906;5,676;23413206;5,807;5,54
9/11/2016;5,57;5,72;5,531;43123352;5,54;5,041
10/11/2016;5,216;5,288;4,959;52405845;5,041;4,998
11/11/2016;4,901;5,036;4,758;41564450;4,998;4,886
14/11/2016;4,896;4,935;4,772;49977405;4,886;5,133
15/11/2016;4,93;5,153;4,925;32534697;5,133;5,099
16/11/2016;5,002;5,133;4,959;40931160;5,099;4,959
17/11/2016;5,075;5,128;4,939;25282981;4,959;5,022
18/11/2016;5,099;5,133;4,998;21829361;5,022;5,162
21/11/2016;5,148;5,182;5,109;16777053;5,162;5,162
22/11/2016;5,255;5,259;5,085;22085398;5,162;5,07
23/11/2016;5,017;5,08;4,988;15486145;5,07;4,949
25/11/2016;4,935;4,969;4,915;11107533;4,949;5,046
28/11/2016;4,959;5,109;4,925;28937803;5,046;4,973
29/11/2016;5,012;5,051;4,944;17321699;4,973;5,012
30/11/2016;5,09;5,153;5,012;32200116;5,012;4,697
1/12/2016;4,872;4,886;4,69;39037472;4,697;4,736
2/12/2016;4,765;4,823;4,716;21519724;4,736;4,813
5/12/2016;4,741;4,818;4,729;16069342;4,813;4,876
6/12/2016;4,77;4,92;4,75;16453398;4,876;4,852
7/12/2016;4,901;4,915;4,794;28149281;4,852;4,847
8/12/2016;4,857;4,896;4,828;28688362;4,847;4,881
9/12/2016;4,867;4,935;4,852;35560763;4,881;4,683
12/12/2016;4,809;4,833;4,678;31330784;4,683;4,779
13/12/2016;4,77;4,828;4,707;43521838;4,779;4,668
14/12/2016;4,809;4,838;4,651;46962883;4,668;4,663
15/12/2016;4,663;4,716;4,549;58580842;4,663;4,513
16/12/2016;4,624;4,653;4,508;29730447;4,513;4,421
19/12/2016;4,61;4,61;4,411;47945391;4,421;4,556
20/12/2016;4,581;4,598;4,474;33177264;4,556;4,581
21/12/2016;4,639;4,644;4,571;15816397;4,581;4,692
22/12/2016;4,615;4,716;4,593;30359615;4,692;4,784
23/12/2016;4,813;4,823;4,755;28254211;4,784;4,804
27/12/2016;4,813;4,83;4,765;26837347;4,804;4,939
28/12/2016;4,833;4,956;4,823;28465515;4,939;5,017
29/12/2016;4,949;5,041;4,944;18779381;5,017;4,983
30/12/2016;5,017;5,036;4,964;20737388;4,983;5,187
3/01/2017;5,099;5,196;5,099;28910797;5,187;5,255
4/01/2017;5,235;5,286;5,216;21782153;5,255;5,4
5/01/2017;5,284;5,448;5,279;46707877;5,4;5,381
6/01/2017;5,361;5,429;5,332;35079610;5,381;5,414
9/01/2017;5,405;5,451;5,371;18079916;5,414;5,41
10/01/2017;5,473;5,502;5,376;18839577;5,41;5,545
11/01/2017;5,351;5,545;5,318;26845593;5,545;5,579
12/01/2017;5,57;5,608;5,516;28227618;5,579;5,439
13/01/2017;5,487;5,502;5,376;18773403;5,439;5,555
17/01/2017;5,444;5,589;5,419;23921571;5,555;5,492
18/01/2017;5,521;5,56;5,473;18155779;5,492;5,516
19/01/2017;5,584;5,589;5,463;20691004;5,516;5,584
20/01/2017;5,584;5,596;5,499;21159994;5,584;5,817
23/01/2017;5,623;5,817;5,604;26627693;5,817;5,768
24/01/2017;5,7;5,788;5,686;31019087;5,768;5,89
25/01/2017;5,831;5,904;5,807;33867246;5,89;5,885
26/01/2017;5,812;5,885;5,749;37542270;5,885;5,851
27/01/2017;5,86;5,923;5,831;23131194;5,851;5,778
30/01/2017;5,783;5,807;5,73;18957082;5,778;5,725
31/01/2017;5,763;5,783;5,681;19682521;5,725;5,797
1/02/2017;5,739;5,841;5,734;24745137;5,797;5,831
2/02/2017;5,817;5,86;5,773;21022698;5,831;5,909
3/02/2017;5,89;5,991;5,875;29690042;5,909;5,87
6/02/2017;5,899;5,972;5,87;16577912;5,87;5,957
7/02/2017;6,02;6,045;5,957;29227236;5,957;6,18
8/02/2017;5,967;6,205;5,953;37749451;6,18;6,156
9/02/2017;6,205;6,272;6,142;23637703;6,156;6,248
10/02/2017;6,171;6,258;6,156;15623028;6,248;6,195
13/02/2017;6,2;6,219;6,125;22087666;6,195;6,263
14/02/2017;6,195;6,272;6,139;24794613;6,263;6,554
15/02/2017;6,365;6,588;6,292;35790413;6,554;6,403
16/02/2017;6,607;6,617;6,365;31290998;6,403;6,355
17/02/2017;6,316;6,398;6,263;28623425;6,355;6,394
21/02/2017;6,369;6,398;6,292;24266665;6,394;6,447
22/02/2017;6,36;6,447;6,34;13882716;6,447;6,36
23/02/2017;6,549;6,549;6,321;22275056;6,36;6,209
24/02/2017;6,253;6,272;6,201;16213646;6,209;6,263
27/02/2017;6,239;6,316;6,207;13244890;6,263;6,2
28/02/2017;6,253;6,297;6,18;17794606;6,2;6,243
1/03/2017;6,355;6,365;6,18;48178546;6,243;6,074
2/03/2017;6,185;6,195;6,04;18053942;6,074;6,229
3/03/2017;6,137;6,248;6,088;16823024;6,229;6,171
6/03/2017;6,229;6,243;6,142;12106121;6,171;6,093
7/03/2017;6,2;6,205;6,074;13523397;6,093;5,957
8/03/2017;5,986;6,049;5,89;16859100;5,957;5,919
9/03/2017;5,933;5,977;5,863;19646033;5,919;6,011
10/03/2017;6,074;6,074;5,962;16830033;6,011;6,103
13/03/2017;6,025;6,122;6,016;16441441;6,103;6,011
14/03/2017;6,069;6,134;6,006;21204316;6,011;6,171
15/03/2017;6,04;6,202;5,972;39985965;6,171;6,079
16/03/2017;6,166;6,183;6,037;23353011;6,079;5,933
17/03/2017;6,142;6,151;5,928;25257212;5,933;6,054
20/03/2017;5,909;6,091;5,88;63100873;6,054;5,909
21/03/2017;6,069;6,093;5,812;39950095;5,909;5,914
22/03/2017;5,899;6,025;5,853;15897619;5,914;5,856
23/03/2017;5,822;5,899;5,797;19172096;5,856;5,938
24/03/2017;5,875;5,962;5,826;12545837;5,938;5,953
27/03/2017;5,836;5,957;5,814;15342253;5,953;5,919
28/03/2017;5,928;5,972;5,87;26162414;5,919;6,054
29/03/2017;5,928;6,074;5,923;33879821;6,054;5,894
30/03/2017;5,982;6,035;5,894;17942621;5,894;5,851
31/03/2017;5,885;5,933;5,817;18650744;5,851;5,977
3/04/2017;5,885;5,982;5,875;17472600;5,977;6,049
4/04/2017;5,943;6,059;5,904;26040786;6,049;5,875
5/04/2017;6,059;6,064;5,865;19057889;5,875;5,773
6/04/2017;5,831;5,933;5,754;27336228;5,773;5,836
7/04/2017;5,846;5,953;5,797;21367586;5,836;5,841
10/04/2017;5,865;5,88;5,759;26452878;5,841;5,831
11/04/2017;5,86;5,899;5,71;26055010;5,831;5,831
12/04/2017;5,836;5,851;5,768;17751521;5,831;5,71
13/04/2017;5,822;5,843;5,708;15571903;5,71;6,054
17/04/2017;5,802;6,054;5,802;21254204;6,054;5,982
18/04/2017;5,977;6,083;5,957;15926893;5,982;5,89
19/04/2017;6,006;6,008;5,875;33834468;5,89;5,763
20/04/2017;5,972;5,972;5,749;30820771;5,763;5,749
21/04/2017;5,783;5,836;5,728;23413412;5,749;5,919
24/04/2017;5,914;5,986;5,882;23206232;5,919;5,919
25/04/2017;5,836;5,953;5,814;18471188;5,919;5,885
26/04/2017;5,885;5,962;5,846;17246248;5,885;5,933
27/04/2017;5,996;6,011;5,909;36167460;5,933;5,962
28/04/2017;5,875;5,982;5,841;21283065;5,962;6,016
1/05/2017;6,001;6,108;5,943;16626976;6,016;6,132
2/05/2017;6,035;6,146;6,016;39538415;6,132;6,02
3/05/2017;6,059;6,088;5,982;26840233;6,02;5,768
4/05/2017;5,972;5,982;5,739;20507325;5,768;5,875
5/05/2017;5,812;5,897;5,763;21406961;5,875;5,86
8/05/2017;5,865;5,914;5,836;14754521;5,86;5,88
9/05/2017;5,88;5,933;5,863;17174921;5,88;5,957
10/05/2017;5,977;6,016;5,936;17752345;5,957;6,093
11/05/2017;6,006;6,121;5,962;20733677;6,093;6,214
12/05/2017;6,156;6,223;6,127;32674054;6,214;6,248
15/05/2017;6,239;6,301;6,205;18908018;6,248;6,282
16/05/2017;6,302;6,321;6,214;17615256;6,282;6,074
17/05/2017;6,19;6,243;6,045;27457650;6,074;4,954
18/05/2017;5,041;5,337;4,857;149321189;4,954;5,274
19/05/2017;5,264;5,361;5,191;79986566;5,274;5,114
22/05/2017;5,143;5,175;5,017;45517776;5,114;5,225
23/05/2017;5,201;5,308;5,184;60389184;5,225;5,284
24/05/2017;5,322;5,381;5,259;65839567;5,284;5,148
25/05/2017;5,288;5,322;5,119;45915439;5,148;5,298
26/05/2017;5,25;5,351;5,228;29142921;5,298;5,308
30/05/2017;5,313;5,337;5,284;18874828;5,308;5,288
31/05/2017;5,361;5,385;5,279;45953164;5,288;5,225
1/06/2017;5,32;5,342;5,201;21051147;5,225;5,274
2/06/2017;5,298;5,322;5,23;21325120;5,274;5,201
5/06/2017;5,23;5,308;5,172;21998816;5,201;5,308
6/06/2017;5,211;5,332;5,204;20276025;5,308;5,395
7/06/2017;5,39;5,431;5,342;27030715;5,395;5,356
8/06/2017;5,337;5,361;5,274;19479877;5,356;5,255
9/06/2017;5,366;5,385;5,238;23638528;5,255;5,211
12/06/2017;5,206;5,23;5,124;25669923;5,211;5,264
13/06/2017;5,235;5,279;5,187;17435906;5,264;5,342
14/06/2017;5,385;5,429;5,322;30626166;5,342;5,279
15/06/2017;5,24;5,293;5,182;15019217;5,279;5,293
16/06/2017;5,293;5,322;5,252;23994547;5,293;5,327
19/06/2017;5,284;5,378;5,274;16254464;5,327;5,143
20/06/2017;5,284;5,308;5,143;35509432;5,143;5,162
21/06/2017;5,162;5,211;5,119;20329212;5,162;5,177
22/06/2017;5,172;5,211;5,133;12875882;5,177;5,143
23/06/2017;5,167;5,191;5,128;9837859;5,143;5,327
26/06/2017;5,211;5,356;5,191;16632336;5,327;5,259
27/06/2017;5,269;5,342;5,206;16239621;5,259;5,308
28/06/2017;5,288;5,327;5,216;18864315;5,308;5,322
29/06/2017;5,337;5,341;5,25;17981996;5,322;5,356
30/06/2017;5,351;5,412;5,339;16426393;5,356;5,414
3/07/2017;5,419;5,444;5,385;12220740;5,414;5,429
5/07/2017;5,4;5,468;5,322;14035885;5,429;5,342
6/07/2017;5,4;5,41;5,31;23873332;5,342;5,318
7/07/2017;5,385;5,405;5,267;35268443;5,318;5,4
10/07/2017;5,376;5,419;5,371;17640612;5,4;5,492
11/07/2017;5,405;5,507;5,4;17681430;5,492;5,628
12/07/2017;5,516;5,667;5,448;44686170;5,628;5,637
13/07/2017;5,637;5,671;5,613;25456765;5,637;5,691
14/07/2017;5,691;5,705;5,628;28661563;5,691;5,642
17/07/2017;5,681;5,691;5,613;21413764;5,642;5,691
18/07/2017;5,647;5,705;5,618;15135279;5,691;5,642
19/07/2017;5,72;5,737;5,618;14319340;5,642;5,667
20/07/2017;5,681;5,7;5,637;11823902;5,667;5,642
21/07/2017;5,681;5,71;5,623;15133424;5,642;5,676
24/07/2017;5,662;5,691;5,628;16553381;5,676;5,662
25/07/2017;5,725;5,754;5,628;18927396;5,662;5,681
26/07/2017;5,637;5,7;5,599;29944018;5,681;5,667
27/07/2017;5,71;5,749;5,628;23666564;5,667;5,71
28/07/2017;5,652;5,73;5,623;29092415;5,71;5,773
31/07/2017;5,739;5,802;5,696;19530177;5,773;5,953
1/08/2017;5,87;6,011;5,856;32964106;5,953;6,04
2/08/2017;5,914;6,049;5,904;30879523;6,04;6,02
3/08/2017;6,016;6,049;5,991;34218524;6,02;5,991
4/08/2017;6,035;6,059;5,967;11279462;5,991;6,079
7/08/2017;5,967;6,088;5,957;13666465;6,079;6,142
8/08/2017;6,069;6,205;6,064;36437310;6,142;6,054
9/08/2017;6,04;6,076;6,02;17503111;6,054;5,938
10/08/2017;6,03;6,035;5,933;15125590;5,938;5,991
11/08/2017;5,943;6,03;5,892;14015270;5,991;6,035
14/08/2017;5,977;6,112;5,967;16167469;6,035;6,049
15/08/2017;6,03;6,088;6,006;16622647;6,049;6,103
16/08/2017;6,079;6,132;6,006;15420178;6,103;5,972
17/08/2017;6,045;6,067;5,967;14844609;5,972;6,142
18/08/2017;6,045;6,156;6,023;17123590;6,142;6,025
21/08/2017;6,156;6,163;6,011;13291479;6,025;6,171
22/08/2017;6,132;6,234;6,122;16495659;6,171;6,282
23/08/2017;6,185;6,311;6,185;26895687;6,282;6,34
24/08/2017;6,311;6,374;6,289;19399066;6,34;6,311
25/08/2017;6,34;6,345;6,277;15853503;6,311;6,239
28/08/2017;6,297;6,311;6,219;12059325;6,239;6,268
29/08/2017;6,156;6,282;6,137;25832987;6,268;6,234
30/08/2017;6,243;6,253;6,197;14575377;6,234;6,19
31/08/2017;6,282;6,292;6,175;21159375;6,19;6,335
1/09/2017;6,302;6,408;6,272;19875683;6,335;6,35
5/09/2017;6,437;6,457;6,26;32470996;6,35;6,578
6/09/2017;6,442;6,607;6,418;33696348;6,578;6,558
7/09/2017;6,549;6,6;6,495;26876515;6,558;6,554
8/09/2017;6,592;6,602;6,529;33868277;6,554;6,651
11/09/2017;6,641;6,747;6,637;18441502;6,651;6,597
12/09/2017;6,602;6,679;6,563;19037686;6,597;6,621
13/09/2017;6,573;6,663;6,549;24460445;6,621;6,66
14/09/2017;6,602;6,675;6,573;19258060;6,66;6,772
15/09/2017;6,631;6,791;6,617;20198513;6,772;6,777
18/09/2017;6,772;6,844;6,731;18403159;6,777;6,733
19/09/2017;6,767;6,767;6,665;23035335;6,733;6,704
20/09/2017;6,757;6,774;6,612;18209378;6,704;6,68
21/09/2017;6,718;6,791;6,638;21391706;6,68;6,728
22/09/2017;6,675;6,781;6,651;11720209;6,728;6,583
25/09/2017;6,694;6,704;6,568;18416352;6,583;6,592
26/09/2017;6,612;6,68;6,588;18148770;6,592;6,554
27/09/2017;6,578;6,602;6,491;29720964;6,554;6,544
28/09/2017;6,534;6,578;6,496;20952814;6,544;6,641
29/09/2017;6,636;6,67;6,595;13656570;6,641;6,675
2/10/2017;6,602;6,689;6,578;11321104;6,675;6,888
3/10/2017;6,68;6,888;6,646;16790865;6,888;6,883
4/10/2017;6,927;6,956;6,864;13211493;6,883;6,951
5/10/2017;6,975;7,07;6,937;20906430;6,951;6,854
6/10/2017;6,869;6,869;6,786;13189229;6,854;6,709
9/10/2017;6,791;6,81;6,68;10373229;6,709;6,849
10/10/2017;6,815;6,907;6,801;19603360;6,849;6,874
11/10/2017;6,903;6,922;6,821;22961533;6,874;6,806
12/10/2017;6,869;6,883;6,786;13975895;6,806;6,849
13/10/2017;6,927;6,932;6,806;24081542;6,849;6,781
16/10/2017;6,835;6,849;6,738;13355592;6,781;6,777
17/10/2017;6,772;6,777;6,689;14088040;6,777;6,762
18/10/2017;6,781;6,803;6,699;13275400;6,762;6,714
19/10/2017;6,704;6,718;6,646;8331526;6,714;6,67
20/10/2017;6,747;6,762;6,66;9360624;6,67;6,51
23/10/2017;6,597;6,665;6,488;11026929;6,51;6,534
24/10/2017;6,52;6,549;6,403;21867705;6,534;6,621
25/10/2017;6,568;6,626;6,44;19921242;6,621;6,437
26/10/2017;6,636;6,646;6,418;13585861;6,437;6,52
27/10/2017;6,495;6,563;6,413;19683965;6,52;6,365
30/10/2017;6,418;6,471;6,285;33262198;6,365;6,209
31/10/2017;6,268;6,272;6,154;27193985;6,209;6,132
1/11/2017;6,229;6,292;6,122;21851625;6,132;6,146
2/11/2017;6,132;6,171;6,04;19893825;6,146;6,132
3/11/2017;6,185;6,185;6,035;34193993;6,132;6,258
6/11/2017;6,19;6,268;6,151;19981644;6,258;6,093
7/11/2017;6,2;6,205;6,03;25133316;6,093;6,326
8/11/2017;6,195;6,348;6,146;24982621;6,326;6,185
9/11/2017;6,205;6,282;6,146;25632816;6,185;6,151
10/11/2017;6,122;6,175;6,091;28477677;6,151;6,151
13/11/2017;6,103;6,19;6,059;15633954;6,151;5,996
14/11/2017;6,142;6,154;5,967;18772166;5,996;6,074
15/11/2017;5,928;6,083;5,914;14930161;6,074;6,195
16/11/2017;6,132;6,229;6,098;14932016;6,195;6,321
17/11/2017;6,195;6,34;6,195;15882364;6,321;6,384
20/11/2017;6,316;6,403;6,248;13588334;6,384;6,418
21/11/2017;6,428;6,539;6,408;19118703;6,418;6,428
22/11/2017;6,437;6,457;6,386;13818603;6,428;6,413
24/11/2017;6,374;6,413;6,365;7023508;6,413;6,369
27/11/2017;6,35;6,408;6,306;11742061;6,369;6,447
28/11/2017;6,481;6,539;6,389;15771044;6,447;6,282
29/11/2017;6,384;6,389;6,258;17847586;6,282;6,083
30/11/2017;6,19;6,222;6,069;31007748;6,083;6,122
1/12/2017;6,098;6,156;6,054;12197032;6,122;6,248
4/12/2017;6,229;6,333;6,19;10832736;6,248;6,205
5/12/2017;6,36;6,369;6,18;11265856;6,205;6,272
6/12/2017;6,243;6,311;6,129;13598642;6,272;6,209
7/12/2017;5,986;6,231;5,967;23405991;6,209;6,239
8/12/2017;6,268;6,287;6,195;20530208;6,239;6,253
11/12/2017;6,253;6,297;6,205;18098264;6,253;6,408
12/12/2017;6,112;6,408;6,093;29674374;6,408;6,093
13/12/2017;6,282;6,321;6,064;36644696;6,093;5,977
14/12/2017;5,943;6,006;5,928;25649927;5,977;5,991
15/12/2017;6,03;6,071;5,977;23032861;5,991;6,054
18/12/2017;6,108;6,171;6,042;18822466;6,054;6,03
19/12/2017;6,011;6,045;5,982;19969894;6,03;6,035
20/12/2017;6,045;6,093;6,013;10517946;6,035;6,263
21/12/2017;6,079;6,302;6,076;40417229;6,263;6,224
22/12/2017;6,19;6,229;6,176;17230993;6,224;6,253
26/12/2017;6,258;6,272;6,224;8029105;6,253;6,214
27/12/2017;6,277;6,297;6,209;7310262;6,214;6,268
28/12/2017;6,253;6,287;6,241;14422827;6,268;6,302
29/12/2017;6,277;6,382;6,268;15910401;6,302;6,558
2/01/2018;6,452;6,558;6,432;12458430;6,558;6,646
3/01/2018;6,549;6,655;6,529;36885891;6,646;6,728
4/01/2018;6,733;6,798;6,709;41033616;6,728;6,81
5/01/2018;6,704;6,818;6,68;15033235;6,81;6,718
8/01/2018;6,767;6,806;6,711;22548410;6,718;6,631
9/01/2018;6,694;6,699;6,621;13877150;6,631;6,651
10/01/2018;6,617;6,689;6,592;11346048;6,651;6,854
11/01/2018;6,694;6,854;6,687;27542584;6,854;6,844
12/01/2018;6,791;6,849;6,777;9378765;6,844;6,932
16/01/2018;6,907;6,941;6,869;16620585;6,932;7,043
17/01/2018;6,903;7,072;6,883;13710375;7,043;7,058
18/01/2018;7,077;7,111;7,019;17310567;7,058;7,164
19/01/2018;7,072;7,169;7,036;19318049;7,164;7,329
22/01/2018;7,15;7,329;7,15;48806683;7,329;7,223
23/01/2018;7,237;7,3;7,174;33569979;7,223;7,804
24/01/2018;7,445;7,819;7,397;31302954;7,804;8,008
25/01/2018;7,785;8,131;7,736;36724682;8,008;8,231
26/01/2018;7,959;8,231;7,94;46424627;8,231;7,877
29/01/2018;8,037;8,09;7,877;45166292;7,877;7,925
30/01/2018;7,799;7,935;7,746;31175554;7,925;7,95
31/01/2018;8,1;8,112;7,925;22780534;7,95;8,042
1/02/2018;7,979;8,105;7,921;14972627;8,042;7,761
2/02/2018;7,795;7,858;7,722;16596053;7,761;7,489
5/02/2018;7,736;7,838;7,358;18528497;7,489;7,775
6/02/2018;7,562;7,833;7,53;27233154;7,775;7,436
7/02/2018;7,761;7,787;7,436;35156298;7,436;7,324
8/02/2018;7,644;7,654;7,324;28733715;7,324;7,499
9/02/2018;7,47;7,538;7,247;29175081;7,499;7,576
12/02/2018;7,567;7,644;7,499;15037358;7,576;7,586
13/02/2018;7,538;7,632;7,509;10341276;7,586;7,901
14/02/2018;7,538;7,952;7,494;29060462;7,901;7,887
15/02/2018;7,998;8,003;7,853;19254349;7,887;7,581
16/02/2018;7,513;7,673;7,504;17800584;7,581;7,693
20/02/2018;7,557;7,765;7,542;23096149;7,693;7,761
21/02/2018;7,819;7,954;7,751;18230818;7,761;7,848
22/02/2018;7,901;7,93;7,799;18452016;7,848;7,925
23/02/2018;7,906;7,93;7,756;17091843;7,925;7,95
26/02/2018;7,984;7,984;7,867;16664907;7,95;7,775
27/02/2018;7,916;7,935;7,761;19745191;7,775;7,547
28/02/2018;7,761;7,773;7,542;26962686;7,547;7,605
1/03/2018;7,586;7,712;7,499;23069555;7,605;7,62
2/03/2018;7,538;7,644;7,46;25976055;7,62;7,795
5/03/2018;7,576;7,799;7,552;15523458;7,795;7,843
6/03/2018;7,891;7,93;7,824;15354210;7,843;7,717
7/03/2018;7,765;7,792;7,618;12293716;7,717;7,649
8/03/2018;7,731;7,741;7,581;14761118;7,649;7,77
9/03/2018;7,746;7,809;7,702;10536499;7,77;7,858
12/03/2018;7,78;7,872;7,756;13015033;7,858;7,775
13/03/2018;7,867;7,882;7,739;15170737;7,775;7,654
14/03/2018;7,804;7,809;7,584;18048376;7,654;7,596
15/03/2018;7,586;7,63;7,46;17384162;7,596;7,542
16/03/2018;7,572;7,681;7,523;25658791;7,542;7,378
19/03/2018;7,513;7,552;7,368;29150755;7,378;7,363
20/03/2018;7,387;7,397;7,261;21136287;7,363;7,416
21/03/2018;7,382;7,441;7,339;20636787;7,416;7,29
22/03/2018;7,315;7,404;7,254;15082299;7,29;7,339
23/03/2018;7,319;7,484;7,295;20741305;7,339;7,455
26/03/2018;7,47;7,504;7,358;10233872;7,455;7,295
27/03/2018;7,445;7,472;7,256;13528551;7,295;7,378
28/03/2018;7,286;7,387;7,242;17124002;7,378;7,562
29/03/2018;7,465;7,63;7,455;18851121;7,562;7,489
2/04/2018;7,557;7,605;7,407;20943743;7,489;7,363
3/04/2018;7,518;7,572;7,329;19863933;7,363;7,412
4/04/2018;7,198;7,426;7,147;22099623;7,412;7,412
5/04/2018;7,586;7,639;7,397;23729646;7,412;7,358
6/04/2018;7,382;7,436;7,247;13434135;7,358;7,111
9/04/2018;7,324;7,349;7,101;18829475;7,111;7,208
10/04/2018;7,13;7,23;7,07;15494597;7,208;7,315
11/04/2018;7,198;7,356;7,184;12559237;7,315;7,358
12/04/2018;7,387;7,397;7,324;10012055;7,358;7,15
13/04/2018;7,31;7,329;7,135;12275163;7,15;7,072
16/04/2018;7,198;7,203;7,019;22437914;7,072;7,213
17/04/2018;7,13;7,24;7,072;16900124;7,213;7,421
18/04/2018;7,368;7,462;7,31;14313980;7,421;7,324
19/04/2018;7,286;7,363;7,232;15916379;7,324;7,232
20/04/2018;7,252;7,281;7,174;14652890;7,232;7,14
23/04/2018;7,145;7,189;7,063;10729661;7,14;7,092
24/04/2018;7,184;7,244;7,058;12190023;7,092;7,029
25/04/2018;6,975;7,046;6,937;12874852;7,029;7,193
26/04/2018;7,087;7,208;7,031;13118932;7,193;7,218
27/04/2018;7,276;7,281;7,184;11335328;7,218;7,043
30/04/2018;7,208;7,223;7,026;10726363;7,043;7,029
1/05/2018;7,038;7,063;6,878;8759698;7,029;6,67
2/05/2018;6,869;6,883;6,626;28509218;6,67;6,573
3/05/2018;6,67;6,682;6,505;23901368;6,573;6,515
4/05/2018;6,51;6,597;6,495;22380398;6,515;6,457
7/05/2018;6,466;6,551;6,42;17631954;6,457;6,442
8/05/2018;6,466;6,512;6,365;16283531;6,442;6,423
9/05/2018;6,408;6,437;6,338;19149213;6,423;6,665
10/05/2018;6,534;6,697;6,515;18820611;6,665;6,505
11/05/2018;6,655;6,684;6,461;15396470;6,505;6,355
14/05/2018;6,495;6,568;6,272;21018369;6,355;6,287
15/05/2018;6,156;6,306;6,108;28368006;6,287;6,331
16/05/2018;6,297;6,369;6,292;11960991;6,331;5,982
17/05/2018;6,243;6,258;5,943;36229099;5,982;5,856
18/05/2018;5,788;5,86;5,7;67822724;5,856;5,851
21/05/2018;5,986;5,986;5,79;26726232;5,851;6,054
22/05/2018;5,953;6,171;5,949;33112327;6,054;5,991
23/05/2018;6,016;6,074;5,953;22511715;5,991;6,03
24/05/2018;5,948;6,04;5,885;22498315;6,03;5,933
25/05/2018;6,035;6,059;5,909;24540431;5,933;5,57
29/05/2018;5,662;5,73;5,545;58545797;5,57;5,579
30/05/2018;5,642;5,652;5,494;27419307;5,579;5,599
31/05/2018;5,623;5,635;5,565;14561565;5,599;5,652
1/06/2018;5,691;5,754;5,526;31124841;5,652;5,802
4/06/2018;5,788;5,831;5,754;27611438;5,802;5,545
5/06/2018;5,749;5,773;5,507;25074770;5,545;5,361
6/06/2018;5,453;5,497;5,327;27582783;5,361;5,104
7/06/2018;5,206;5,221;4,857;64149555;5,104;5,356
8/06/2018;5,318;5,429;5,085;56840117;5,356;5,235
11/06/2018;5,424;5,439;5,208;23166033;5,235;5,23
12/06/2018;5,25;5,342;5,189;19201369;5,23;5,153
13/06/2018;5,245;5,264;5,07;24076389;5,153;4,896
14/06/2018;5,187;5,201;4,876;43669854;4,896;5,007
15/06/2018;4,901;5,046;4,823;35790826;5,007;4,896
18/06/2018;4,891;4,954;4,842;29139623;4,896;5,099
19/06/2018;4,91;5,191;4,905;39218883;5,099;5,133
20/06/2018;5,264;5,284;5,061;38876469;5,133;5,041
21/06/2018;5,124;5,162;5,002;29506981;5,041;5,051
22/06/2018;5,095;5,104;5,002;21880280;5,051;5,075
25/06/2018;5,109;5,138;4,966;20947042;5,075;5,012
26/06/2018;5,128;5,128;4,978;19548524;5,012;4,818
27/06/2018;5,012;5,029;4,809;19339283;4,818;4,993
28/06/2018;4,939;5,036;4,897;17587219;4,993;5,032
29/06/2018;5,041;5,128;5,012;19962060;5,032;5,012
2/07/2018;4,954;5,012;4,939;12951745;5,012;5,143
3/07/2018;5,075;5,221;5,036;12247951;5,143;5,167
5/07/2018;5,196;5,201;5,075;27452084;5,167;5,274
6/07/2018;5,138;5,293;5,114;16596053;5,274;5,288
9/07/2018;5,274;5,332;5,225;14355622;5,288;5,351
10/07/2018;5,337;5,371;5,274;32711160;5,351;5,288
11/07/2018;5,318;5,354;5,271;36984636;5,288;5,385
12/07/2018;5,347;5,448;5,347;24837286;5,385;5,574
13/07/2018;5,4;5,591;5,366;25529948;5,574;5,531
16/07/2018;5,536;5,589;5,485;24121329;5,531;5,652
17/07/2018;5,521;5,681;5,482;23504943;5,652;5,608
18/07/2018;5,628;5,693;5,599;19338458;5,608;5,647
19/07/2018;5,458;5,662;5,424;25280713;5,647;5,914
20/07/2018;5,914;5,977;5,88;45698157;5,914;5,802
23/07/2018;5,875;5,89;5,778;22573972;5,802;5,885
24/07/2018;5,885;5,921;5,841;19216212;5,885;6,151
25/07/2018;6,02;6,166;5,996;34076900;6,151;5,977
26/07/2018;6,064;6,098;5,931;33152114;5,977;6,02
27/07/2018;6,049;6,093;5,972;21968718;6,02;6,117
30/07/2018;6,088;6,156;6,049;17931077;6,117;5,812
31/07/2018;5,89;5,948;5,793;36362890;5,812;5,865
1/08/2018;5,86;5,914;5,817;17626182;5,865;5,885
2/08/2018;5,788;5,938;5,763;20733471;5,885;6,117
3/08/2018;5,991;6,139;5,988;17977460;6,117;6,025
6/08/2018;6,069;6,108;6,006;25870713;6,025;5,938
7/08/2018;6,069;6,108;5,875;36658096;5,938;5,841
8/08/2018;6,001;6,035;5,805;26219517;5,841;5,72
9/08/2018;5,768;5,807;5,674;19817755;5,72;5,458
10/08/2018;5,516;5,54;5,356;45676924;5,458;5,434
13/08/2018;5,288;5,468;5,284;49138171;5,434;5,57
14/08/2018;5,526;5,584;5,453;23891885;5,57;5,477
15/08/2018;5,453;5,536;5,395;28521587;5,477;5,468
16/08/2018;5,54;5,57;5,429;28784840;5,468;5,332
17/08/2018;5,4;5,41;5,288;31691340;5,332;5,23
20/08/2018;5,201;5,259;5,191;51494665;5,23;5,07
21/08/2018;5,148;5,187;5,027;60512256;5,07;5,143
22/08/2018;4,969;5,158;4,954;32537377;5,143;4,896
23/08/2018;5,143;5,162;4,872;31588059;4,896;4,935
24/08/2018;4,978;4,997;4,852;20977139;4,935;5,095
27/08/2018;5,022;5,124;4,988;17567429;5,095;5,017
28/08/2018;5,051;5,07;4,964;24274704;5,017;5,104
29/08/2018;5,065;5,124;5,027;19350209;5,104;4,881
30/08/2018;5,022;5,046;4,855;37032875;4,881;5,051
31/08/2018;4,896;5,095;4,881;37160894;5,051;4,828
4/09/2018;4,799;4,881;4,794;48005381;4,828;4,886
5/09/2018;4,799;4,944;4,787;33121191;4,886;5,027
6/09/2018;4,91;5,07;4,847;33156855;5,027;5,128
7/09/2018;5,187;5,187;5,075;22432348;5,128;5,085
10/09/2018;5,09;5,112;5,022;22042519;5,085;4,847
11/09/2018;4,886;4,92;4,821;39089421;4,847;4,886
12/09/2018;4,949;4,966;4,859;34154000;4,886;4,804
13/09/2018;4,852;4,901;4,775;38397996;4,804;4,905
14/09/2018;4,872;4,947;4,799;25890091;4,905;5,065
17/09/2018;4,891;5,09;4,891;28603635;5,065;5,046
18/09/2018;5,07;5,119;5,027;28976146;5,046;5,095
19/09/2018;5,027;5,172;5,007;33408151;5,095;5,158
20/09/2018;5,182;5,24;5,095;24080924;5,158;5,269
21/09/2018;5,167;5,339;5,15;30745320;5,269;5,099
24/09/2018;5,235;5,264;5,063;30284576;5,099;5,114
25/09/2018;4,959;5,138;4,949;27287577;5,114;5,206
26/09/2018;5,182;5,313;5,158;30627197;5,206;5,4
27/09/2018;5,298;5,444;5,274;46724162;5,4;5,322
28/09/2018;5,313;5,356;5,242;33731394;5,322;5,269
1/10/2018;5,313;5,32;5,216;23388675;5,269;5,565
2/10/2018;5,502;5,637;5,48;51687414;5,565;5,88
3/10/2018;6,074;6,074;5,822;133292047;5,88;5,885
4/10/2018;5,846;5,923;5,698;64951888;5,885;5,923
5/10/2018;5,967;6,006;5,865;37760995;5,923;6,423
8/10/2018;6,495;6,563;6,331;90993498;6,423;6,457
9/10/2018;6,428;6,556;6,35;43204368;6,457;6,175
10/10/2018;6,311;6,35;6,175;36690049;6,175;6,069
11/10/2018;6,229;6,246;6,02;41479929;6,069;6,229
12/10/2018;6,209;6,239;6,127;28661356;6,229;6,2
15/10/2018;6,19;6,297;6,18;21749993;6,2;6,447
16/10/2018;6,331;6,459;6,292;26225290;6,447;6,452
17/10/2018;6,423;6,578;6,398;29563466;6,452;6,248
18/10/2018;6,403;6,423;6,239;23365586;6,248;6,258
19/10/2018;6,316;6,348;6,222;31872957;6,258;6,389
22/10/2018;6,369;6,442;6,357;17890259;6,389;6,355
23/10/2018;6,258;6,384;6,214;26795911;6,355;6,132
24/10/2018;6,374;6,379;6,132;26694279;6,132;6,292
25/10/2018;6,219;6,403;6,163;42877003;6,292;6,423
26/10/2018;6,345;6,471;6,258;33266527;6,423;6,253
29/10/2018;6,651;6,68;6,188;55222463;6,253;6,505
30/10/2018;6,18;6,51;6,161;64930036;6,505;6,384
31/10/2018;6,486;6,495;6,235;54203055;6,384;6,554
1/11/2018;6,476;6,554;6,386;35980277;6,554;6,621
2/11/2018;6,612;6,706;6,558;28733509;6,621;6,525
5/11/2018;6,573;6,59;6,481;27189862;6,525;6,52
6/11/2018;6,481;6,544;6,408;38456543;6,52;6,597
7/11/2018;6,534;6,602;6,391;30483923;6,597;6,486
8/11/2018;6,578;6,641;6,432;29234245;6,486;6,573
9/11/2018;6,534;6,597;6,389;36816831;6,573;6,539
12/11/2018;6,554;6,588;6,471;17475693;6,539;6,428
13/11/2018;6,437;6,5;6,343;25608491;6,428;6,534
14/11/2018;6,534;6,544;6,394;38905124;6,534;6,723
15/11/2018;6,51;6,767;6,51;24011246;6,723;6,781
16/11/2018;6,694;6,835;6,641;25222785;6,781;6,781
19/11/2018;6,757;6,83;6,723;29187243;6,781;6,554
20/11/2018;6,597;6,675;6,549;27086375;6,554;6,588
21/11/2018;6,704;6,704;6,573;24729882;6,588;6,539
23/11/2018;6,515;6,563;6,476;7511670;6,539;6,287
26/11/2018;6,481;6,5;6,255;24206469;6,287;6,558
27/11/2018;6,394;6,597;6,386;23706763;6,558;6,762
28/11/2018;6,66;6,806;6,493;17964954;6,762;6,791
29/11/2018;6,835;6,849;6,744;20128835;6,791;6,784
30/11/2018;6,849;6,86;6,74;16022477;6,784;6,704
3/12/2018;6,864;6,878;6,667;19090667;6,704;6,646
4/12/2018;6,726;6,777;6,551;17195192;6,646;6,689
6/12/2018;6,406;6,726;6,384;23012589;6,689;6,595
7/12/2018;6,733;6,806;6,573;22246401;6,595;6,406
10/12/2018;6,449;6,515;6,369;18830506;6,406;6,442
11/12/2018;6,486;6,493;6,348;18960793;6,442;6,537
12/12/2018;6,58;6,667;6,526;23991661;6,537;6,667
13/12/2018;6,558;6,675;6,533;12049704;6,667;6,573
14/12/2018;6,588;6,638;6,515;11533919;6,573;6,406
17/12/2018;6,537;6,544;6,362;19354538;6,406;6,486
18/12/2018;6,464;6,566;6,435;21243553;6,486;6,413
19/12/2018;6,566;6,682;6,362;21611736;6,413;6,551
20/12/2018;6,551;6,624;6,486;41447839;6,551;6,369
21/12/2018;6,522;6,558;6,348;22089865;6,369;6,275
24/12/2018;6,318;6,391;6,253;8247623;6,275;6,282
26/12/2018;6,246;6,282;6,129;38138042;6,282;6,471
27/12/2018;6,246;6,471;6,202;28224045;6,471;6,573
28/12/2018;6,529;6,646;6,5;14141571;6,573;6,646
31/12/2018;6,631;6,682;6,588;10252769;6,646;7,06
2/01/2019;6,733;7,089;6,726;31149991;7,06;7,155
3/01/2019;7,075;7,235;7,017;22167102;7,155;7,249
4/01/2019;7,104;7,326;7,056;24167438;7,249;7,184
7/01/2019;7,278;7,296;7,126;29359790;7,184;7,315
8/01/2019;7,169;7,344;7,118;26600962;7,315;7,467
9/01/2019;7,402;7,504;7,387;25595228;7,467;7,424
10/01/2019;7,424;7,551;7,329;42067936;7,424;7,351
11/01/2019;7,307;7,366;7,249;23431760;7,351;7,402
14/01/2019;7,293;7,445;7,271;16225328;7,402;7,3
15/01/2019;7,293;7,336;7,169;30280591;7,3;7,227
16/01/2019;7,191;7,278;7,162;12598611;7,227;7,22
17/01/2019;7,089;7,249;7,089;14447359;7,22;7,271
18/01/2019;7,307;7,336;7,213;18570346;7,271;7,104
22/01/2019;7,169;7,227;7,038;15409526;7,104;7,227
23/01/2019;7,184;7,238;7,089;19174638;7,227;7,162
24/01/2019;7,198;7,271;7,147;35638138;7,162;7,278
25/01/2019;7,256;7,344;6,515;17145441;7,278;7,293
28/01/2019;7,162;7,373;7,147;19556152;7,293;7,395
29/01/2019;7,438;7,445;7,373;26752001;7,395;7,511
30/01/2019;7,409;7,555;7,278;21492032;7,511;7,736
31/01/2019;7,685;7,824;7,664;30750886;7,736;7,693
1/02/2019;7,627;7,715;7,576;19518220;7,693;7,838
4/02/2019;7,649;7,853;7,62;20320829;7,838;7,424
5/02/2019;7,584;7,605;7,395;87499404;7,424;7,133
6/02/2019;7,271;7,315;7,118;47397446;7,133;7,096
7/02/2019;7,198;7,206;7,013;39374801;7,096;7,227
8/02/2019;7,286;7,315;7,031;40239391;7,227;7,111
11/02/2019;7,198;7,206;7,02;22748031;7,111;7,336
12/02/2019;7,249;7,409;7,206;27483969;7,336;7,147
13/02/2019;7,242;7,271;7,082;20689836;7,147;7,322
14/02/2019;7,009;7,38;6,987;36781442;7,322;7,358
15/02/2019;7,329;7,373;7,227;25948843;7,358;7,351
19/02/2019;7,307;7,409;7,3;18135096;7,351;7,242
20/02/2019;7,336;7,449;7,235;22792147;7,242;7,293
21/02/2019;7,213;7,318;7,147;52522182;7,293;7,067
22/02/2019;7,06;7,118;7,038;17971963;7,067;6,995
25/02/2019;7,14;7,147;6,98;14132363;6,995;7,002
26/02/2019;6,995;7,029;6,955;13560779;7,002;6,995
27/02/2019;6,98;7,024;6,944;12717491;6,995;6,835
28/02/2019;6,929;6,937;6,784;23939987;6,835;6,747
1/03/2019;6,777;6,813;6,711;21712886;6,747;6,726
4/03/2019;6,747;6,864;6,646;14186099;6,726;6,74
5/03/2019;6,755;6,777;6,667;10252494;6,74;6,624
6/03/2019;6,733;6,762;6,551;28281354;6,624;6,653
7/03/2019;6,624;6,653;6,529;59512294;6,653;6,689
8/03/2019;6,617;6,726;6,609;16735067;6,689;6,987
11/03/2019;6,82;6,995;6,806;22305360;6,987;7,009
12/03/2019;6,987;7,038;6,958;17873149;7,009;7,118
13/03/2019;7,002;7,184;6,958;18888640;7,118;6,944
14/03/2019;7,06;7,075;6,864;23695219;6,944;6,966
15/03/2019;6,995;7,053;6,951;27882249;6,966;7,082
18/03/2019;6,987;7,096;6,98;17210859;7,082;6,937
19/03/2019;7,075;7,082;6,907;28669053;6,937;6,82
20/03/2019;6,878;6,958;6,762;26434531;6,82;6,638
21/03/2019;6,777;6,777;6,478;44689881;6,638;6,26
22/03/2019;6,34;6,398;6,22;57917522;6,26;6,311
25/03/2019;6,282;6,431;6,275;24790834;6,311;6,391
26/03/2019;6,391;6,413;6,289;22883952;6,391;6,064
27/03/2019;6,209;6,253;6,049;43229794;6,064;6,318
28/03/2019;6,071;6,391;6,053;45934336;6,318;6,406
29/03/2019;6,398;6,442;6,311;34041854;6,406;6,413
1/04/2019;6,5;6,522;6,391;31174729;6,413;6,377
2/04/2019;6,435;6,435;6,311;20024523;6,377;6,253
3/04/2019;6,428;6,471;6,239;45185739;6,253;6,406
4/04/2019;6,239;6,438;6,224;18712864;6,406;6,493
5/04/2019;6,377;6,529;6,362;17375504;6,493;6,493
8/04/2019;6,464;6,515;6,413;13111236;6,493;6,435
9/04/2019;6,449;6,449;6,34;14037809;6,435;6,471
10/04/2019;6,5;6,526;6,413;24092262;6,471;6,318
11/04/2019;6,398;6,428;6,26;22869797;6,318;6,173
12/04/2019;6,275;6,369;6,097;43642917;6,173;6,195
15/04/2019;6,26;6,268;6,137;19956631;6,195;6,151
16/04/2019;6,18;6,268;6,122;44312215;6,151;6,013
17/04/2019;6,173;6,188;5,911;31899001;6,013;6,1
18/04/2019;5,977;6,177;5,944;23881715;6,1;6,064
22/04/2019;6,071;6,144;6,006;14359264;6,064;6,166
23/04/2019;6,115;6,202;6,071;14152565;6,166;6,057
24/04/2019;6,1;6,104;5,988;20771059;6,057;6,18
25/04/2019;6,079;6,224;5,977;21145976;6,18;6,246
26/04/2019;6,18;6,289;6,159;12469287;6,246;6,202
29/04/2019;6,275;6,311;6,18;20207996;6,202;6,289
30/04/2019;6,253;6,315;6,151;30566314;6,289;6,202
1/05/2019;6,297;6,333;6,188;14765241;6,202;6,253
2/05/2019;6,195;6,297;6,173;15378054;6,253;6,246
3/05/2019;6,253;6,297;6,217;53395293;6,246;6,064
6/05/2019;6,108;6,137;6,057;20762126;6,064;5,991
7/05/2019;5,926;5,991;5,824;40099622;5,991;6,086
8/05/2019;6,129;6,188;6,086;19614561;6,086;5,984
9/05/2019;5,969;6,064;5,904;23657012;5,984;5,984
10/05/2019;6,042;6,064;5,875;16085559;5,984;5,817
13/05/2019;5,831;5,86;5,788;30003389;5,817;5,824
14/05/2019;5,875;5,882;5,791;17458376;5,824;5,766
15/05/2019;5,664;5,82;5,65;20103822;5,766;5,664
16/05/2019;5,7;5,759;5,628;20047612;5,664;5,577
17/05/2019;5,664;5,715;5,519;46235039;5,577;5,737
20/05/2019;5,591;5,759;5,57;50958882;5,737;5,984
21/05/2019;5,788;6,042;5,744;48273169;5,984;6,049
22/05/2019;6,057;6,108;5,969;36096064;6,049;6,042
23/05/2019;5,969;6,082;5,94;37326226;6,042;6,02
24/05/2019;6,071;6,071;5,969;24466080;6,02;6,115
28/05/2019;6,049;6,166;6,013;26548051;6,115;6,311
29/05/2019;6,209;6,373;6,188;33854121;6,311;6,391
30/05/2019;6,369;6,471;6,369;16115244;6,391;6,471
31/05/2019;6,42;6,566;6,413;24440242;6,471;6,515
3/06/2019;6,551;6,558;6,464;18820336;6,515;6,58
4/06/2019;6,551;6,602;6,515;23023447;6,58;6,435
5/06/2019;6,58;6,588;6,384;16327578;6,435;6,478
6/06/2019;6,493;6,544;6,435;11519351;6,478;6,58
7/06/2019;6,515;6,642;6,5;23387644;6,58;6,522
10/06/2019;6,486;6,529;6,384;25327234;6,522;6,573
11/06/2019;6,544;6,58;6,435;30673099;6,573;6,515
12/06/2019;6,558;6,66;6,493;24688309;6,515;6,435
13/06/2019;6,464;6,537;6,355;34745236;6,435;6,34
14/06/2019;6,348;6,366;6,249;29098530;6,34;6,34
17/06/2019;6,362;6,42;6,326;17293594;6,34;6,522
18/06/2019;6,435;6,551;6,428;18967252;6,522;6,646
19/06/2019;6,515;6,686;6,457;25939910;6,646;6,777
20/06/2019;6,74;6,827;6,729;19853557;6,777;6,813
21/06/2019;6,733;6,849;6,726;24186129;6,813;6,849
24/06/2019;6,827;6,929;6,784;20737525;6,849;6,726
25/06/2019;6,842;6,864;6,697;33065119;6,726;6,864
26/06/2019;6,813;6,882;6,737;21744084;6,864;6,835
27/06/2019;6,784;6,886;6,678;24027944;6,835;6,849
28/06/2019;6,886;6,915;6,835;23749092;6,849;6,835
1/07/2019;6,958;6,987;6,777;19814113;6,835;6,791
2/07/2019;6,784;6,882;6,682;20245653;6,791;6,827
3/07/2019;6,74;6,871;6,737;9090362;6,827;7,067
5/07/2019;6,98;7,104;6,94;31757720;7,067;7,082
8/07/2019;7,096;7,111;7,046;15864979;7,082;7,104
9/07/2019;7,002;7,158;6,958;21656539;7,104;7,155
10/07/2019;7,213;7,253;7,133;29558244;7,155;7,169
11/07/2019;7,118;7,176;7,075;17349529;7,169;7,089
12/07/2019;7,184;7,22;7,075;19812877;7,089;6,987
15/07/2019;7,089;7,118;6,973;14789842;6,987;6,995
16/07/2019;7,009;7,06;6,969;16588838;6,995;7,031
17/07/2019;7,038;7,111;6,998;14351843;7,031;7,227
18/07/2019;7,046;7,233;7,046;22011391;7,227;7,038
19/07/2019;7,184;7,213;7,024;24081130;7,038;7,162
22/07/2019;7,155;7,216;7,071;18191856;7,162;7,169
23/07/2019;7,126;7,206;7,053;23397539;7,169;7,155
24/07/2019;7,184;7,278;7,126;20625380;7,155;6,9
25/07/2019;7,082;7,089;6,878;23580462;6,9;7,053
26/07/2019;6,987;7,118;6,897;26415565;7,053;7,053
29/07/2019;7,082;7,086;6,966;22889312;7,053;6,806
30/07/2019;6,842;6,987;6,78;30622661;6,806;6,653
31/07/2019;6,82;6,831;6,588;37206659;6,653;6,609
1/08/2019;6,747;6,864;6,588;47863481;6,609;6,529
2/08/2019;6,573;6,606;6,452;39137454;6,529;6,348
5/08/2019;6,318;6,398;6,282;33697035;6,348;6,478
6/08/2019;6,457;6,497;6,362;23744832;6,478;6,704
7/08/2019;6,428;6,718;6,413;39299213;6,704;6,798
8/08/2019;6,798;6,893;6,773;25954890;6,798;6,74
9/08/2019;6,791;6,827;6,678;15965992;6,74;6,442
12/08/2019;6,478;6,508;6,362;26484144;6,442;6,544
13/08/2019;6,406;6,638;6,362;20181746;6,544;6,318
14/08/2019;6,369;6,438;6,3;21340168;6,318;6,369
15/08/2019;6,311;6,435;6,26;18058408;6,369;6,239
16/08/2019;6,311;6,333;6,188;19653729;6,239;6,1
19/08/2019;6,282;6,311;6,064;23682987;6,1;6,093
20/08/2019;6,093;6,217;6,035;22445266;6,093;6,173
21/08/2019;6,159;6,217;6,082;19581577;6,173;6,013
22/08/2019;6,1;6,18;5,991;20471180;6,013;5,853
23/08/2019;5,962;6,079;5,817;50487625;5,853;5,817
26/08/2019;5,875;5,882;5,726;33758605;5,817;5,86
27/08/2019;5,89;5,969;5,802;27298572;5,86;5,933
28/08/2019;5,846;5,977;5,835;19296953;5,933;5,991
29/08/2019;5,955;6,031;5,846;14816641;5,991;5,991
30/08/2019;6,042;6,042;5,933;26089575;5,991;5,759
3/09/2019;5,853;5,919;5,708;25607597;5,759;5,868
4/09/2019;5,853;5,868;5,795;21286570;5,868;6,02
5/09/2019;5,991;6,188;5,991;42074120;6,02;6,239
6/09/2019;6,151;6,302;6,151;32433202;6,239;6,384
9/09/2019;6,311;6,453;6,311;32426056;6,384;6,26
10/09/2019;6,304;6,384;6,213;28503446;6,26;6,289
11/09/2019;6,268;6,355;6,224;17115206;6,289;6,282
12/09/2019;6,377;6,377;6,282;19802981;6,282;6,348
13/09/2019;6,384;6,508;6,333;35168529;6,348;6,209
16/09/2019;6,231;6,3;6,188;25131118;6,209;6,282
17/09/2019;6,202;6,297;6,173;16578118;6,282;6,224
18/09/2019;6,282;6,311;6,148;14968779;6,224;6,042
19/09/2019;6,253;6,297;6,028;21247676;6,042;6,064
20/09/2019;6,064;6,122;6,013;26856862;6,064;5,999
23/09/2019;5,999;6,02;5,948;16346819;5,999;5,955
24/09/2019;6,028;6,028;5,926;13541401;5,955;6,049
25/09/2019;5,933;6,082;5,915;16776022;6,049;6,195
26/09/2019;6,079;6,228;6,064;21064753;6,195;6,195
27/09/2019;6,188;6,209;6,089;12202942;6,195;6,115
30/09/2019;6,209;6,224;6,097;10069434;6,115;5,984
1/10/2019;6,1;6,129;5,966;15802310;5,984;5,846
2/10/2019;5,911;5,911;5,77;22654852;5,846;5,839
3/10/2019;5,875;5,962;5,795;45869192;5,839;5,984
4/10/2019;5,868;5,984;5,828;67315322;5,984;5,81
7/10/2019;5,926;5,999;5,788;30858634;5,81;5,773
8/10/2019;5,81;5,904;5,766;27160589;5,773;5,868
9/10/2019;5,839;5,919;5,755;19442770;5,868;5,868
10/10/2019;5,81;5,919;5,802;29796552;5,868;6,006
11/10/2019;5,933;6,057;5,919;25648415;6,006;6,013
14/10/2019;5,984;6,064;5,969;12260664;6,013;5,999
15/10/2019;6,013;6,049;5,973;16473944;5,999;6,079
16/10/2019;5,882;6,082;5,86;20803768;6,079;6,006
17/10/2019;6,137;6,155;5,966;24452199;6,006;6,013
18/10/2019;5,962;6,057;5,948;13034823;6,013;6,079
21/10/2019;5,984;6,108;5,933;18192818;6,079;6,318
22/10/2019;6,129;6,377;6,129;37683139;6,318;6,508
23/10/2019;6,369;6,544;6,355;36010443;6,508;6,544
24/10/2019;6,573;6,653;6,508;26960212;6,544;6,609
25/10/2019;6,58;6,693;6,555;22808089;6,609;6,74
28/10/2019;6,704;6,813;6,697;24232719;6,74;6,631
29/10/2019;6,689;6,711;6,617;18175089;6,631;6,675
30/10/2019;6,522;6,704;6,446;30899314;6,675;6,566
31/10/2019;6,58;6,588;6,428;27967458;6,566;6,588
1/11/2019;6,631;6,711;6,511;25107067;6,588;6,558
4/11/2019;6,624;6,631;6,529;20203598;6,558;6,682
5/11/2019;6,718;6,755;6,66;56092963;6,682;6,515
6/11/2019;6,544;6,631;6,478;30295296;6,515;6,486
7/11/2019;6,5;6,511;6,442;20729279;6,486;6,311
8/11/2019;6,34;6,391;6,26;25477036;6,311;6,333
11/11/2019;6,355;6,402;6,315;65740753;6,333;6,209
12/11/2019;6,239;6,268;6,144;22158994;6,209;6,151
13/11/2019;6,122;6,166;6,079;23278522;6,151;6,137
14/11/2019;6,129;6,191;6,108;17503729;6,137;6,224
15/11/2019;6,18;6,231;6,18;10046070;6,224;6,115
18/11/2019;6,231;6,246;6,1;12080489;6,115;6,035
19/11/2019;6,042;6,064;5,977;20293205;6,035;6,02
20/11/2019;5,977;6,031;5,955;11860322;6,02;6,115
21/11/2019;6,049;6,126;6,013;25559358;6,115;6,166
22/11/2019;6,151;6,209;6,129;13504569;6,166;6,057
25/11/2019;6,1;6,14;5,999;27504034;6,057;5,897
26/11/2019;5,94;5,948;5,817;49051176;5,897;5,933
27/11/2019;5,897;5,955;5,817;38827955;5,933;5,919
29/11/2019;5,933;5,962;5,911;9448100;5,919;6,071
2/12/2019;6,035;6,108;5,999;32749710;6,071;6,079
3/12/2019;6,108;6,133;6,02;20449053;6,079;6,26
4/12/2019;6,173;6,318;6,166;39259769;6,26;6,311
5/12/2019;6,348;6,373;6,275;24484221;6,311;6,275
6/12/2019;6,333;6,355;6,224;44463254;6,275;6,398
9/12/2019;6,231;6,468;6,224;28522824;6,398;6,289
10/12/2019;6,384;6,384;6,246;19426278;6,289;6,246
11/12/2019;6,348;6,424;6,239;34842676;6,246;6,311
12/12/2019;6,275;6,344;6,253;24526688;6,311;6,398
13/12/2019;6,268;6,442;6,268;23169950;6,398;6,369
16/12/2019;6,449;6,529;6,369;22599466;6,369;6,398
17/12/2019;6,355;6,464;6,326;17726508;6,398;6,529
18/12/2019;6,42;6,562;6,413;20671557;6,529;6,537
19/12/2019;6,457;6,558;6,457;18809342;6,537;6,42
20/12/2019;6,493;6,508;6,42;19169965;6,42;6,508
23/12/2019;6,493;6,551;6,475;12443175;6,508;6,493
24/12/2019;6,544;6,544;6,493;3047849;6,493;6,653
26/12/2019;6,595;6,675;6,595;11756697;6,653;6,624
27/12/2019;6,697;6,697;6,595;12559718;6,624;6,653
30/12/2019;6,726;6,729;6,638;15106624;6,653;6,653
31/12/2019;6,602;6,667;6,602;5151947;6,653;6,82
2/01/2020;6,697;6,838;6,686;14889893;6,82;6,762
3/01/2020;6,74;6,824;6,707;21425239;6,762;6,617
6/01/2020;6,617;6,697;6,573;18242568;6,617;6,457
7/01/2020;6,508;6,529;6,446;24101745;6,457;6,362
8/01/2020;6,413;6,478;6,348;33060858;6,362;6,224
9/01/2020;6,18;6,253;6,115;49782045;6,224;6,144
10/01/2020;6,253;6,271;6,109;38071112;6,144;6,159
13/01/2020;6,115;6,209;6,115;48982322;6,159;6,151
14/01/2020;6,108;6,151;6,06;46384016;6,151;6,02
15/01/2020;6,049;6,057;5,969;42669342;6,02;6,02
16/01/2020;6,013;6,071;5,955;30109212;6,02;6,079
17/01/2020;6,086;6,119;6,042;29339450;6,079;5,788
21/01/2020;5,933;5,955;5,751;48977925;5,788;5,824
22/01/2020;5,846;5,868;5,795;24330571;5,824;5,969
23/01/2020;5,897;6,042;5,85;47088360;5,969;5,911
24/01/2020;5,969;5,991;5,86;15686316;5,911;5,766
27/01/2020;5,81;5,853;5,751;27819717;5,766;5,788
28/01/2020;5,788;5,802;5,715;20994250;5,788;5,664
29/01/2020;5,788;5,817;5,646;29246133;5,664;5,679
30/01/2020;5,599;5,679;5,54;65456679;5,679;5,533
31/01/2020;5,577;5,602;5,49;49465262;5,533;5,599
3/02/2020;5,599;5,68;5,599;23556686;5,599;5,635
4/02/2020;5,671;5,7;5,617;17452741;5,635;5,686
5/02/2020;5,759;5,78;5,686;36018689;5,686;5,65
6/02/2020;5,737;5,744;5,591;39995173;5,65;5,642
7/02/2020;5,606;5,715;5,599;51090818;5,642;5,737
10/02/2020;5,657;5,788;5,628;66891341;5,737;5,86
11/02/2020;5,904;5,948;5,799;66649871;5,86;5,78
12/02/2020;5,89;5,903;5,773;48930648;5,78;5,737
13/02/2020;5,759;5,788;5,69;25887411;5,737;5,708
14/02/2020;5,751;5,759;5,671;21206446;5,708;5,584
18/02/2020;5,584;5,599;5,482;29450496;5,584;5,635
19/02/2020;5,657;5,686;5,602;27858611;5,635;5,606
20/02/2020;5,62;5,646;5,562;21747520;5,606;5,54
21/02/2020;5,511;5,602;5,504;23922807;5,54;5,337
24/02/2020;5,373;5,373;5,228;23780839;5,337;5,126
25/02/2020;5,17;5,206;5,09;21590434;5,126;5,082
26/02/2020;5,162;5,228;5,039;41369777;5,082;5,053
27/02/2020;5,046;5,25;5,032;52768461;5,053;5,141
28/02/2020;4,995;5,181;4,966;66289385;5,141;5,184
2/03/2020;5,133;5,221;5,042;55175186;5,184;5,053
3/03/2020;5,068;5,184;4,973;56324400;5,053;5,061
4/03/2020;5,053;5,068;4,952;42992722;5,061;4,842
5/03/2020;4,872;4,893;4,733;58240352;4,842;4,653
6/03/2020;4,704;4,755;4,603;50445845;4,653;4,123
9/03/2020;4,29;4,341;4,083;59919370;4,123;4,472
10/03/2020;4,435;4,486;4,272;48757070;4,472;4,021
11/03/2020;4,355;4,374;3,835;90706951;4,021;3,468
12/03/2020;3,505;3,694;3,221;76922294;3,468;3,992
13/03/2020;4,21;4,21;3,586;102202663;3,992;3,439
16/03/2020;3,57;3,759;3,41;57482960;3,439;3,563
17/03/2020;3,526;3,872;3,363;53477615;3,563;3,221
18/03/2020;3,25;3,454;3,025;68497794;3,221;3,265
19/03/2020;3,134;3,381;2,981;68692399;3,265;3,185
20/03/2020;3,359;3,403;3,127;74680213;3,185;2,923
23/03/2020;3,039;3,068;2,785;52423230;2,923;3,243
24/03/2020;3,177;3,337;3,09;34215432;3,243;3,432
25/03/2020;3,214;3,654;3,148;91813698;3,432;3,563
26/03/2020;3,541;3,614;3,483;80662255;3,563;3,323
27/03/2020;3,308;3,461;3,217;58090825;3,323;3,41
30/03/2020;3,323;3,497;3,221;43915309;3,41;3,265
31/03/2020;3,366;3,381;3,181;41320713;3,265;2,967
1/04/2020;3,068;3,097;2,934;36791337;2,967;2,981
2/04/2020;2,959;3,047;2,937;32017880;2,981;2,836
3/04/2020;2,887;2,887;2,734;50916965;2,836;3,032
6/04/2020;3,09;3,145;2,999;47092208;3,032;3,185
7/04/2020;3,33;3,359;3,156;45412640;3,185;3,403
8/04/2020;3,221;3,439;3,188;40610048;3,403;3,374
9/04/2020;3,483;3,545;3,347;40536933;3,374;3,359
13/04/2020;3,294;3,374;3,207;34988492;3,359;3,41
14/04/2020;3,439;3,537;3,396;36524168;3,41;3,272
15/04/2020;3,265;3,396;3,214;29293685;3,272;3,134
16/04/2020;3,272;3,276;3,127;33831857;3,134;3,214
17/04/2020;3,265;3,272;3,119;24356133;3,214;3,09
20/04/2020;3,134;3,141;3,068;37179310;3,09;2,945
21/04/2020;3,032;3,054;2,93;45512279;2,945;2,996
22/04/2020;3,017;3,105;2,988;82083586;2,996;2,908
23/04/2020;3,01;3,01;2,879;61184302;2,908;2,661
24/04/2020;2,785;2,785;2,61;83348931;2,661;2,763
27/04/2020;2,821;2,865;2,723;52498268;2,763;3,09
28/04/2020;2,981;3,112;2,93;81741378;3,09;3,25
29/04/2020;3,134;3,265;3,112;53025598;3,25;3,061
30/04/2020;3,09;3,134;3,047;39061591;3,061;2,945
1/05/2020;2,981;3,039;2,916;23544730;2,945;2,93
4/05/2020;2,857;2,937;2,843;53457000;2,93;2,967
5/05/2020;2,887;3,09;2,879;46259227;2,967;2,843
6/05/2020;2,916;2,937;2,825;42232580;2,843;2,719
7/05/2020;2,763;2,778;2,632;75021597;2,719;2,894
8/05/2020;2,77;2,916;2,763;46890869;2,894;2,821
11/05/2020;2,857;2,916;2,807;65070080;2,821;2,698
12/05/2020;2,814;2,887;2,69;66293371;2,698;2,683
13/05/2020;2,719;2,734;2,61;43966296;2,683;2,821
14/05/2020;2,603;2,828;2,53;78493976;2,821;2,727
15/05/2020;2,814;2,879;2,698;41920608;2,727;2,894
18/05/2020;2,85;2,923;2,77;44819892;2,894;2,741
19/05/2020;2,865;2,865;2,719;56475027;2,741;2,77
20/05/2020;2,785;2,807;2,712;61482532;2,77;2,959
21/05/2020;2,887;2,974;2,872;73019337;2,959;2,967
22/05/2020;2,967;3,054;2,879;43967121;2,967;3,068
26/05/2020;3,25;3,257;3,054;72569931;3,068;3,265
27/05/2020;3,243;3,272;3,163;48394659;3,265;3,148
28/05/2020;3,25;3,257;3,141;34767088;3,148;3,09
29/05/2020;3,076;3,163;3,039;51581591;3,09;3,192
1/06/2020;3,148;3,228;3,127;49150403;3,192;3,512
2/06/2020;3,316;3,526;3,316;74478049;3,512;3,701
3/06/2020;3,795;3,817;3,686;63162649;3,701;3,817
4/06/2020;3,686;3,832;3,617;73603976;3,817;4,021
5/06/2020;4,159;4,21;3,963;54132346;4,021;4,254
8/06/2020;4,079;4,275;4,046;41494153;4,254;4,115
9/06/2020;4,057;4,21;4,05;36084657;4,115;3,897
10/06/2020;4,174;4,181;3,897;51398530;3,897;3,592
11/06/2020;3,672;3,759;3,516;55454862;3,592;3,745
12/06/2020;3,774;3,839;3,657;52002410;3,745;3,635
15/06/2020;3,57;3,715;3,497;51936030;3,635;3,65
16/06/2020;3,759;3,785;3,599;45109463;3,65;3,679
17/06/2020;3,686;3,748;3,625;26882837;3,679;3,701
18/06/2020;3,635;3,81;3,628;49790840;3,701;3,832
19/06/2020;3,81;3,854;3,723;54489259;3,832;3,745
22/06/2020;3,883;3,901;3,701;26603848;3,745;3,803
23/06/2020;3,788;3,89;3,737;42695729;3,803;3,519
24/06/2020;3,708;3,708;3,497;72733064;3,519;3,556
25/06/2020;3,585;3,599;3,439;68854020;3,556;3,41
26/06/2020;3,454;3,475;3,396;28203705;3,41;3,534
29/06/2020;3,49;3,548;3,421;24891297;3,534;3,41
30/06/2020;3,468;3,484;3,392;34456764;3,41;3,563
1/07/2020;3,425;3,574;3,425;26101256;3,563;3,585
2/07/2020;3,635;3,752;3,577;35408075;3,585;3,745
6/07/2020;3,723;3,803;3,708;30719002;3,745;3,534
7/07/2020;3,752;3,795;3,534;71998073;3,534;3,65
8/07/2020;3,606;3,679;3,592;28705610;3,65;3,672
9/07/2020;3,686;3,714;3,61;31725698;3,672;3,701
10/07/2020;3,614;3,723;3,592;26338191;3,701;3,621
13/07/2020;3,715;3,723;3,621;18799584;3,621;3,715
14/07/2020;3,577;3,723;3,519;28702449;3,715;3,694
15/07/2020;3,759;3,795;3,65;20206072;3,694;3,65
16/07/2020;3,665;3,708;3,643;23714459;3,65;3,65
17/07/2020;3,686;3,708;3,643;18207798;3,65;3,701
20/07/2020;3,635;3,737;3,625;24780251;3,701;3,861
21/07/2020;3,832;3,926;3,803;36508638;3,861;3,868
22/07/2020;3,868;3,89;3,792;24576163;3,868;3,694
23/07/2020;3,788;3,814;3,686;22504775;3,694;3,701
24/07/2020;3,672;3,755;3,606;20947110;3,701;3,897
27/07/2020;3,701;3,919;3,697;36353064;3,897;3,883
28/07/2020;3,861;3,963;3,861;22203247;3,883;3,963
29/07/2020;3,955;3,999;3,926;24942560;3,963;3,912
30/07/2020;3,919;3,948;3,817;19429439;3,912;3,708
31/07/2020;3,839;3,839;3,701;23005855;3,708;3,643
3/08/2020;3,665;3,766;3,599;39185418;3,643;3,541
4/08/2020;3,577;3,628;3,439;48357278;3,541;3,512
5/08/2020;3,57;3,606;3,454;45371685;3,512;3,519
6/08/2020;3,49;3,563;3,45;30594350;3,519;3,41
7/08/2020;3,446;3,541;3,388;47795727;3,41;3,446
10/08/2020;3,446;3,486;3,396;27960724;3,446;3,425
11/08/2020;3,483;3,497;3,425;31946415;3,425;3,352
12/08/2020;3,454;3,454;3,301;35402303;3,352;3,316
13/08/2020;3,396;3,461;3,301;34580729;3,316;3,301
14/08/2020;3,301;3,374;3,286;32662166;3,301;3,17
17/08/2020;3,294;3,301;3,141;38256922;3,17;3,199
18/08/2020;3,25;3,276;3,164;61403233;3,199;3,163
19/08/2020;3,192;3,214;3,156;30835270;3,163;3,134
20/08/2020;3,054;3,156;3,003;40351399;3,134;3,097
21/08/2020;3,119;3,119;3,068;34345993;3,097;3,163
24/08/2020;3,17;3,214;3,141;41208018;3,163;3,17
25/08/2020;3,177;3,192;3,105;55420779;3,17;3,068
26/08/2020;3,17;3,17;3,017;33279102;3,068;3,127
27/08/2020;3,119;3,177;3,09;37589822;3,127;3,257
28/08/2020;3,192;3,268;3,177;167273431;3,257;3,097
31/08/2020;3,199;3,199;3,097;58052482;3,097;3,25
1/09/2020;3,192;3,272;3,177;90094000;3,25;3,257
2/09/2020;3,236;3,279;3,21;31960433;3,257;3,388
3/09/2020;3,337;3,468;3,337;82754396;3,388;3,381
4/09/2020;3,417;3,454;3,337;56766659;3,381;3,272
8/09/2020;3,316;3,336;3,272;34067692;3,272;3,323
9/09/2020;3,337;3,352;3,286;29478670;3,323;3,243
10/09/2020;3,337;3,377;3,243;30736731;3,243;3,207
11/09/2020;3,236;3,261;3,17;16829758;3,207;3,286
14/09/2020;3,199;3,316;3,167;33441822;3,286;3,257
15/09/2020;3,301;3,33;3,221;29915569;3,257;3,25
16/09/2020;3,257;3,323;3,228;27635145;3,25;3,279
17/09/2020;3,199;3,283;3,193;25494902;3,279;3,083
18/09/2020;3,199;3,214;3,054;61377808;3,083;3,032
21/09/2020;3,01;3,083;2,97;34922662;3,032;3,068
22/09/2020;3,097;3,119;3,003;30670213;3,068;2,901
23/09/2020;3,003;3,039;2,894;28936085;2,901;2,996
24/09/2020;2,93;3,061;2,901;44761346;2,996;2,974
25/09/2020;2,952;2,981;2,919;33172454;2,974;2,916
28/09/2020;3,09;3,112;2,879;33890266;2,916;2,828
29/09/2020;2,887;2,945;2,828;30120069;2,828;2,894
30/09/2020;2,857;2,916;2,85;23814373;2,894;2,872
1/10/2020;2,872;2,879;2,825;17258686;2,872;2,894
2/10/2020;2,865;2,996;2,857;40435370;2,894;2,974
5/10/2020;2,872;2,988;2,857;21750818;2,974;2,959
6/10/2020;3,003;3,076;2,916;43050306;2,959;2,901
7/10/2020;2,967;2,981;2,894;31948751;2,901;3,105
8/10/2020;2,93;3,134;2,908;50058147;3,105;3,134
9/10/2020;3,09;3,221;3,065;56202772;3,134;3,156
12/10/2020;3,127;3,177;3,097;17842639;3,156;3,09
13/10/2020;3,097;3,134;3,047;42743831;3,09;3,076
14/10/2020;3,09;3,119;3,05;23077458;3,076;3,032
15/10/2020;3,01;3,065;2,996;27995494;3,032;2,967
16/10/2020;2,996;3,01;2,959;30354805;2,967;2,996
19/10/2020;2,996;3,112;2,959;39378374;2,996;3,134
20/10/2020;3,09;3,177;3,087;39807439;3,134;3,156
21/10/2020;3,105;3,236;3,105;60365477;3,156;3,33
22/10/2020;3,185;3,345;3,185;47978925;3,33;3,265
23/10/2020;3,381;3,41;3,265;38860527;3,265;3,286
26/10/2020;3,272;3,33;3,224;41075121;3,286;3,177
27/10/2020;3,272;3,298;3,148;53295929;3,177;2,952
28/10/2020;3,032;3,072;2,945;42181181;2,952;3,01
29/10/2020;2,93;3,025;2,879;57743120;3,01;2,974
30/10/2020;2,974;2,996;2,908;52081572;2,974;2,981
2/11/2020;2,974;3,017;2,952;15811380;2,981;3,032
3/11/2020;3,068;3,097;2,997;48490175;3,032;3,177
4/11/2020;3,141;3,25;3,141;70273702;3,177;3,366
5/11/2020;3,345;3,381;3,294;66515600;3,366;3,446
6/11/2020;3,366;3,465;3,316;49533291;3,446;3,73
9/11/2020;3,774;3,81;3,625;98315649;3,73;3,919
10/11/2020;3,788;3,926;3,752;92661109;3,919;3,854
11/11/2020;3,817;3,905;3,795;67414823;3,854;3,708
12/11/2020;3,781;3,825;3,652;60598014;3,708;3,788
13/11/2020;3,715;3,803;3,701;47406654;3,788;3,934
16/11/2020;3,926;3,967;3,875;65799849;3,934;4,014
17/11/2020;3,89;4,028;3,883;62387802;4,014;3,919
18/11/2020;3,97;4,017;3,89;64832734;3,919;3,926
19/11/2020;3,941;4,006;3,897;63157289;3,926;3,846
20/11/2020;3,89;3,919;3,817;35283561;3,846;3,89
23/11/2020;3,897;3,908;3,839;59170361;3,89;4,05
24/11/2020;4,006;4,086;3,985;61559219;4,05;4,035
25/11/2020;3,955;4,072;3,948;89690635;4,035;3,999
27/11/2020;3,992;4,072;3,985;49508553;3,999;3,89
30/11/2020;3,941;4,014;3,861;64559655;3,89;4,166
1/12/2020;4,021;4,232;4,014;79776363;4,166;4,195
2/12/2020;4,108;4,217;4,086;51043679;4,195;4,254
3/12/2020;4,268;4,392;4,224;64790404;4,254;4,319
4/12/2020;4,232;4,341;4,224;52644909;4,319;4,363
7/12/2020;4,413;4,472;4,304;63433254;4,363;4,326
8/12/2020;4,399;4,464;4,312;47023904;4,326;4,341
9/12/2020;4,37;4,403;4,283;52738638;4,341;4,581
10/12/2020;4,428;4,603;4,392;68842476;4,581;4,537
11/12/2020;4,486;4,544;4,464;54234596;4,537;4,399
14/12/2020;4,523;4,552;4,399;48807233;4,399;4,493
15/12/2020;4,428;4,501;4,406;41767782;4,493;4,566
16/12/2020;4,472;4,588;4,406;51528129;4,566;4,573
17/12/2020;4,595;4,628;4,518;41535933;4,573;4,552
18/12/2020;4,552;4,599;4,526;60718405;4,552;4,421
21/12/2020;4,45;4,486;4,392;61344274;4,421;4,406
22/12/2020;4,443;4,486;4,377;51789115;4,406;4,479
23/12/2020;4,443;4,493;4,428;45613567;4,479;4,501
24/12/2020;4,486;4,505;4,428;11750925;4,501;4,457
28/12/2020;4,486;4,486;4,406;35874110;4,457;4,479
29/12/2020;4,501;4,523;4,457;49343221;4,479;4,457
30/12/2020;4,464;4,53;4,439;40697043;4,457;4,428
31/12/2020;4,472;4,472;4,41;11290937;4,428;4,283
4/01/2021;4,443;4,456;4,261;44521251;4,283;4,254
5/01/2021;4,166;4,29;4,144;50452854;4,254;4,363
6/01/2021;4,283;4,435;4,261;63433667;4,363;4,443
7/01/2021;4,443;4,463;4,352;51802446;4,443;4,413
8/01/2021;4,472;4,493;4,377;60024231;4,413;4,29
11/01/2021;4,275;4,319;4,21;59967472;4,29;4,384
12/01/2021;4,275;4,428;4,254;48492786;4,384;4,334
13/01/2021;4,413;4,417;4,283;52597357;4,334;4,581
14/01/2021;4,392;4,617;4,377;65299868;4,581;4,334
15/01/2021;4,41;4,435;4,312;43816907;4,334;4,217
19/01/2021;4,304;4,326;4,174;51372693;4,217;4,166
20/01/2021;4,203;4,217;4,137;28931412;4,166;4,057
21/01/2021;4,115;4,13;4,024;38195489;4,057;3,926
22/01/2021;3,963;3,974;3,868;48643825;3,926;3,81
25/01/2021;3,89;3,89;3,788;39174149;3,81;3,846
26/01/2021;3,999;4,006;3,835;49567787;3,846;3,825
27/01/2021;3,839;3,915;3,759;50847837;3,825;3,934
28/01/2021;3,89;3,977;3,854;62191273;3,934;3,795
29/01/2021;3,861;3,879;3,752;66585965;3,795;3,89
1/02/2021;3,912;3,93;3,819;58523327;3,89;3,868
2/02/2021;3,934;3,963;3,825;63157564;3,868;3,832
3/02/2021;3,905;3,941;3,817;44646177;3,832;3,803
4/02/2021;3,81;3,817;3,763;48183288;3,803;3,803
5/02/2021;3,817;3,846;3,759;56448777;3,803;3,73
8/02/2021;3,774;3,839;3,715;60470476;3,73;3,759
9/02/2021;3,679;3,839;3,659;49179264;3,759;3,752
10/02/2021;3,752;3,774;3,686;36334373;3,752;3,759
11/02/2021;3,803;3,817;3,708;29130415;3,759;3,759
12/02/2021;3,723;3,817;3,715;35962342;3,759;3,766
16/02/2021;3,781;3,81;3,723;20298702;3,766;3,803
17/02/2021;3,766;3,81;3,723;43289989;3,803;3,745
18/02/2021;3,788;3,832;3,723;48263548;3,745;3,73
19/02/2021;3,766;3,828;3,679;58694980;3,73;3,381
22/02/2021;3,49;3,505;3,381;143717294;3,381;3,635
23/02/2021;3,534;3,643;3,476;106206221;3,635;3,599
24/02/2021;3,563;3,606;3,541;53182684;3,599;3,417
25/02/2021;3,57;3,585;3,403;66190983;3,417;3,294
26/02/2021;3,461;3,483;3,294;68001112;3,294;3,221
1/03/2021;3,308;3,359;3,21;60815020;3,221;3,308
2/03/2021;3,192;3,388;3,151;101140719;3,308;3,301
3/03/2021;3,228;3,374;3,134;132924689;3,301;3,396
4/03/2021;3,49;3,53;3,366;109160204;3,396;3,519
5/03/2021;3,541;3,541;3,421;91580887;3,519;3,345
8/03/2021;3,505;3,548;3,323;101520446;3,345;3,417
9/03/2021;3,352;3,454;3,297;81078402;3,417;3,476
10/03/2021;3,468;3,519;3,374;104971799;3,476;3,577
11/03/2021;3,566;3,592;3,483;71650230;3,577;3,534
12/03/2021;3,548;3,585;3,519;49886356;3,534;3,526
15/03/2021;3,512;3,563;3,476;53841950;3,526;3,461
16/03/2021;3,541;3,548;3,446;41730401;3,461;3,606
17/03/2021;3,454;3,635;3,439;66828534;3,606;3,643
18/03/2021;3,694;3,745;3,628;62765056;3,643;3,686
19/03/2021;3,679;3,75;3,621;61952278;3,686;3,701
22/03/2021;3,621;3,723;3,585;60374823;3,701;3,621
23/03/2021;3,672;3,77;3,621;71369455;3,621;3,505
24/03/2021;3,606;3,641;3,49;73274000;3,505;3,526
25/03/2021;3,461;3,534;3,446;66028675;3,526;3,541
26/03/2021;3,534;3,57;3,476;39218952;3,541;3,505
29/03/2021;3,497;3,541;3,446;47117083;3,505;3,577
30/03/2021;3,519;3,606;3,505;39267053;3,577;3,606
31/03/2021;3,57;3,635;3,534;58178370;3,606;3,468
1/04/2021;3,563;3,582;3,439;53226663;3,468;3,512
5/04/2021;3,497;3,548;3,465;47561816;3,512;3,505
6/04/2021;3,519;3,556;3,483;39765110;3,505;3,476
7/04/2021;3,526;3,556;3,439;48670350;3,476;3,446
8/04/2021;3,468;3,519;3,446;49532466;3,446;3,425
9/04/2021;3,417;3,461;3,396;32916142;3,425;3,432
12/04/2021;3,432;3,465;3,403;27528909;3,432;3,468
13/04/2021;3,396;3,505;3,388;34213920;3,468;3,541
14/04/2021;3,425;3,585;3,425;49662203;3,541;3,548
15/04/2021;3,592;3,61;3,519;44502147;3,548;3,606
16/04/2021;3,519;3,635;3,512;43078068;3,606;3,606
19/04/2021;3,57;3,635;3,556;43588356;3,606;3,563
20/04/2021;3,621;3,621;3,548;49095705;3,563;3,534
21/04/2021;3,541;3,559;3,505;15128614;3,534;3,628
22/04/2021;3,621;3,648;3,574;48335838;3,628;3,606
23/04/2021;3,65;3,69;3,592;36361310;3,606;3,643
26/04/2021;3,65;3,679;3,621;40588333;3,643;3,585
27/04/2021;3,643;3,686;3,577;40147036;3,585;3,788
28/04/2021;3,657;3,817;3,643;58595067;3,788;3,679
29/04/2021;3,766;3,788;3,657;49017093;3,679;3,635
30/04/2021;3,665;3,694;3,621;46474035;3,635;3,686
3/05/2021;3,701;3,774;3,679;75485570;3,686;3,563
4/05/2021;3,628;3,639;3,519;65937144;3,563;3,694
5/05/2021;3,585;3,715;3,563;46333303;3,694;3,73
6/05/2021;3,708;3,752;3,694;56853792;3,73;3,825
7/05/2021;3,759;3,832;3,745;28459605;3,825;3,875
10/05/2021;3,825;3,897;3,817;42007053;3,875;3,868
11/05/2021;3,81;3,89;3,803;35676207;3,868;3,737
12/05/2021;3,803;3,832;3,73;32537926;3,737;3,854
13/05/2021;3,759;3,897;3,752;56375800;3,854;3,977
14/05/2021;3,963;3,999;3,878;56671693;3,977;3,97
17/05/2021;3,89;3,988;3,868;47518662;3,97;3,97
18/05/2021;3,985;4,024;3,955;29312651;3,97;3,955
19/05/2021;3,905;4,006;3,89;48949476;3,955;4,014
20/05/2021;3,992;4,057;3,97;61528984;4,014;3,97
21/05/2021;3,992;3,999;3,915;62904413;3,97;3,977
24/05/2021;3,977;3,999;3,955;24620554;3,977;3,905
25/05/2021;3,977;3,985;3,897;29109113;3,905;4,014
26/05/2021;3,941;4,021;3,93;24756750;4,014;4,043
27/05/2021;4,021;4,057;3,948;37855480;4,043;4,144
28/05/2021;4,028;4,152;4,021;40150335;4,144;4,268
1/06/2021;4,224;4,283;4,203;48814929;4,268;4,464
2/06/2021;4,29;4,53;4,283;71170589;4,464;4,457
3/06/2021;4,457;4,544;4,428;39681001;4,457;4,61
4/06/2021;4,493;4,646;4,486;59005441;4,61;4,726
7/06/2021;4,603;4,77;4,538;106990001;4,726;4,748
8/06/2021;4,661;4,775;4,61;107120562;4,748;4,748
9/06/2021;4,726;4,886;4,69;85628256;4,748;4,719
10/06/2021;4,813;4,842;4,683;71465245;4,719;4,632
11/06/2021;4,704;4,704;4,566;53359011;4,632;4,632
14/06/2021;4,675;4,723;4,606;46595113;4,632;4,69
15/06/2021;4,668;4,69;4,584;40248737;4,69;4,755
16/06/2021;4,668;4,868;4,661;102789364;4,755;4,741
17/06/2021;4,886;4,915;4,726;71498504;4,741;4,617
18/06/2021;4,726;4,759;4,57;51650445;4,617;4,668
21/06/2021;4,683;4,697;4,603;35252226;4,668;4,668
22/06/2021;4,632;4,695;4,581;53958905;4,668;4,617
23/06/2021;4,69;4,773;4,61;48008885;4,617;4,704
24/06/2021;4,668;4,726;4,617;51749534;4,704;4,515
25/06/2021;4,668;4,69;4,457;70258585;4,515;4,479
28/06/2021;4,493;4,512;4,384;49642000;4,479;4,413
29/06/2021;4,443;4,45;4,348;40039839;4,413;4,37
30/06/2021;4,319;4,388;4,294;39479937;4,37;4,254
1/07/2021;4,363;4,363;4,203;41912087;4,254;4,304
2/07/2021;4,319;4,319;4,217;41623478;4,304;4,05
6/07/2021;4,174;4,184;4,043;46914644;4,05;4,072
7/07/2021;4,057;4,137;3,992;60042647;4,072;4,043
8/07/2021;3,999;4,079;3,948;65247781;4,043;4,035
9/07/2021;4,086;4,101;4,028;35128124;4,035;4,137
12/07/2021;4,043;4,174;4,035;53440233;4,137;4,152
13/07/2021;4,101;4,188;4,064;67041693;4,152;4,232
14/07/2021;4,341;4,348;4,217;84000225;4,232;4,166
15/07/2021;4,224;4,264;4,126;55034180;4,166;4,101
16/07/2021;4,195;4,217;4,094;45565328;4,101;3,963
19/07/2021;4,035;4,054;3,937;54998997;3,963;4,035
20/07/2021;3,926;4,072;3,905;58416816;4,035;4,101
21/07/2021;4,035;4,108;4,017;29670939;4,101;4,035
22/07/2021;4,086;4,086;4,006;31986545;4,035;4,014
23/07/2021;4,064;4,101;3,977;33517136;4,014;4,137
26/07/2021;4,05;4,152;4,043;33743350;4,137;4,174
27/07/2021;4,115;4,199;4,086;50687590;4,174;4,348
28/07/2021;4,246;4,395;4,246;69711464;4,348;4,384
29/07/2021;4,377;4,413;4,312;38883066;4,384;4,195
30/07/2021;4,341;4,41;4,166;52721597;4,195;4,275
2/08/2021;4,377;4,428;4,261;70786739;4,275;4,29
3/08/2021;4,246;4,326;4,13;58336968;4,29;4,159
4/08/2021;4,232;4,279;4,108;56069325;4,159;4,174
5/08/2021;4,246;4,319;4,108;82447508;4,174;4,246
6/08/2021;4,181;4,29;4,144;50495734;4,246;4,283
9/08/2021;4,29;4,348;4,246;40267565;4,283;4,268
10/08/2021;4,232;4,326;4,217;42675664;4,268;4,319
11/08/2021;4,232;4,334;4,188;35568597;4,319;4,203
12/08/2021;4,268;4,304;4,195;38319591;4,203;4,246
13/08/2021;4,217;4,254;4,137;42710572;4,246;4,137
16/08/2021;4,254;4,275;4,13;41380496;4,137;4,144
17/08/2021;4,094;4,199;4,057;53350077;4,144;4,064
18/08/2021;4,115;4,214;4,064;54381786;4,064;3,985
19/08/2021;4,072;4,094;3,945;64378243;3,985;4,006
20/08/2021;3,897;4,006;3,883;43397462;4,006;4,057
23/08/2021;4,028;4,064;3,992;33533628;4,057;4,246
24/08/2021;4,101;4,268;4,094;36454901;4,246;4,304
25/08/2021;4,224;4,304;4,188;27974742;4,304;4,166
26/08/2021;4,232;4,261;4,148;39170850;4,166;4,29
27/08/2021;4,166;4,297;4,144;34867414;4,29;4,246
30/08/2021;4,254;4,29;4,21;26478097;4,246;4,312
31/08/2021;4,304;4,406;4,275;53178286;4,312;4,319
1/09/2021;4,37;4,428;4,312;36935916;4,319;4,181
2/09/2021;4,254;4,297;4,144;52395469;4,181;4,123
3/09/2021;4,188;4,203;4,086;38122375;4,123;4,174
7/09/2021;4,123;4,239;4,108;22066914;4,174;3,89
8/09/2021;4,086;4,123;3,883;59753763;3,89;3,955
9/09/2021;3,905;4,057;3,854;97190898;3,955;3,934
10/09/2021;4,021;4,046;3,919;47504644;3,934;4,028
13/09/2021;4,028;4,079;3,985;49976787;4,028;3,992
14/09/2021;4,035;4,057;3,963;40438256;3,992;3,941
15/09/2021;3,955;3,988;3,919;35412198;3,941;3,905
16/09/2021;3,912;3,93;3,846;30240460;3,905;3,81
17/09/2021;3,854;3,861;3,795;37952920;3,81;3,672
20/09/2021;3,745;3,752;3,621;57984452;3,672;3,708
21/09/2021;3,694;3,759;3,674;43686071;3,708;3,766
22/09/2021;3,774;3,832;3,745;41254058;3,766;3,919
23/09/2021;3,817;3,948;3,814;40350712;3,919;3,839
24/09/2021;3,835;3,879;3,817;33034609;3,839;3,926
27/09/2021;3,817;3,934;3,788;52281399;3,926;3,759
28/09/2021;3,941;3,97;3,759;54949247;3,759;3,846
29/09/2021;3,825;3,861;3,766;42858312;3,846;3,832
30/09/2021;3,868;3,897;3,792;36704754;3,832;4,006
1/10/2021;3,89;4,021;3,875;40637122;4,006;3,928
4/10/2021;3,936;4,007;3,831;50199718;3,928;3,998
5/10/2021;3,936;4,069;3,893;44080385;3,998;4,025
6/10/2021;3,945;4,034;3,848;48274977;4,025;3,91
7/10/2021;3,998;4,016;3,883;37692304;3,91;3,919
8/10/2021;3,981;4,025;3,91;28584004;3,919;3,831
11/10/2021;3,919;3,945;3,822;25930744;3,831;3,813
12/10/2021;3,875;3,875;3,804;12562704;3,813;3,857
13/10/2021;3,839;3,875;3,751;26458043;3,857;3,813
14/10/2021;3,857;3,875;3,786;22709172;3,813;3,981
15/10/2021;3,839;3,998;3,831;33487854;3,981;3,954
18/10/2021;3,901;3,985;3,848;35190527;3,954;3,778
19/10/2021;3,875;3,901;3,769;47517227;3,778;3,928
20/10/2021;3,835;3,967;3,817;36725515;3,928;3,795
21/10/2021;3,875;3,906;3,716;66707754;3,795;3,645
22/10/2021;3,667;3,685;3,504;102154679;3,645;3,786
25/10/2021;3,747;3,813;3,716;46827570;3,786;3,716
26/10/2021;3,698;3,76;3,68;36514551;3,716;3,733
27/10/2021;3,786;3,857;3,725;47245194;3,733;3,716
28/10/2021;3,707;3,742;3,628;48244046;3,716;3,592
29/10/2021;3,725;3,751;3,575;52414733;3,592;3,733
1/11/2021;3,645;3,751;3,645;34504382;3,733;3,68
2/11/2021;3,689;3,716;3,645;20568142;3,68;3,795
3/11/2021;3,707;3,883;3,689;68087295;3,795;3,583
4/11/2021;3,795;3,795;3,566;63863018;3,583;3,619
5/11/2021;3,645;3,68;3,557;79485502;3,619;3,575
8/11/2021;3,592;3,654;3,566;25519012;3,575;3,575
9/11/2021;3,65;3,658;3,557;37774673;3,575;3,672
10/11/2021;3,628;3,751;3,628;64712541;3,672;3,733
11/11/2021;3,707;3,773;3,68;37362261;3,733;3,698
12/11/2021;3,733;3,733;3,663;37790082;3,698;3,698
15/11/2021;3,707;3,725;3,68;15270574;3,698;3,61
16/11/2021;3,654;3,663;3,583;32858813;3,61;3,619
17/11/2021;3,619;3,66;3,592;43060232;3,619;3,513
18/11/2021;3,575;3,583;3,482;53151863;3,513;3,469
19/11/2021;3,513;3,548;3,442;39816679;3,469;3,442
22/11/2021;3,477;3,53;3,416;37422084;3,442;3,46
23/11/2021;3,433;3,504;3,38;74059338;3,46;3,592
24/11/2021;3,504;3,61;3,469;64338765;3,592;3,557
26/11/2021;3,548;3,566;3,513;26866149;3,557;3,539
29/11/2021;3,583;3,592;3,504;47187864;3,539;3,46
30/11/2021;3,526;3,539;3,407;69627042;3,46;3,389
1/12/2021;3,539;3,548;3,389;47343765;3,389;3,583
2/12/2021;3,504;3,583;3,486;76428101;3,583;3,513
3/12/2021;3,645;3,645;3,495;64454444;3,513;3,566
6/12/2021;3,548;3,654;3,53;59250575;3,566;3,566
7/12/2021;3,566;3,592;3,522;48745965;3,566;3,557
8/12/2021;3,566;3,619;3,53;105598433;3,557;3,425
9/12/2021;3,517;3,53;3,425;37573906;3,425;3,425
10/12/2021;3,433;3,46;3,398;29551586;3,425;3,301
13/12/2021;3,451;3,46;3,292;41027743;3,301;3,31
14/12/2021;3,363;3,422;3,31;74810177;3,31;3,31
15/12/2021;3,31;3,345;3,257;83874517;3,31;3,38
16/12/2021;3,319;3,398;3,297;77116739;3,38;3,266
17/12/2021;3,327;3,336;3,257;68400003;3,266;3,186
20/12/2021;3,239;3,248;3,177;43052301;3,186;3,195
21/12/2021;3,204;3,239;3,186;37550792;3,195;3,283
22/12/2021;3,177;3,283;3,177;36132050;3,283;3,301
23/12/2021;3,257;3,31;3,248;26463708;3,301;3,345
27/12/2021;3,301;3,354;3,274;18362758;3,345;3,327
28/12/2021;3,31;3,363;3,31;29571413;3,327;3,283
29/12/2021;3,31;3,336;3,266;22865753;3,283;3,301
30/12/2021;3,283;3,325;3,274;30299592;3,301;3,31
31/12/2021;3,319;3,336;3,292;14770808;3,31;3,336
3/01/2022;3,301;3,363;3,279;38177341;3,336;3,372
4/01/2022;3,363;3,442;3,336;48076476;3,372;3,301
5/01/2022;3,389;3,429;3,283;42291378;3,301;3,398
6/01/2022;3,354;3,425;3,339;32095397;3,398;3,513
7/01/2022;3,389;3,513;3,389;41405032;3,513;3,522
10/01/2022;3,504;3,53;3,451;48111146;3,522;3,636
11/01/2022;3,522;3,645;3,522;45664319;3,636;3,663
12/01/2022;3,636;3,68;3,61;48911950;3,663;3,733
13/01/2022;3,68;3,804;3,68;58367175;3,733;3,751
14/01/2022;3,725;3,769;3,698;55393390;3,751;3,707
18/01/2022;3,742;3,795;3,68;64635611;3,707;3,751
19/01/2022;3,786;3,804;3,716;46859860;3,751;3,725
20/01/2022;3,769;3,804;3,725;37417438;3,725;3,725
21/01/2022;3,795;3,795;3,707;47497853;3,725;3,707
24/01/2022;3,689;3,716;3,61;74649518;3,707;3,875
25/01/2022;3,716;3,883;3,689;52317975;3,875;3,928
26/01/2022;3,857;3,954;3,822;86268546;3,928;3,936
27/01/2022;3,998;4,034;3,883;63540113;3,936;4,025
28/01/2022;3,981;4,025;3,936;56736901;4,025;4,166
31/01/2022;4,034;4,192;4,003;57915561;4,166;4,228
1/02/2022;4,192;4,254;4,192;43329659;4,228;4,166
2/02/2022;4,148;4,184;4,104;44364088;4,166;4,184
3/02/2022;4,113;4,21;4,086;57537252;4,184;4,192
4/02/2022;4,175;4,219;4,148;39908339;4,192;4,201
7/02/2022;4,184;4,219;4,166;36551373;4,201;4,245
8/02/2022;4,21;4,272;4,139;49754449;4,245;4,086
9/02/2022;4,131;4,157;4,078;56632665;4,086;4,148
10/02/2022;4,148;4,263;4,139;56635384;4,148;4,413
11/02/2022;4,404;4,563;4,369;154819691;4,413;4,466
14/02/2022;4,422;4,492;4,404;54094632;4,466;4,537
15/02/2022;4,51;4,545;4,475;46536955;4,537;4,51
16/02/2022;4,528;4,563;4,475;47418429;4,51;4,422
17/02/2022;4,457;4,488;4,395;75807670;4,422;4,466
18/02/2022;4,484;4,519;4,44;66875098;4,466;4,448
22/02/2022;4,457;4,475;4,395;42653371;4,448;4,431
23/02/2022;4,541;4,545;4,431;35657549;4,431;4,298
24/02/2022;4,201;4,316;4,122;73149313;4,298;4,298
25/02/2022;4,245;4,334;4,245;52884588;4,298;4,263
28/02/2022;4,219;4,272;4,178;28191079;4,263;4,184
1/03/2022;4,237;4,307;4,126;39905960;4,184;4,289
2/03/2022;4,192;4,325;4,175;56041692;4,289;4,351
3/03/2022;4,457;4,466;4,334;60045374;4,351;4,272
4/03/2022;4,237;4,289;4,175;65456469;4,272;4,122
7/03/2022;4,219;4,228;4,113;62539561;4,122;4,148
8/03/2022;4,148;4,228;4,086;62340266;4,148;4,369
9/03/2022;4,325;4,422;4,316;49085186;4,369;4,387
10/03/2022;4,263;4,387;4,245;44537097;4,387;4,281
11/03/2022;4,387;4,409;4,272;56610118;4,281;4,281
14/03/2022;4,351;4,419;4,281;54190597;4,281;4,272
15/03/2022;4,263;4,316;4,201;54343325;4,272;4,387
16/03/2022;4,298;4,395;4,289;47697714;4,387;4,537
17/03/2022;4,422;4,554;4,36;60444757;4,537;4,607
18/03/2022;4,537;4,616;4,528;59344387;4,607;4,784
21/03/2022;4,678;4,801;4,651;59887774;4,784;4,872
22/03/2022;4,854;4,899;4,828;56440622;4,872;4,925
23/03/2022;4,872;4,987;4,854;48257982;4,925;4,978
24/03/2022;4,96;5,093;4,929;56110126;4,978;5,049
25/03/2022;4,96;5,063;4,96;69976233;5,049;5,013
28/03/2022;5,022;5,031;4,934;41378066;5,013;5,119
29/03/2022;5,057;5,128;5,044;43898991;5,119;5,102
30/03/2022;5,093;5,132;5,031;58897192;5,102;5,04
31/03/2022;5,137;5,177;5,035;57101274;5,04;5,163
1/04/2022;5,154;5,177;5,106;48958176;5,163;5,172
4/04/2022;5,181;5,199;5,119;40291519;5,172;4,996
5/04/2022;5,102;5,137;4,996;51060571;4,996;4,951
6/04/2022;4,951;5,022;4,916;58911581;4,951;4,925
7/04/2022;4,925;4,943;4,846;48192495;4,925;4,925
8/04/2022;4,907;4,965;4,85;45668171;4,925;4,969
11/04/2022;4,943;4,969;4,907;49669474;4,969;4,863
12/04/2022;5,031;5,031;4,854;50536105;4,863;4,907
13/04/2022;4,863;4,925;4,837;41509721;4,907;4,89
14/04/2022;4,868;4,916;4,837;36493364;4,89;4,951
18/04/2022;4,925;4,996;4,912;38361794;4,951;4,881
19/04/2022;4,951;4,987;4,819;51953942;4,881;4,943
20/04/2022;4,872;4,969;4,863;39131214;4,943;4,784
21/04/2022;4,943;4,96;4,775;30719935;4,784;4,651
22/04/2022;4,801;4,81;4,625;49668907;4,651;4,572
25/04/2022;4,581;4,603;4,448;61940204;4,572;4,334
26/04/2022;4,448;4,457;4,325;54238636;4,334;4,307
27/04/2022;4,316;4,357;4,263;47715729;4,307;4,307
28/04/2022;4,263;4,325;4,184;55579768;4,307;4,228
29/04/2022;4,44;4,448;4,21;47194549;4,228;4,095
2/05/2022;4,166;4,192;4,034;65342149;4,095;4,201
3/05/2022;4,175;4,234;4,139;53715417;4,201;4,219
4/05/2022;4,095;4,228;4,064;92120944;4,219;4,06
5/05/2022;4,086;4,095;3,972;70733757;4,06;4,104
6/05/2022;4,06;4,201;3,998;92168757;4,104;3,945
9/05/2022;4,025;4,047;3,901;96323921;3,945;3,981
10/05/2022;3,972;4,016;3,923;73539065;3,981;4,078
11/05/2022;4,034;4,131;4,011;70488915;4,078;4,175
12/05/2022;4,113;4,215;4,06;80168927;4,175;4,281
13/05/2022;4,184;4,307;4,166;56497385;4,281;4,351
16/05/2022;4,281;4,375;4,263;51098753;4,351;4,448
17/05/2022;4,44;4,51;4,426;48677872;4,448;4,369
18/05/2022;4,413;4,457;4,351;62751205;4,369;4,422
19/05/2022;4,422;4,475;4,369;55007490;4,422;4,492
20/05/2022;4,475;4,51;4,448;53644151;4,492;4,678
23/05/2022;4,625;4,731;4,62;47761615;4,678;4,757
24/05/2022;4,722;4,779;4,625;67988951;4,757;4,669
25/05/2022;4,66;4,713;4,619;46335621;4,669;4,775
26/05/2022;4,696;4,81;4,678;39610586;4,775;4,819
27/05/2022;4,766;4,881;4,762;45906554;4,819;4,837
31/05/2022;4,828;4,89;4,794;46249740;4,837;4,713
1/06/2022;4,81;4,828;4,691;48344883;4,713;4,74
2/06/2022;4,731;4,74;4,643;45668624;4,74;4,704
3/06/2022;4,678;4,748;4,669;53444743;4,704;4,66
6/06/2022;4,748;4,757;4,656;41137417;4,66;4,616
7/06/2022;4,563;4,616;4,528;40801709;4,616;4,501
8/06/2022;4,59;4,616;4,466;56711862;4,501;4,369
9/06/2022;4,44;4,484;4,36;51816169;4,369;4,21
10/06/2022;4,245;4,254;4,184;64072963;4,21;4,034
13/06/2022;4,122;4,122;3,989;67680322;4,034;4,007
14/06/2022;4,069;4,086;3,981;60328738;4,007;4,095
15/06/2022;4,086;4,148;4,016;70209517;4,095;3,91
16/06/2022;4,007;4,025;3,883;46225607;3,91;3,963
17/06/2022;3,963;4,007;3,892;69729919;3,963;4,104
21/06/2022;4,148;4,157;4,095;73466099;4,104;4,034
22/06/2022;4,06;4,122;4,034;51413501;4,034;3,901
23/06/2022;3,998;4,007;3,901;47983570;3,901;3,875
24/06/2022;3,892;3,972;3,87;34306900;3,875;3,945
27/06/2022;3,919;3,972;3,892;43099773;3,945;3,857
28/06/2022;3,972;3,998;3,808;59837809;3,857;3,866
29/06/2022;3,936;3,945;3,848;69881287;3,866;3,778
30/06/2022;3,795;3,848;3,76;68521687;3,778;3,751
1/07/2022;3,698;3,778;3,654;60038916;3,751;3,698
5/07/2022;3,645;3,707;3,592;56724891;3,698;3,645
6/07/2022;3,667;3,698;3,575;59969350;3,645;3,742
7/07/2022;3,707;3,769;3,707;38871757;3,742;3,786
8/07/2022;3,786;3,813;3,742;41061959;3,786;3,654
11/07/2022;3,676;3,716;3,636;53721762;3,654;3,601
12/07/2022;3,592;3,667;3,557;39023239;3,601;3,619
13/07/2022;3,619;3,698;3,583;62513275;3,619;3,53
14/07/2022;3,495;3,566;3,442;75841547;3,53;3,645
15/07/2022;3,566;3,687;3,548;49045191;3,645;3,698
18/07/2022;3,68;3,751;3,672;64254583;3,698;3,804
19/07/2022;3,716;3,831;3,711;64701211;3,804;3,76
20/07/2022;3,769;3,804;3,716;50992138;3,76;3,76
21/07/2022;3,689;3,76;3,645;49302382;3,76;3,698
22/07/2022;3,769;3,813;3,665;55751644;3,698;3,839
25/07/2022;3,769;3,862;3,716;62817939;3,839;3,831
26/07/2022;3,822;3,91;3,795;50757607;3,831;3,919
27/07/2022;3,883;3,936;3,848;69207379;3,919;4,025
28/07/2022;3,985;4,025;3,901;42419520;4,025;3,972
29/07/2022;3,963;4,051;3,954;49869222;3,972;3,963
1/08/2022;3,954;4,016;3,91;59187240;3,963;3,919
2/08/2022;3,936;3,989;3,91;37268562;3,919;3,954
3/08/2022;3,936;3,972;3,91;30688438;3,954;4,104
4/08/2022;4,051;4,113;4,02;37203188;4,104;4,228
5/08/2022;4,06;4,245;4,042;50906483;4,228;4,316
8/08/2022;4,263;4,325;4,219;47426700;4,316;4,413
9/08/2022;4,351;4,426;4,298;63281562;4,413;4,537
10/08/2022;4,501;4,59;4,492;70659318;4,537;4,475
11/08/2022;4,537;4,598;4,457;54999559;4,475;4,598
12/08/2022;4,537;4,625;4,506;38391932;4,598;4,634
15/08/2022;4,537;4,66;4,519;35182143;4,634;4,634
16/08/2022;4,598;4,66;4,59;38062342;4,634;4,634
17/08/2022;4,572;4,66;4,563;42879405;4,634;4,598
18/08/2022;4,669;4,673;4,563;35545836;4,598;4,501
19/08/2022;4,501;4,51;4,44;32105594;4,501;4,466
22/08/2022;4,431;4,475;4,4;23970541;4,466;4,519
23/08/2022;4,501;4,572;4,492;22862354;4,519;4,537
24/08/2022;4,537;4,581;4,519;18963927;4,537;4,598
25/08/2022;4,545;4,616;4,519;20414961;4,598;4,581
26/08/2022;4,616;4,678;4,568;30445296;4,581;4,634
29/08/2022;4,581;4,669;4,572;27929017;4,634;4,528
30/08/2022;4,643;4,66;4,528;35864095;4,528;4,36
31/08/2022;4,448;4,515;4,334;49329800;4,36;4,387
1/09/2022;4,387;4,395;4,281;51220098;4,387;4,475
2/09/2022;4,466;4,537;4,431;43689726;4,475;4,466
6/09/2022;4,51;4,523;4,431;49119176;4,466;4,528
7/09/2022;4,422;4,545;4,369;24885552;4,528;4,457
8/09/2022;4,484;4,55;4,453;41105240;4,457;4,563
9/09/2022;4,528;4,585;4,51;37363847;4,563;4,651
12/09/2022;4,616;4,687;4,607;26317551;4,651;4,519
13/09/2022;4,545;4,62;4,501;40347716;4,519;4,528
14/09/2022;4,51;4,545;4,475;25906385;4,528;4,484
15/09/2022;4,51;4,563;4,457;26767578;4,484;4,457
16/09/2022;4,413;4,475;4,387;41875907;4,457;4,687
19/09/2022;4,422;4,713;4,404;37998894;4,687;4,837
20/09/2022;4,713;4,89;4,696;56241554;4,837;4,766
21/09/2022;4,828;4,899;4,766;55708250;4,766;4,943
22/09/2022;4,846;4,974;4,784;52508432;4,943;4,74
23/09/2022;4,793;4,81;4,678;63966234;4,74;4,537
26/09/2022;4,585;4,634;4,466;62305030;4,537;4,519
27/09/2022;4,537;4,585;4,47;63764674;4,519;4,51
28/09/2022;4,488;4,598;4,466;70828929;4,51;4,59
29/09/2022;4,501;4,594;4,431;68703307;4,59;4,563
30/09/2022;4,537;4,607;4,497;46037756;4,563;5,057
3/10/2022;4,819;5,066;4,766;69190497;5,057;5,057
4/10/2022;5,075;5,102;4,99;55391124;5,057;5,066
5/10/2022;4,987;5,084;4,982;42645327;5,066;4,925
6/10/2022;5,031;5,062;4,907;46414931;4,925;4,907
7/10/2022;4,916;4,925;4,828;45566767;4,907;4,881
10/10/2022;4,916;4,978;4,872;38089194;4,881;4,801
11/10/2022;4,881;4,921;4,784;46465010;4,801;4,704
12/10/2022;4,819;4,819;4,678;25835006;4,704;4,757
13/10/2022;4,696;4,863;4,691;55900407;4,757;4,713
14/10/2022;4,801;4,846;4,696;42723164;4,713;4,784
17/10/2022;4,793;4,851;4,779;35015478;4,784;4,925
18/10/2022;4,881;4,934;4,828;45110622;4,925;4,925
19/10/2022;4,89;4,951;4,876;32801030;4,925;5,049
20/10/2022;5,031;5,084;5,018;63454911;5,049;5,287
21/10/2022;5,022;5,331;5,022;71579428;5,287;4,907
24/10/2022;5,066;5,084;4,868;78484383;4,907;4,854
25/10/2022;4,863;4,951;4,846;41362204;4,854;4,704
26/10/2022;4,793;4,841;4,704;57853133;4,704;4,854
27/10/2022;4,793;4,951;4,784;61549545;4,854;4,872
28/10/2022;4,784;4,899;4,775;54950160;4,872;5,137
31/10/2022;4,872;5,154;4,863;87421374;5,137;5,234
1/11/2022;5,172;5,296;5,084;73112037;5,234;5,049
2/11/2022;5,181;5,207;5,049;25257403;5,049;5,199
3/11/2022;5,031;5,216;5,031;37772860;5,199;5,269
4/11/2022;5,331;5,353;5,243;57078387;5,269;5,031
7/11/2022;5,207;5,243;4,997;54498320;5,031;5,049
8/11/2022;4,996;5,075;4,969;60405895;5,049;4,74
9/11/2022;4,916;4,934;4,713;81247543;4,74;4,457
10/11/2022;4,492;4,525;4,404;78752451;4,457;4,387
11/11/2022;4,431;4,55;4,365;75787050;4,387;4,369
14/11/2022;4,417;4,431;4,334;65545296;4,369;4,413
15/11/2022;4,435;4,448;4,36;27696978;4,413;4,272
16/11/2022;4,373;4,404;4,237;64311686;4,272;4,272
17/11/2022;4,17;4,289;4,157;79059267;4,272;4,36
18/11/2022;4,387;4,413;4,307;83755779;4,36;4,404
21/11/2022;4,44;4,453;4,298;70464329;4,404;4,289
22/11/2022;4,404;4,431;4,263;106646231;4,289;4,263
23/11/2022;4,237;4,289;4,21;54865865;4,263;4,289
25/11/2022;4,325;4,342;4,248;25035448;4,289;4,184
28/11/2022;4,219;4,272;4,157;36286704;4,184;4,245
29/11/2022;4,245;4,325;4,232;36356157;4,245;4,395
30/11/2022;4,272;4,404;4,245;51898651;4,395;4,387
1/12/2022;4,395;4,417;4,342;56797063;4,387;4,448
2/12/2022;4,44;4,497;4,369;60324319;4,448;4,237
5/12/2022;4,334;4,365;4,219;65718532;4,237;4,36
6/12/2022;4,281;4,369;4,267;47942215;4,36;4,36
7/12/2022;4,369;4,431;4,342;52549673;4,36;4,175
8/12/2022;4,325;4,351;4,175;49658144;4,175;4,042
9/12/2022;4,109;4,113;4,042;23933719;4,042;4,007
12/12/2022;3,954;4,007;3,906;66618587;4,007;3,822
13/12/2022;4,007;4,02;3,822;65942753;3,822;3,848
14/12/2022;3,795;3,91;3,716;70301517;3,848;3,848
15/12/2022;3,883;3,945;3,831;37731506;3,848;3,91
16/12/2022;3,901;3,963;3,879;44119360;3,91;4,042
19/12/2022;3,972;4,051;3,936;27678624;4,042;4,166
20/12/2022;4,192;4,228;4,131;32009629;4,166;4,201
21/12/2022;4,157;4,228;4,139;40585306;4,201;4,21
22/12/2022;4,219;4,263;4,14;25118044;4,21;4,298
23/12/2022;4,334;4,36;4,267;20034273;4,298;4,051
27/12/2022;4,06;4,1;4,025;22700448;4,051;4,192
28/12/2022;4,122;4,219;4,122;18419181;4,192;4,166
29/12/2022;4,263;4,272;4,144;20013652;4,166;4,157
30/12/2022;4,131;4,201;4,131;11966293;4,157;3,831
3/01/2023;3,954;3,998;3,813;35651998;3,831;3,857
4/01/2023;3,883;3,901;3,822;53745328;3,857;4,06
5/01/2023;3,919;4,078;3,91;35145320;4,06;4,219
6/01/2023;4,148;4,237;4,109;35398772;4,219;4,254
9/01/2023;4,153;4,272;4,131;25074876;4,254;4,387
10/01/2023;4,298;4,387;4,276;31752552;4,387;4,475
11/01/2023;4,426;4,484;4,378;30890792;4,475;4,466
12/01/2023;4,422;4,537;4,342;48550863;4,466;4,44
13/01/2023;4,404;4,457;4,378;21375745;4,44;4,501
17/01/2023;4,404;4,51;4,378;22530951;4,501;4,51
18/01/2023;4,572;4,598;4,466;36152331;4,51;4,501
19/01/2023;4,431;4,519;4,373;32588932;4,501;4,378
20/01/2023;4,391;4,457;4,378;33716947;4,378;4,289
23/01/2023;4,307;4,404;4,263;50966985;4,289;4,334
24/01/2023;4,369;4,387;4,307;30496621;4,334;4,431
25/01/2023;4,316;4,457;4,289;28625245;4,431;4,404
26/01/2023;4,422;4,431;4,36;24237363;4,404;4,281
27/01/2023;4,325;4,351;4,263;26274270;4,281;4,263
30/01/2023;4,254;4,272;4,21;23550085;4,263;4,395
31/01/2023;4,378;4,422;4,369;16902774;4,395;4,334
1/02/2023;4,369;4,387;4,259;40236229;4,334;4,395
2/02/2023;4,47;4,482;4,378;47348523;4,395;4,298
3/02/2023;4,334;4,369;4,281;37509665;4,298;4,298
6/02/2023;4,214;4,312;4,168;39227293;4,298;4,122
7/02/2023;4,219;4,237;4,097;33385091;4,122;4,492
8/02/2023;4,369;4,501;4,36;53223921;4,492;4,298
9/02/2023;4,404;4,431;4,294;47259583;4,298;4,342
10/02/2023;4,298;4,378;4,258;50702090;4,342;4,545
13/02/2023;4,44;4,563;4,413;30815901;4,545;4,457
14/02/2023;4,55;4,581;4,44;53625457;4,457;4,528
15/02/2023;4,519;4,576;4,466;52103724;4,528;4,528
16/02/2023;4,466;4,554;4,44;25078502;4,528;4,545
17/02/2023;4,528;4,59;4,519;26621195;4,545;4,422
21/02/2023;4,528;4,563;4,404;33860838;4,422;4,457
22/02/2023;4,431;4,492;4,404;42643174;4,457;4,519
23/02/2023;4,616;4,642;4,493;26403999;4,519;4,316
24/02/2023;4,387;4,404;4,298;33357899;4,316;4,263
27/02/2023;4,342;4,351;4,254;23901768;4,263;4,245
28/02/2023;4,289;4,294;4,219;31634946;4,245;4,307
1/03/2023;4,192;4,307;4,122;51206162;4,307;4,042
2/03/2023;4,197;4,201;4,042;65561498;4,042;4,06
3/03/2023;4,1;4,147;4,06;67750454;4,06;4,21
6/03/2023;4,069;4,254;4,06;36475236;4,21;4,192
7/03/2023;4,157;4,201;4,086;29627270;4,192;4,289
8/03/2023;4,263;4,347;4,254;23662705;4,289;4,201
9/03/2023;4,254;4,286;4,175;34941607;4,201;4,025
10/03/2023;4,086;4,148;4,007;36702402;4,025;3,954
13/03/2023;3,963;4,051;3,905;51061704;3,954;3,954
14/03/2023;3,954;4,007;3,923;47717995;3,954;3,892
15/03/2023;3,883;3,928;3,795;74566242;3,892;4,007
16/03/2023;3,928;4,034;3,883;42503702;4,007;3,892
17/03/2023;3,981;3,981;3,857;46282370;3,892;3,883
20/03/2023;3,954;3,967;3,861;34152359;3,883;3,981
21/03/2023;3,963;4,042;3,954;33686923;3,981;3,954
22/03/2023;3,985;4,06;3,954;38651955;3,954;3,822
23/03/2023;4,025;4,042;3,778;56678098;3,822;3,857
24/03/2023;3,778;3,91;3,742;31938364;3,857;3,989
27/03/2023;3,945;3,998;3,91;37394665;3,989;4,025
28/03/2023;4,016;4,073;4,016;29071647;4,025;4,095
29/03/2023;4,025;4,113;4,007;25654519;4,095;4,237
30/03/2023;4,232;4,289;4,117;32125422;4,237;4,298
31/03/2023;4,298;4,342;4,237;80508148;4,298;4,157
3/04/2023;4,184;4,214;4,113;28145986;4,157;4,254
4/04/2023;4,219;4,263;4,188;23889872;4,254;4,254
5/04/2023;4,272;4,316;4,192;33129373;4,254;4,237
6/04/2023;4,263;4,272;4,188;21720856;4,237;4,263
10/04/2023;4,237;4,285;4,219;19245138;4,263;4,475
11/04/2023;4,387;4,5;4,378;50439687;4,475;4,59
12/04/2023;4,559;4,651;4,519;40413317;4,59;4,554
13/04/2023;4,572;4,643;4,545;35683155;4,554;4,643
14/04/2023;4,519;4,656;4,51;30547833;4,643;4,598
17/04/2023;4,651;4,678;4,563;24804656;4,598;4,554
18/04/2023;4,55;4,607;4,51;23278958;4,554;4,413
19/04/2023;4,492;4,51;4,408;22328144;4,413;4,431
20/04/2023;4,387;4,466;4,387;17663243;4,431;4,44
21/04/2023;4,431;4,44;4,378;6341288;4,44;4,413
24/04/2023;4,404;4,462;4,342;18537580;4,413;4,431
25/04/2023;4,413;4,457;4,378;23945389;4,431;4,404
26/04/2023;4,431;4,464;4,387;14191278;4,404;4,537
27/04/2023;4,484;4,543;4,457;19528275;4,537;4,545
28/04/2023;4,492;4,559;4,466;19740939;4,545;4,537
1/05/2023;4,51;4,572;4,51;6988344;4,537;4,334
2/05/2023;4,519;4,545;4,325;25942074;4,334;4,351
3/05/2023;4,342;4,404;4,317;22225948;4,351;4,369
4/05/2023;4,404;4,422;4,281;40415470;4,369;4,607
5/05/2023;4,435;4,629;4,409;41261707;4,607;4,581
8/05/2023;4,598;4,696;4,571;39583281;4,581;4,669
9/05/2023;4,581;4,731;4,572;31618631;4,669;4,793
10/05/2023;4,687;4,801;4,651;25645455;4,793;4,81
11/05/2023;4,74;4,87;4,731;33606140;4,81;4,784
12/05/2023;4,775;4,837;4,757;16146156;4,784;4,846
15/05/2023;4,81;4,854;4,753;20039598;4,846;4,775
16/05/2023;4,854;4,899;4,771;28086617;4,775;4,846
17/05/2023;4,846;4,854;4,771;21034938;4,846;4,793
18/05/2023;4,775;4,801;4,722;16213003;4,793;4,713
19/05/2023;4,696;4,731;4,669;24319732;4,713;4,643
22/05/2023;4,766;4,766;4,643;22845585;4,643;4,651
23/05/2023;4,696;4,775;4,651;30336302;4,651;4,678
24/05/2023;4,696;4,731;4,651;23756744;4,678;4,766
25/05/2023;4,757;4,784;4,678;27469358;4,766;4,748
26/05/2023;4,81;4,868;4,682;32900847;4,748;4,616
30/05/2023;4,634;4,643;4,528;45232419;4,616;4,537
31/05/2023;4,572;4,598;4,484;22434873;4,537;4,669
1/06/2023;4,59;4,7;4,575;22531405;4,669;4,775
2/06/2023;4,793;4,807;4,74;20313217;4,775;4,819
5/06/2023;4,775;4,854;4,775;22836521;4,819;4,863
6/06/2023;4,801;4,907;4,801;19260660;4,863;4,863
7/06/2023;4,907;4,938;4,846;17233383;4,863;4,916
8/06/2023;4,872;4,934;4,854;9468708;4,916;5,004
9/06/2023;4,907;5,004;4,89;17661431;5,004;4,96
12/06/2023;5,022;5,049;4,934;20079366;4,96;5,013
13/06/2023;4,987;5,04;4,96;25466441;5,013;5,119
14/06/2023;5,031;5,128;5,013;37344020;5,119;5,207
15/06/2023;5,137;5,216;5,137;29713152;5,207;5,207
16/06/2023;5,119;5,252;5,11;20730388;5,207;5,278
20/06/2023;5,252;5,287;5,181;24132447;5,278;5,349
21/06/2023;5,269;5,366;5,269;19208089;5,349;5,287
22/06/2023;5,313;5,322;5,247;20356158;5,287;5,243
23/06/2023;5,234;5,3;5,207;19050829;5,243;5,26
26/06/2023;5,287;5,331;5,221;10214335;5,26;5,172
27/06/2023;5,207;5,238;5,106;23521986;5,172;5,066
28/06/2023;5,11;5,128;5,057;20180543;5,066;5,137
29/06/2023;5,102;5,154;5,088;14740897;5,137;5,207
30/06/2023;5,207;5,243;5,172;18446826;5,207;5,26
3/07/2023;5,243;5,278;5,225;8147630;5,26;5,243
5/07/2023;5,199;5,296;5,177;19878372;5,243;5,11
6/07/2023;5,172;5,199;5,066;17317225;5,11;5,296
7/07/2023;5,19;5,313;5,19;21249528;5,296;5,19
10/07/2023;5,252;5,269;5,177;14098712;5,19;5,146
11/07/2023;5,075;5,154;5,004;22118879;5,146;5,137
12/07/2023;5,181;5,234;5,137;16383633;5,137;5,234
13/07/2023;5,207;5,278;5,181;16912518;5,234;5,154
14/07/2023;5,243;5,26;5,146;21411887;5,154;5,243
17/07/2023;5,146;5,243;5,115;14139500;5,243;5,146
18/07/2023;5,252;5,278;5,146;19127533;5,146;5,11
19/07/2023;5,172;5,199;5,093;27232222;5,11;5,199
20/07/2023;5,128;5,207;5,088;38658187;5,199;5,322
21/07/2023;5,305;5,335;5,256;29372912;5,322;5,278
24/07/2023;5,313;5,428;5,26;30987210;5,278;5,296
25/07/2023;5,305;5,331;5,243;26794770;5,296;5,34
26/07/2023;5,3;5,349;5,243;25468594;5,34;5,207
27/07/2023;5,278;5,305;5,194;17623135;5,207;5,296
28/07/2023;5,26;5,296;5,216;15335268;5,296;5,305
31/07/2023;5,313;5,357;5,282;13769576;5,305;5,243
1/08/2023;5,234;5,269;5,19;15898483;5,243;5,225
2/08/2023;5,243;5,26;5,155;19060799;5,225;5,075
3/08/2023;5,19;5,247;5,075;15710518;5,075;5,013
4/08/2023;5,088;5,159;5,004;27945105;5,013;4,96
7/08/2023;5,04;5,049;4,951;25463495;4,96;4,916
8/08/2023;4,876;5,004;4,854;31582602;4,916;4,899
9/08/2023;4,89;4,925;4,802;28521349;4,899;4,951
10/08/2023;4,969;5,062;4,951;28612669;4,951;4,925
11/08/2023;4,96;4,996;4,912;16133127;4,925;4,81
14/08/2023;4,881;4,881;4,801;12220878;4,81;4,775
15/08/2023;4,766;4,797;4,722;24081575;4,775;4,766
16/08/2023;4,801;4,863;4,748;26547210;4,766;4,713
17/08/2023;4,784;4,81;4,704;21993683;4,713;4,775
18/08/2023;4,678;4,81;4,678;15625316;4,775;4,731
21/08/2023;4,731;4,766;4,697;17278590;4,731;4,837
22/08/2023;4,793;4,863;4,766;17698366;4,837;5,004
23/08/2023;4,863;5,022;4,846;28251355;5,004;4,899
24/08/2023;4,925;4,96;4,881;15334702;4,899;4,846
25/08/2023;4,881;4,885;4,793;19503689;4,846;5,004
28/08/2023;4,801;5,022;4,784;29395572;5,004;5,128
29/08/2023;5,066;5,15;5,044;25984109;5,128;4,978
30/08/2023;5,075;5,084;4,969;21624551;4,978;4,854
31/08/2023;4,89;4,907;4,81;31037969;4,854;4,925
1/09/2023;4,978;4,987;4,903;29987791;4,925;4,757
5/09/2023;4,801;4,854;4,748;21225509;4,757;4,704
6/09/2023;4,748;4,806;4,687;13322494;4,704;4,678
7/09/2023;4,713;4,713;4,651;11861037;4,678;4,713
8/09/2023;4,704;4,784;4,678;13557251;4,713;4,872
11/09/2023;4,81;4,898;4,779;15581809;4,872;4,872
12/09/2023;4,854;4,916;4,841;13737965;4,872;4,951
13/09/2023;4,943;5,013;4,934;17034315;4,951;4,978
14/09/2023;4,978;5,022;4,951;16499539;4,978;4,969
15/09/2023;5,004;5,013;4,943;24617484;4,969;4,96
18/09/2023;4,996;5,029;4,943;12793156;4,96;4,881
19/09/2023;4,934;4,96;4,872;16057103;4,881;4,96
20/09/2023;4,951;5,04;4,945;15509864;4,96;4,801
21/09/2023;4,846;4,859;4,793;12995170;4,801;4,81
22/09/2023;4,81;4,854;4,793;19889249;4,81;4,766
25/09/2023;4,793;4,823;4,757;11020125;4,766;4,678
26/09/2023;4,722;4,766;4,669;10916795;4,678;4,607
27/09/2023;4,713;4,713;4,572;20465492;4,607;4,722
28/09/2023;4,616;4,766;4,607;17266014;4,722;4,74
29/09/2023;4,766;4,793;4,722;17386452;4,74;4,678
2/10/2023;4,713;4,726;4,634;11503576;4,678;4,537
3/10/2023;4,616;4,651;4,519;19408743;4,537;4,66
4/10/2023;4,563;4,66;4,537;17459643;4,66;4,722
5/10/2023;4,669;4,74;4,616;40319618;4,722;4,757
6/10/2023;4,625;4,832;4,598;30760950;4,757;4,713
9/10/2023;4,722;4,731;4,656;18897080;4,713;4,775
10/10/2023;4,775;4,846;4,762;24444475;4,775;4,863
11/10/2023;4,828;4,872;4,784;17222053;4,863;4,775
12/10/2023;4,837;4,881;4,74;10177173;4,775;4,775
13/10/2023;4,819;4,872;4,757;15639252;4,775;4,819
16/10/2023;4,819;4,854;4,784;14443144;4,819;4,784
17/10/2023;4,766;4,846;4,748;16923168;4,784;4,651
18/10/2023;4,713;4,757;4,634;26118709;4,651;4,713
19/10/2023;4,643;4,789;4,634;15283943;4,713;4,713
20/10/2023;4,713;4,731;4,651;18294778;4,713;4,731
23/10/2023;4,696;4,801;4,678;13429222;4,731;4,757
24/10/2023;4,766;4,815;4,718;11187015;4,757;4,748
25/10/2023;4,784;4,819;4,744;12296449;4,748;4,899
26/10/2023;4,757;4,907;4,757;16357461;4,899;4,793
27/10/2023;4,943;4,947;4,775;11305641;4,793;4,766
30/10/2023;4,837;4,85;4,704;26402752;4,766;4,687
31/10/2023;4,713;4,744;4,651;16751972;4,687;4,793
1/11/2023;4,722;4,832;4,718;15642198;4,793;4,96
2/11/2023;4,854;4,969;4,828;12943732;4,96;5,031
3/11/2023;4,969;5,075;4,96;15573312;5,031;5,049
6/11/2023;5,04;5,075;5,013;11864323;5,049;5,234
7/11/2023;5,181;5,284;5,181;25800223;5,234;5,207
8/11/2023;5,256;5,256;5,172;14854990;5,207;5,225
9/11/2023;5,199;5,287;5,19;22108909;5,225;5,331
10/11/2023;5,269;5,366;5,26;21470690;5,331;5,252
13/11/2023;5,252;5,287;5,225;13993230;5,252;5,393
14/11/2023;5,402;5,428;5,357;16090073;5,393;5,428
15/11/2023;5,446;5,472;5,406;11562718;5,428;5,472
16/11/2023;5,419;5,525;5,406;18006429;5,472;5,481
17/11/2023;5,446;5,508;5,428;12822274;5,481;5,587
20/11/2023;5,508;5,605;5,499;16429973;5,587;5,508
21/11/2023;5,56;5,587;5,485;15644237;5,508;5,56
22/11/2023;5,583;5,605;5,525;19531674;5,56;5,481
24/11/2023;5,525;5,552;5,455;12125479;5,481;5,49
27/11/2023;5,516;5,549;5,455;13998328;5,49;5,631
28/11/2023;5,521;5,64;5,508;24800690;5,631;5,622
29/11/2023;5,587;5,658;5,587;17903893;5,622;5,649
30/11/2023;5,605;5,675;5,565;15456386;5,649;5,675
1/12/2023;5,596;5,693;5,569;12947697;5,675;5,613
4/12/2023;5,649;5,693;5,587;9211290;5,613;5,702
5/12/2023;5,605;5,724;5,605;13195145;5,702;5,649
6/12/2023;5,719;5,728;5,613;20056366;5,649;5,702
7/12/2023;5,64;5,702;5,596;25613731;5,702;5,746
8/12/2023;5,64;5,762;5,64;20177597;5,746;5,666
11/12/2023;5,675;5,711;5,658;10434477;5,666;5,613
12/12/2023;5,64;5,649;5,569;11383251;5,613;5,843
13/12/2023;5,684;5,852;5,644;24214816;5,843;5,878
14/12/2023;5,896;5,956;5,825;26945119;5,878;5,808
15/12/2023;5,869;5,874;5,79;15905734;5,808;5,931
18/12/2023;5,861;5,949;5,825;13172485;5,931;5,966
19/12/2023;6,011;6,028;5,958;11775836;5,966;5,852
20/12/2023;5,931;5,94;5,852;14055205;5,852;5,931
21/12/2023;5,931;5,958;5,887;11894007;5,931;6,019
22/12/2023;5,984;6,09;5,975;17530229;6,019;6,169
26/12/2023;6,055;6,187;6,046;18694953;6,169;6,214
27/12/2023;6,169;6,222;6,152;16431786;6,214;6,169
28/12/2023;6,161;6,196;6,137;13089889;6,169;6,134
29/12/2023;6,143;6,161;6,081;7108555;6,134;6,011
2/01/2024;6,064;6,09;5,975;11228936;6,011;5,958
3/01/2024;6,019;6,05;5,949;19508221;5,958;5,922
4/01/2024;5,869;5,962;5,852;18648614;5,922;6,081
5/01/2024;6,002;6,099;5,984;21800846;6,081;6,055
8/01/2024;6,046;6,077;6,013;12273449;6,055;5,966
9/01/2024;6,002;6,011;5,94;28913594;5,966;6,011
10/01/2024;6,002;6,019;5,962;9251965;6,011;6,028
11/01/2024;6,055;6,064;5,966;13506380;6,028;6,046
12/01/2024;6,037;6,081;6,019;12607118;6,046;5,905
16/01/2024;6,028;6,037;5,896;21085810;5,905;5,887
17/01/2024;5,878;5,914;5,861;14755739;5,887;5,878
18/01/2024;5,852;5,887;5,825;16596637;5,878;5,878
19/01/2024;5,843;5,905;5,843;25662223;5,878;5,702
22/01/2024;5,834;5,887;5,649;28381423;5,702;5,763
23/01/2024;5,737;5,781;5,684;17184778;5,763;5,763
24/01/2024;5,905;5,914;5,763;23450268;5,763;5,772
25/01/2024;5,799;5,825;5,763;16914784;5,772;5,861
26/01/2024;5,852;5,887;5,834;10838618;5,861;5,808
29/01/2024;5,834;5,852;5,755;12572448;5,808;5,746
30/01/2024;5,763;5,799;5,746;14337322;5,746;5,825
31/01/2024;5,869;5,949;5,816;22062909;5,825;5,852
1/02/2024;5,852;5,878;5,772;20609610;5,852;5,79
2/02/2024;5,728;5,825;5,702;14832103;5,79;5,843
5/02/2024;5,799;5,894;5,755;16950813;5,843;6,222
6/02/2024;5,905;6,222;5,887;72132445;6,222;6,134
7/02/2024;6,064;6,143;6,046;48634705;6,134;5,984
8/02/2024;6,134;6,161;5,966;28086277;5,984;6,099
9/02/2024;6,006;6,108;5,966;16765001;6,099;6,152
12/02/2024;6,081;6,178;6,064;9004744;6,152;6,011
13/02/2024;6,028;6,082;5,949;23909699;6,011;6,055
14/02/2024;6,019;6,134;5,966;22133948;6,055;6,117
15/02/2024;6,064;6,134;6,055;23047373;6,117;6,134
16/02/2024;6,099;6,169;6,077;22690818;6,134;6,381
20/02/2024;6,293;6,417;6,275;34712174;6,381;6,328
21/02/2024;6,372;6,381;6,328;21043889;6,328;6,099
22/02/2024;6,125;6,178;6,081;18606693;6,099;6,046
23/02/2024;6,011;6,099;5,997;26246738;6,046;6,099
26/02/2024;6,072;6,108;6,055;11940007;6,099;6,214
27/02/2024;6,134;6,24;6,117;13939639;6,214;6,187
28/02/2024;6,169;6,214;6,139;14830517;6,187;6,019
29/02/2024;6,046;6,072;5,984;28909288;6,019;6,09
1/03/2024;6,09;6,117;6,028;19162429;6,09;6,055
4/03/2024;6,055;6,117;6,041;15037629;6,055;6,002
5/03/2024;6,046;6,072;5,993;12904417;6,002;6,09
6/03/2024;6,081;6,134;6,033;18217734;6,09;6,046
7/03/2024;6,117;6,117;6,002;15549632;6,046;6,037
8/03/2024;6,011;6,09;6,011;11512640;6,037;6,046
11/03/2024;6,055;6,094;6,028;13398178;6,046;6,117
12/03/2024;6,081;6,143;6,046;12824880;6,117;6,205
13/03/2024;6,099;6,214;6,081;22298346;6,205;6,134
14/03/2024;6,196;6,211;6,108;18805307;6,134;6,072
15/03/2024;6,125;6,152;6,072;12706595;6,072;6,09
18/03/2024;6,169;6,178;6,046;14515090;6,09;6,081
19/03/2024;6,081;6,125;6,072;9721027;6,081;6,178
20/03/2024;6,117;6,205;6,077;18587432;6,178;6,064
21/03/2024;6,169;6,169;6,064;11108612;6,064;5,958
22/03/2024;6,002;6,019;5,933;11201858;5,958;5,949
25/03/2024;5,94;5,98;5,94;8597431;5,949;6,072
26/03/2024;5,993;6,081;5,984;10634905;6,072;6,125
27/03/2024;6,072;6,143;6,046;9558555;6,125;6,117
28/03/2024;6,099;6,161;6,081;9949893;6,117;5,852
1/04/2024;6,099;6,108;5,827;14509198;5,852;5,843
2/04/2024;5,825;5,887;5,79;14977920;5,843;5,808
3/04/2024;5,816;5,861;5,755;21855004;5,808;5,728
4/04/2024;5,887;5,905;5,711;30974974;5,728;5,719
5/04/2024;5,763;5,768;5,675;23793113;5,719;5,825
8/04/2024;5,772;5,896;5,768;13822034;5,825;5,949
9/04/2024;5,905;5,949;5,869;22057244;5,949;5,702
10/04/2024;5,834;5,852;5,684;24511322;5,702;5,693
11/04/2024;5,684;5,728;5,658;14075146;5,693;5,605
12/04/2024;5,622;5,631;5,569;18551176;5,605;5,419
15/04/2024;5,525;5,574;5,406;36919825;5,419;5,296
16/04/2024;5,331;5,357;5,252;42076561;5,296;5,34
17/04/2024;5,313;5,349;5,243;26436176;5,34;5,322
18/04/2024;5,366;5,397;5,252;20631703;5,322;5,34
19/04/2024;5,322;5,41;5,322;16556529;5,34;5,384
22/04/2024;5,331;5,419;5,305;13126372;5,384;5,516
23/04/2024;5,402;5,569;5,384;32994093;5,516;5,481
24/04/2024;5,463;5,508;5,419;20616635;5,481;5,393
25/04/2024;5,402;5,472;5,375;16023792;5,393;5,56
26/04/2024;5,472;5,587;5,472;21707374;5,56;5,499
29/04/2024;5,552;5,552;5,472;13929215;5,499;5,34
30/04/2024;5,481;5,508;5,322;28030647;5,34;5,384
1/05/2024;5,331;5,472;5,313;13298927;5,384;5,516
2/05/2024;5,49;5,543;5,437;23368125;5,516;5,596
3/05/2024;5,622;5,662;5,578;18930051;5,596;5,631
6/05/2024;5,631;5,693;5,596;15670636;5,631;5,763
7/05/2024;5,658;5,794;5,631;24023339;5,763;5,772
8/05/2024;5,693;5,79;5,684;14223455;5,772;5,552
9/05/2024;5,587;5,605;5,508;21465591;5,552;5,596
10/05/2024;5,631;5,658;5,596;23027885;5,596;5,666
13/05/2024;5,64;5,715;5,6;23897009;5,666;5,746
14/05/2024;5,684;5,772;5,666;21915959;5,746;5,719
15/05/2024;5,746;5,763;5,684;23782463;5,719;5,711
16/05/2024;5,781;5,79;5,697;19570309;5,711;5,763
17/05/2024;5,719;5,772;5,697;13098386;5,763;5,737
20/05/2024;5,719;5,79;5,706;11504709;5,737;5,693
21/05/2024;5,737;5,763;5,658;15586001;5,693;5,543
22/05/2024;5,596;5,631;5,543;14702035;5,543;5,508
23/05/2024;5,534;5,559;5,49;12398759;5,508;5,446
24/05/2024;5,508;5,534;5,428;13642793;5,446;5,428
28/05/2024;5,481;5,499;5,402;22434986;5,428;5,34
29/05/2024;5,296;5,357;5,278;18397767;5,34;5,357
30/05/2024;5,357;5,402;5,313;12019317;5,357;5,287
31/05/2024;5,278;5,309;5,216;32031043;5,287;5,349
3/06/2024;5,26;5,366;5,225;22109362;5,349;5,296
4/06/2024;5,252;5,313;5,234;17531022;5,296;5,278
5/06/2024;5,305;5,305;5,225;16202806;5,278;5,384
6/06/2024;5,322;5,393;5,313;16715262;5,384;5,243
7/06/2024;5,287;5,34;5,207;17097763;5,243;5,137
10/06/2024;5,146;5,163;5,088;35924258;5,137;5,19
11/06/2024;5,19;5,243;5,154;12673965;5,19;5,181
12/06/2024;5,19;5,221;5,084;47318272;5,181;5,137
13/06/2024;5,172;5,199;5,093;22012377;5,137;5,119
14/06/2024;5,102;5,172;5,084;19061819;5,119;5,234
17/06/2024;5,137;5,234;5,137;25407072;5,234;5,19
18/06/2024;5,181;5,287;5,181;20037785;5,19;5,199
20/06/2024;5,26;5,296;5,163;27134670;5,199;5,26
21/06/2024;5,172;5,278;5,172;31755271;5,26;5,322
24/06/2024;5,331;5,41;5,305;25704824;5,322;5,26
25/06/2024;5,287;5,327;5,252;14416859;5,26;5,19
26/06/2024;5,137;5,19;5,11;15520287;5,19;5,207
27/06/2024;5,216;5,252;5,163;17919641;5,207;5,154
28/06/2024;5,146;5,172;5,084;27205143;5,154;5,057
1/07/2024;5,154;5,19;5,049;16401195;5,057;5,11
2/07/2024;5,031;5,11;5,022;25473012;5,11;5,296
3/07/2024;5,199;5,305;5,199;18256596;5,296;5,322
5/07/2024;5,296;5,349;5,225;23189678;5,322;5,278
8/07/2024;5,296;5,331;5,243;23790734;5,278;5,393
9/07/2024;5,296;5,406;5,282;16496027;5,393;5,472
10/07/2024;5,481;5,494;5,41;16402101;5,472;5,463
11/07/2024;5,481;5,508;5,428;15763656;5,463;5,463
12/07/2024;5,455;5,472;5,402;12591709;5,463;5,437
15/07/2024;5,446;5,463;5,402;16647396;5,437;5,499
16/07/2024;5,49;5,525;5,446;22202041;5,499;5,508
17/07/2024;5,437;5,534;5,428;13873698;5,508;5,357
18/07/2024;5,446;5,455;5,357;13293716;5,357;5,419
19/07/2024;5,49;5,516;5,41;16294126;5,419;5,437
22/07/2024;5,463;5,503;5,428;12477842;5,437;5,41
23/07/2024;5,402;5,472;5,393;12711807;5,41;5,34
24/07/2024;5,349;5,402;5,34;14640853;5,34;5,322
25/07/2024;5,322;5,38;5,296;15718222;5,322;5,349
26/07/2024;5,331;5,357;5,296;11091617;5,349;5,393
29/07/2024;5,384;5,428;5,34;17310541;5,393;5,41
30/07/2024;5,393;5,432;5,34;16549278;5,41;5,313
31/07/2024;5,357;5,393;5,296;17595263;5,313;5,137
1/08/2024;5,305;5,313;5,128;14312736;5,137;5,084
2/08/2024;5,146;5,154;5,066;22363154;5,084;5,066
5/08/2024;4,96;5,11;4,96;34409210;5,066;5,252
6/08/2024;5,19;5,322;5,172;33013581;5,252;5,313
7/08/2024;5,287;5,34;5,221;27692673;5,313;5,331
8/08/2024;5,34;5,384;5,313;21443611;5,331;5,534
9/08/2024;5,446;5,56;5,41;22695916;5,534;5,552
12/08/2024;5,578;5,605;5,543;16572504;5,552;5,781
13/08/2024;5,596;5,781;5,596;31062668;5,781;5,922
14/08/2024;5,834;5,94;5,816;34090610;5,922;5,975
15/08/2024;5,914;6,011;5,906;23855088;5,975;5,949
16/08/2024;6,055;6,064;5,922;27348921;5,949;6,064
19/08/2024;5,993;6,117;5,975;20962426;6,064;6,028
20/08/2024;6,002;6,037;5,953;21467291;6,028;6,002
21/08/2024;6,046;6,055;5,944;21066209;6,002;5,808
22/08/2024;5,79;5,847;5,755;32396436;5,808;5,914
23/08/2024;5,887;5,949;5,861;24775084;5,914;5,896
26/08/2024;5,852;5,914;5,852;14418105;5,896;5,887
27/08/2024;5,869;5,905;5,838;15265249;5,887;5,949
28/08/2024;5,816;5,975;5,808;21802432;5,949;5,816
29/08/2024;5,852;5,861;5,803;17840558;5,816;5,755
30/08/2024;5,693;5,799;5,675;22043421;5,755;5,781
3/09/2024;5,772;5,798;5,706;18196660;5,781;5,852
4/09/2024;5,861;5,949;5,843;18676259;5,852;5,949
5/09/2024;5,878;5,958;5,861;16384086;5,949;5,834
6/09/2024;5,958;5,966;5,816;17588126;5,834;5,914
9/09/2024;5,834;5,922;5,83;15991049;5,914;5,852
10/09/2024;5,861;5,878;5,802;19348014;5,852;5,843
11/09/2024;5,861;5,891;5,808;18408871;5,843;5,843
12/09/2024;5,799;5,869;5,728;19050035;5,843;5,887
13/09/2024;5,896;5,929;5,816;15954906;5,887;5,94
16/09/2024;5,94;5,966;5,899;12507527;5,94;5,931
17/09/2024;5,896;5,949;5,887;11928224;5,931;5,94
18/09/2024;5,975;6,019;5,896;17011655;5,94;5,931
19/09/2024;5,993;6,002;5,914;16044753;5,931;5,746
20/09/2024;5,896;5,909;5,733;20835530;5,746;5,728
23/09/2024;5,702;5,755;5,666;23502839;5,728;5,781
24/09/2024;5,843;5,891;5,755;20910308;5,781;5,825
25/09/2024;5,816;5,834;5,781;24250052;5,825;5,958
26/09/2024;5,914;6,002;5,914;50935148;5,958;5,984
27/09/2024;5,958;6,002;5,931;28069962;5,984;5,869
30/09/2024;5,958;6,018;5,869;39908905;5,869;5,755
1/10/2024;5,869;5,878;5,728;34185782;5,755;5,799
2/10/2024;5,896;5,905;5,781;25591071;5,799;5,631
3/10/2024;5,658;5,671;5,569;27349940;5,631;5,684
4/10/2024;5,622;5,697;5,609;19395261;5,684;5,684
7/10/2024;5,64;5,737;5,64;19905224;5,684;5,666
8/10/2024;5,622;5,702;5,622;21607556;5,666;5,499
9/10/2024;5,543;5,578;5,472;19186902;5,499;5,534
10/10/2024;5,508;5,552;5,468;38396124;5,534;5,463
11/10/2024;5,481;5,485;5,419;20189947;5,463;5,534
14/10/2024;5,463;5,56;5,455;16100383;5,534;5,49
15/10/2024;5,472;5,525;5,446;21105524;5,49;5,472
16/10/2024;5,481;5,513;5,428;31320539;5,472;5,481
17/10/2024;5,402;5,525;5,402;16940276;5,481;5,455
18/10/2024;5,516;5,525;5,446;13472390;5,455;5,437
21/10/2024;5,446;5,479;5,419;12019431;5,437;5,472
22/10/2024;5,437;5,481;5,402;17145349;5,472;5,499
23/10/2024;5,428;5,508;5,419;18042232;5,499;5,56
24/10/2024;5,499;5,587;5,472;20854565;5,56;5,463
25/10/2024;5,534;5,543;5,455;14463651;5,463;5,552
28/10/2024;5,543;5,578;5,516;22832443;5,552;5,419
29/10/2024;5,552;5,56;5,41;24097550;5,419;5,419
30/10/2024;5,393;5,437;5,384;12316050;5,419;5,34
31/10/2024;5,393;5,428;5,331;15685705;5,34;5,243
1/11/2024;5,349;5,375;5,234;26954863;5,243;5,366
4/11/2024;5,41;5,446;5,34;31949694;5,366;5,552
5/11/2024;5,499;5,64;5,463;67373845;5,552;5,613
6/11/2024;5,499;5,666;5,419;38389666;5,613;5,516
7/11/2024;5,64;5,644;5,494;25991360;5,516;5,393
8/11/2024;5,393;5,419;5,318;22378676;5,393;5,366
11/11/2024;5,349;5,419;5,331;21759605;5,366;5,322
12/11/2024;5,357;5,375;5,3;18895608;5,322;5,234
13/11/2024;5,269;5,278;5,199;24951493;5,234;5,216
14/11/2024;5,26;5,278;5,199;35871007;5,216;5,26
15/11/2024;5,234;5,322;5,234;15491962;5,26;5,26
18/11/2024;5,252;5,296;5,243;20789757;5,26;5,278
19/11/2024;5,269;5,305;5,252;16643883;5,278;5,26
20/11/2024;5,26;5,269;5,234;7484485;5,26;5,172
21/11/2024;5,19;5,225;5,159;28257360;5,172;5,163
22/11/2024;5,154;5,199;5,146;15322579;5,163;5,163
25/11/2024;5,199;5,216;5,154;20562251;5,163;5,287
26/11/2024;5,225;5,34;5,216;24127802;5,287;5,066
27/11/2024;5,26;5,269;5,031;38829270;5,066;4,731
29/11/2024;4,704;4,81;4,66;31744734;4,731;4,687
2/12/2024;4,687;4,731;4,634;35879504;4,687;4,722
3/12/2024;4,696;4,731;4,651;30408360;4,722;4,748
4/12/2024;4,748;4,801;4,722;47008850;4,748;4,881
5/12/2024;4,89;4,916;4,854;42793070;4,881;4,74
6/12/2024;4,846;4,859;4,731;32774744;4,74;4,74
9/12/2024;4,793;4,837;4,74;19067144;4,74;4,854
10/12/2024;4,784;4,881;4,784;29722669;4,854;4,907
11/12/2024;4,819;4,96;4,748;67287850;4,907;4,748
12/12/2024;4,863;4,872;4,696;45163986;4,748;4,651
13/12/2024;4,731;4,74;4,643;37485872;4,651;4,598
16/12/2024;4,634;4,678;4,563;34031581;4,598;4,616
17/12/2024;4,545;4,678;4,528;48851448;4,616;4,378
18/12/2024;4,545;4,545;4,328;58504155;4,378;4,431
19/12/2024;4,484;4,519;4,413;99944309;4,431;4,475
20/12/2024;4,537;4,563;4,458;52890933;4,475;4,387
23/12/2024;4,413;4,422;4,36;20095568;4,387;4,404
24/12/2024;4,395;4,422;4,395;7322466;4,404;4,413
26/12/2024;4,36;4,44;4,36;24407086;4,413;4,395
27/12/2024;4,36;4,435;4,36;18254103;4,395;4,413
30/12/2024;4,404;4,44;4,378;22152756;4,413;4,378
31/12/2024;4,404;4,404;4,351;8225127;4,378;4,369
2/01/2025;4,298;4,431;4,292;29507625;4,369;4,298
3/01/2025;4,36;4,378;4,289;26377146;4,298;4,475
6/01/2025;4,404;4,51;4,395;25869562;4,475;4,563
7/01/2025;4,572;4,643;4,537;27144414;4,563;4,501
8/01/2025;4,475;4,501;4,44;30327011;4,501;4,448
10/01/2025;4,457;4,484;4,422;36432295;4,448;4,492
13/01/2025;4,44;4,519;4,435;18597968;4,492;4,501
14/01/2025;4,448;4,519;4,432;21008766;4,501;4,731
15/01/2025;4,634;4,74;4,607;43961306;4,731;4,687
16/01/2025;4,722;4,74;4,634;18321630;4,687;4,696
17/01/2025;4,704;4,766;4,687;23573085;4,696;4,775
21/01/2025;4,766;4,801;4,748;19223045;4,775;4,828
22/01/2025;4,837;4,872;4,819;17541559;4,828;4,819
23/01/2025;4,837;4,881;4,793;33917035;4,819;4,828
24/01/2025;4,837;4,872;4,801;14527779;4,828;4,96
27/01/2025;4,854;4,987;4,828;40750045;4,96;5,022
28/01/2025;4,934;5,04;4,934;35293403;5,022;4,996
29/01/2025;5,022;5,04;4,978;20960273;4,996;5,119
30/01/2025;5,031;5,146;5,013;46396123;5,119;5,119
31/01/2025;5,163;5,177;5,102;26982962;5,119;5,084
3/02/2025;5,004;5,119;4,987;22989476;5,084;5,163
4/02/2025;5,102;5,19;5,058;36326246;5,163;5,234
5/02/2025;5,128;5,26;5,124;44423117;5,234;5,26
6/02/2025;5,181;5,26;5,155;29798240;5,26;5,163
7/02/2025;5,225;5,278;5,124;58802473;5,163;5,234
10/02/2025;5,207;5,26;5,199;28869407;5,234;5,331
11/02/2025;5,313;5,34;5,26;30795393;5,331;5,172
12/02/2025;5,252;5,26;5,119;38573212;5,172;5,19
13/02/2025;5,102;5,19;5,102;21649704;5,19;5,375
14/02/2025;5,269;5,397;5,269;26270191;5,375;5,331
18/02/2025;5,322;5,393;5,322;30020421;5,331;5,084
19/02/2025;5,075;5,119;5,066;26120635;5,084;5,084
20/02/2025;5,084;5,102;5,057;21872792;5,084;5,057
21/02/2025;5,057;5,075;5,022;28115168;5,057;4,987
24/02/2025;5,057;5,084;4,96;26344969;4,987;5,04
25/02/2025;5,04;5,093;5,022;31978132;5,04;4,978
26/02/2025;5,013;5,04;4,969;22632921;4,978;4,978
27/02/2025;5,004;5,022;4,969;13675763;4,978;4,846
28/02/2025;4,907;4,943;4,801;29508192;4,846;4,863
3/03/2025;4,899;4,996;4,846;13518729;4,863;4,828
4/03/2025;4,828;4,881;4,731;24444928;4,828;4,978
5/03/2025;4,899;4,996;4,89;28236626;4,978;5,004
6/03/2025;4,978;5,04;4,951;24852582;5,004;5,013
7/03/2025;4,987;5,04;4,969;20735146;5,013;4,969
10/03/2025;4,925;5,004;4,925;38758231;4,969;4,987
11/03/2025;4,951;4,987;4,907;35227689;4,987;4,987
12/03/2025;4,951;4,996;4,916;27842569;4,987;5,049
13/03/2025;4,969;5,084;4,969;37359315;5,049;5,287
14/03/2025;5,172;5,331;5,15;37580817;5,287;5,525
17/03/2025;5,34;5,543;5,335;42925065;5,525;5,543
18/03/2025;5,525;5,605;5,49;40648641;5,543;5,563
19/03/2025;5,573;5,631;5,524;12795072;5,563;5,495
20/03/2025;5,583;5,583;5,447;23804124;5,495;5,495
21/03/2025;5,451;5,505;5,427;17489194;5,495;5,427
24/03/2025;5,417;5,485;5,398;15166853;5,427;5,515
25/03/2025;5,505;5,631;5,505;14987324;5,515;5,456
26/03/2025;5,505;5,524;5,427;16601746;5,456;5,437
27/03/2025;5,417;5,456;5,393;19053146;5,437;5,359
28/03/2025;5,388;5,437;5,301;14211631;5,359;5,34
31/03/2025;5,272;5,369;5,272;12866966;5,34;5,359
1/04/2025;5,33;5,408;5,32;14804808;5,359;5,369
2/04/2025;5,388;5,403;5,311;10948797;5,369;5,524
3/04/2025;5,466;5,602;5,466;39863060;5,524;5,175
4/04/2025;5,32;5,34;5,155;25863300;5,175;5,146
7/04/2025;5,068;5,272;5,024;41270246;5,146;5,087
8/04/2025;5,223;5,262;5,024;52701495;5,087;5,35
9/04/2025;4,971;5,359;4,971;51260525;5,35;5,214
10/04/2025;5,233;5,311;5,087;41166319;5,214;5,311
11/04/2025;5,204;5,35;5,189;33551941;5,311;5,398
14/04/2025;5,379;5,417;5,311;25962489;5,398;5,427
15/04/2025;5,408;5,447;5,369;24529656;5,427;5,427
16/04/2025;5,408;5,476;5,379;22391170;5,427;5,495
17/04/2025;5,369;5,515;5,369;21868445;5,495;5,524
21/04/2025;5,515;5,544;5,456;14064959;5,524;5,68
22/04/2025;5,534;5,718;5,534;26531358;5,68;5,806
23/04/2025;5,767;5,845;5,762;35354132;5,806;5,961
24/04/2025;5,913;5,971;5,839;32650176;5,961;5,961
25/04/2025;5,942;5,981;5,908;21951875;5,961;6,029
28/04/2025;5,971;6,049;5,951;22932023;6,029;6,126
29/04/2025;6,039;6,136;6,019;37440500;6,126;6,126
30/04/2025;6,078;6,136;6,039;25678003;6,126;6,107
1/05/2025;6,112;6,121;6,034;19323315;6,107;6,019
2/05/2025;6,165;6,184;5,976;17516180;6,019;5,971
5/05/2025;6,087;6,087;5,951;20567040;5,971;5,932
6/05/2025;5,893;5,951;5,874;22655056;5,932;5,922
7/05/2025;5,922;5,966;5,893;17682216;5,922;6,039
8/05/2025;6,068;6,165;6,039;26396840;6,039;6,417
9/05/2025;6,214;6,427;6,214;66149175;6,417;6,262
12/05/2025;6,33;6,359;6,204;52014279;6,262;6,427
13/05/2025;6,34;6,447;6,301;27986027;6,427;6,447
14/05/2025;6,437;6,466;6,403;25967433;6,447;6,447
15/05/2025;6,476;6,505;6,379;59180916;6,447;6,524
16/05/2025;6,417;6,534;6,379;42152132;6,524;6,612
19/05/2025;6,534;6,65;6,524;38146153;6,612;6,563
20/05/2025;6,583;6,602;6,476;31704018;6,563;6,456
21/05/2025;6,534;6,544;6,398;29816028;6,456;6,417
22/05/2025;6,437;6,544;6,393;56712521;6,417;6,456
23/05/2025;6,233;6,485;6,204;39590522;6,456;6,534
27/05/2025;6,544;6,641;6,505;41274366;6,534;6,447
28/05/2025;6,476;6,524;6,427;49839228;6,447;6,437
29/05/2025;6,485;6,495;6,41;38385834;6,437;6,398
30/05/2025;6,388;6,427;6,311;38312807;6,398;6,35
2/06/2025;6,417;6,427;6,32;27429724;6,35;6,398
3/06/2025;6,35;6,408;6,311;28526571;6,398;6,34
4/06/2025;6,427;6,447;6,33;29429160;6,34;6,33
5/06/2025;6,398;6,417;6,33;26135117;6,33;6,369
6/06/2025;6,359;6,398;6,316;24594752;6,369;6,369
9/06/2025;6,33;6,398;6,243;27520570;6,369;6,35
10/06/2025;6,388;6,451;6,33;20780868;6,35;6,388
11/06/2025;6,291;6,437;6,252;36159077;6,388;6,417
12/06/2025;6,388;6,466;6,383;27756852;6,417;6,369
13/06/2025;6,291;6,379;6,272;29168570;6,369;6,544
16/06/2025;6,476;6,573;6,471;21041458;6,544;6,544
17/06/2025;6,524;6,583;6,524;15391702;6,544;6,485
18/06/2025;6,553;6,573;6,485;26765168;6,485;6,437
20/06/2025;6,495;6,515;6,417;18076294;6,437;6,456
23/06/2025;6,408;6,466;6,359;18913890;6,456;6,592
24/06/2025;6,485;6,65;6,485;32953305;6,592;6,398
25/06/2025;6,515;6,515;6,379;35039879;6,398;6,408
26/06/2025;6,447;6,462;6,393;40830127;6,408;6,427
27/06/2025;6,403;6,456;6,388;23519535;6,427;6,592
30/06/2025;6,388;6,621;6,388;47892631;6,592;6,592
1/07/2025;6,602;6,66;6,563;19790729;6,592;6,612
2/07/2025;6,544;6,641;6,51;25958884;6,612;6,718
3/07/2025;6,641;6,748;6,636;17431823;6,718;6,641
7/07/2025;6,699;6,718;6,592;22437829;6,641;6,612
8/07/2025;6,612;6,641;6,553;22037777;6,612;6,456
9/07/2025;6,612;6,612;6,427;21482710;6,456;6,184
10/07/2025;6,257;6,267;6,165;53999089;6,184;6,117
11/07/2025;6,107;6,155;6,068;42011537;6,117;6,087
14/07/2025;6,107;6,136;6,058;24755947;6,087;6,107
15/07/2025;6,117;6,15;6,049;26335555;6,107;6,146
16/07/2025;6,136;6,175;6,097;41243157;6,146;6,262
17/07/2025;6,155;6,282;6,146;34158199;6,262;6,117
18/07/2025;6,233;6,277;6,097;30225968;6,117;6,204
21/07/2025;6,146;6,233;6,126;21927876;6,204;6,126
22/07/2025;6,214;6,243;6,107;28687663;6,126;6,262
23/07/2025;6,126;6,272;6,117;34811322;6,262;6,165
24/07/2025;6,204;6,204;6,126;19197758;6,165;6,184
25/07/2025;6,214;6,233;6,165;27838840;6,184;6
28/07/2025;6,107;6,107;5,932;27539419;6;6,068
29/07/2025;6;6,097;5,995;26274167;6,068;6,097
30/07/2025;6,01;6,165;5,942;34305592;6,097;6,087
31/07/2025;6,019;6,136;6;19048511;6,087;6,107
1/08/2025;6,233;6,272;6,087;25840022;6,107;6,243
4/08/2025;6,243;6,272;6,184;34915455;6,243;6,291
5/08/2025;6,233;6,35;6,214;45212674;6,291;6,456
6/08/2025;6,485;6,621;6,403;37056413;6,456;6,631
7/08/2025;6,476;6,641;6,451;36170716;6,631;6,66
8/08/2025;6,65;6,67;6,587;28884084;6,66;6,66
11/08/2025;6,612;6,68;6,583;26910810;6,66;6,893
12/08/2025;6,709;6,917;6,709;52323794;6,893;6,806
13/08/2025;6,825;6,883;6,786;26041078;6,806;6,767
14/08/2025;6,748;6,854;6,709;30037272;6,767;6,767
15/08/2025;6,786;6,835;6,718;27858616;6,767;6,767
18/08/2025;6,796;6,845;6,748;20772422;6,767;6,456
19/08/2025;6,524;6,582;6,427;37425050;6,456;6,437
20/08/2025;6,408;6,495;6,408;28858849;6,437;6,447
21/08/2025;6,427;6,476;6,388;20414291;6,447;6,68
22/08/2025;6,524;6,709;6,495;35120013;6,68;6,67
25/08/2025;6,699;6,738;6,66;24858432;6,67;6,602
26/08/2025;6,66;6,675;6,553;31781268;6,602;6,757
27/08/2025;6,573;6,767;6,547;39578059;6,757;6,903
28/08/2025;6,816;6,971;6,772;30784949;6,903;6,932
29/08/2025;6,893;6,951;6,874;20059559;6,932;6,806
2/09/2025;6,777;6,864;6,738;34437535;6,806;6,738
3/09/2025;6,816;6,851;6,699;24819498;6,738;6,786
4/09/2025;6,738;6,835;6,68;33227491;6,786;6,893
5/09/2025;6,961;7,019;6,864;23365756;6,893;6,845
8/09/2025;6,874;6,874;6,757;23023487;6,845;6,786
9/09/2025;6,796;6,864;6,767;17360341;6,786;6,835
10/09/2025;6,816;6,893;6,806;25366428;6,835;6,874
11/09/2025;6,854;7;6,835;34092897;6,874;6,767
12/09/2025;6,777;6,835;6,757;29587986;6,767;6,932
15/09/2025;6,845;7;6,825;30932857;6,932;6,932
16/09/2025;7;7,019;6,903;36648945;6,932;7,058
17/09/2025;6,981;7,144;6,961;31227540;7,058;7,019
18/09/2025;7,058;7,063;6,985;25008297;7,019;7,117
19/09/2025;7,039;7,165;7,029;39105186;7,117;7,029
22/09/2025;7,039;7,087;6,942;28107670;7,029;7,194
23/09/2025;7,078;7,223;7,058;22669270;7,194;7,078
24/09/2025;7,107;7,136;7,068;32691376;7,078;6,99
25/09/2025;7,039;7,107;6,971;36256824;6,99;7,029
26/09/2025;7,058;7,058;6,99;25272904;7,029;7,117
29/09/2025;7,146;7,199;7,097;26564112;7,117;7,126
30/09/2025;7,184;7,204;7,049;53526731;7,126;6,981
1/10/2025;7,184;7,233;6,971;33785339;6,981;6,913
2/10/2025;7,01;7,058;6,854;31426639;6,913;6,961
3/10/2025;6,903;6,961;6,835;28587547;6,961;6,922
6/10/2025;6,971;6,981;6,893;26420942;6,922;6,738
7/10/2025;6,796;6,825;6,704;29124795;6,738;6,757
8/10/2025;6,825;6,825;6,73;24403584;6,757;6,728
9/10/2025;6,777;6,806;6,702;32990694;6,728;6,563
10/10/2025;6,738;6,748;6,544;43173274;6,563;6,67
13/10/2025;6,68;6,709;6,631;21056084;6,67;6,66
14/10/2025;6,612;6,718;6,592;27623673;6,66;6,67
15/10/2025;6,65;6,748;6,646;26013989;6,67;6,66
16/10/2025;6,67;6,786;6,631;28538313;6,66;6,728
17/10/2025;6,631;6,757;6,626;22915234;6,728;6,913
20/10/2025;6,835;6,951;6,816;27493378;6,913;6,825
21/10/2025;6,845;6,913;6,816;20444367;6,825;6,864
22/10/2025;6,825;6,88;6,8;26293634;6,864;6,893
23/10/2025;6,922;6,932;6,835;17965981;6,893;6,864
24/10/2025;6,932;6,971;6,854;17863599;6,864;6,932
27/10/2025;6,961;7;6,913;21810353;6,932;6,961
28/10/2025;6,922;6,981;6,904;16458576;6,961;7,136
29/10/2025;7,039;7,175;7,039;27647775;7,136;7,117
30/10/2025;7,087;7,175;7,078;23675580;7,117;7,146
31/10/2025;7,146;7,18;7,117;18426082;7,146;7,252
3/11/2025;7,223;7,301;7,214;15600071;7,252;7,165
4/11/2025;7,214;7,252;7,165;20513274;7,165;7,262
5/11/2025;7,155;7,291;7,097;27090854;7,262;7,272
6/11/2025;7,35;7,437;7,252;25135193;7,272;7,35
7/11/2025;7,223;7,359;7,214;21486418;7,35;7,408
10/11/2025;7,388;7,437;7,369;14261998;7,408;7,602
11/11/2025;7,553;7,631;7,529;23294377;7,602;7,417
12/11/2025;7,573;7,573;7,369;30930179;7,417;7,369
13/11/2025;7,515;7,544;7,35;22966528;7,369;7,417
14/11/2025;7,427;7,485;7,369;12517796;7,417;7,34
17/11/2025;7,427;7,447;7,316;13990799;7,34;7,301
18/11/2025;7,301;7,369;7,257;17657599;7,301;7,243
19/11/2025;7,243;7,335;7,223;19668674;7,243;7,136
20/11/2025;7,282;7,33;7,131;20125273;7,136;7,165
21/11/2025;7,126;7,199;7,107;20344972;7,165;7,165
24/11/2025;7,223;7,248;7,155;14007073;7,165;7,204
25/11/2025;7,184;7,233;7,155;19351846;7,204;7,437
26/11/2025;7,311;7,447;7,296;26459773;7,437;7,573
28/11/2025;7,602;7,631;7,544;17479100;7,573;7,466
1/12/2025;7,563;7,573;7,447;25140446;7,466;7,66
2/12/2025;7,583;7,67;7,505;37401772;7,66;7,689
3/12/2025;7,68;7,714;7,631;22471304;7,689;7,835
4/12/2025;7,816;7,893;7,806;29944881;7,835;7,33
5/12/2025;7,816;7,874;7,291;59821576;7,33;7,35
8/12/2025;7,466;7,495;7,32;22876403;7,35;7,379
9/12/2025;7,214;7,379;7,184;21112425;7,379;7,291
10/12/2025;7,282;7,379;7,255;16073459;7,291;7,058
11/12/2025;7,029;7,126;7,015;18019232;7,058;7,107
12/12/2025;7,175;7,184;7,029;16176150;7,107;7,233
15/12/2025;7,204;7,291;7,165;18116876;7,233;6,981
16/12/2025;7,097;7,121;6,971;21707971;6,981;6,835
17/12/2025;6,845;6,932;6,816;30389841;6,835;6,903
18/12/2025;6,845;6,932;6,816;15761678;6,903;6,913
19/12/2025;7,019;7,058;6,893;18409911;6,913;6,903
22/12/2025;6,913;6,922;6,85;16814544;6,903;7,058
23/12/2025;6,951;7,087;6,932;11358428;7,058;7,068
24/12/2025;7,068;7,092;7,058;4231652;7,068;7,097
26/12/2025;7,039;7,112;7;7077233;7,097;7,02
29/12/2025;7,01;7,05;6,97;9105400;7,02;7,2
30/12/2025;7,2;7,24;7,16;12728300;7,2;7,16
31/12/2025;7,22;7,225;7,15;4320100;7,16;7,23
2/01/2026;7,28;7,31;7,23;8485700;7,23;7,37
5/01/2026;7,23;7,45;7,21;24901300;7,37;7,45
6/01/2026;7,49;7,51;7,43;24279900;7,45;7,3
7/01/2026;7,34;7,348;7,265;16684400;7,3;7,41
8/01/2026;7,36;7,46;7,34;23564300;7,41;7,47
9/01/2026;7,45;7,495;7,42;17491900;7,47;7,39
12/01/2026;7,39;7,45;7,35;13719900;7,39;7,3
13/01/2026;7,39;7,39;7,29;17623200;7,3;7,36
14/01/2026;7,34;7,37;7,3;19725000;7,36;7,44
15/01/2026;7,38;7,516;7,37;21679900;7,44;7,38
16/01/2026;7,35;7,41;7,325;10231700;7,38;7,45
20/01/2026;7,28;7,5;7,275;24422600;7,45;7,86
21/01/2026;7,63;7,87;7,63;25929700;7,86;8,21
22/01/2026;7,98;8,23;7,94;40713900;8,21;8,29
23/01/2026;8,16;8,306;8,12;32606900;8,29;8,39
26/01/2026;8,27;8,405;8,26;17770900;8,39;8,78
27/01/2026;8,68;8,86;8,65;35707400;8,78;8,88
28/01/2026;8,87;8,95;8,81;67236400;8,88;8,93
29/01/2026;9,02;9,105;8,73;35563400;8,93;8,59
30/01/2026;8,845;8,9;8,53;41981100;8,59;8,7
2/02/2026;8,66;8,75;8,61;16936800;8,7;8,79
3/02/2026;8,94;8,99;8,745;30776800;8,79;8,49
4/02/2026;8,65;8,67;8,37;39701100;8,49;8,68
5/02/2026;8,59;8,77;8,565;35801700;8,68;8,99
6/02/2026;8,77;9,015;8,745;29313000;8,99;9,32
9/02/2026;9,05;9,34;9,045;26413100;9,32;9,3
10/02/2026;9,37;9,44;9,26;25947200;9,3;9,57
11/02/2026;9,52;9,6;9,415;38063700;9,57;9,28
12/02/2026;9,48;9,5;9,185;30247100;9,28;9,16
13/02/2026;9,05;9,16;8,87;24309800;9,16;9,17
17/02/2026;9,22;9,22;9,03;23494200;9,17;9,17
18/02/2026;9,22;9,305;9,07;25359700;9,17;9,27
19/02/2026;9,19;9,405;9,18;27652800;9,27;9,51
20/02/2026;9,31;9,52;9,26;21995900;9,51;9,17
23/02/2026;9,41;9,47;9,13;26030200;9,17;9,33
24/02/2026;9,17;9,35;9,105;29787300;9,33;9,26
25/02/2026;9,33;9,355;9,15;28581000;9,26;9,26
26/02/2026;9,26;9,29;9,12;20238300;9,26;9,05
27/02/2026;9,12;9,185;8,995;14299700;9,05;8,86
2/03/2026;8,84;8,945;8,795;38856200;8,86;8,4
3/03/2026;8,35;8,515;8,12;40625200;8,4;8,61
4/03/2026;8,56;8,67;8,53;34517300;8,61;8,26
5/03/2026;8,4;8,43;8,19;26476800;8,26;8,14
6/03/2026;8,07;8,21;8,045;26417800;8,14;8,29
9/03/2026;8,13;8,348;8,07;40223100;8,29;
